2026-03-24 01:17:11.359 +06:00 [INF] HTTP OPTIONS /api/Courses/4a04c797-2999-4459-960e-e5d8d5493d9e responded 204 in 19.4909 ms
2026-03-24 01:17:11.359 +06:00 [INF] HTTP OPTIONS /api/Notifications responded 204 in 19.4910 ms
2026-03-24 01:17:12.198 +06:00 [INF] HTTP OPTIONS /api/courses/4a04c797-2999-4459-960e-e5d8d5493d9e/presentations responded 204 in 0.0931 ms
2026-03-24 01:17:12.203 +06:00 [INF] HTTP OPTIONS /api/Courses/4a04c797-2999-4459-960e-e5d8d5493d9e/join-requests responded 204 in 0.0284 ms
2026-03-24 01:17:12.202 +06:00 [INF] HTTP OPTIONS /api/Courses/4a04c797-2999-4459-960e-e5d8d5493d9e/members responded 204 in 0.0644 ms
2026-03-24 01:17:12.202 +06:00 [INF] HTTP OPTIONS /api/Courses/4a04c797-2999-4459-960e-e5d8d5493d9e/members responded 204 in 0.0244 ms
2026-03-24 01:17:12.199 +06:00 [INF] HTTP OPTIONS /api/Attendance/courses/4a04c797-2999-4459-960e-e5d8d5493d9e/sessions responded 204 in 0.0266 ms
2026-03-24 01:17:12.355 +06:00 [INF] HTTP GET /api/Attendance/courses/4a04c797-2999-4459-960e-e5d8d5493d9e/sessions responded 401 in 98.7598 ms
2026-03-24 01:17:12.355 +06:00 [INF] HTTP GET /api/Courses/4a04c797-2999-4459-960e-e5d8d5493d9e/members responded 401 in 115.0295 ms
2026-03-24 01:17:12.355 +06:00 [INF] HTTP GET /api/Courses/4a04c797-2999-4459-960e-e5d8d5493d9e/join-requests responded 401 in 130.7530 ms
2026-03-24 01:17:12.355 +06:00 [INF] HTTP GET /api/courses/4a04c797-2999-4459-960e-e5d8d5493d9e/presentations responded 401 in 128.6788 ms
2026-03-24 01:17:12.456 +06:00 [INF] HTTP GET /api/Courses/4a04c797-2999-4459-960e-e5d8d5493d9e/members responded 401 in 2.6691 ms
2026-03-24 01:17:12.531 +06:00 [INF] HTTP OPTIONS /api/auth/refresh responded 204 in 0.3426 ms
2026-03-24 01:17:14.240 +06:00 [INF] HTTP POST /api/auth/refresh responded 200 in 1535.7147 ms
2026-03-24 01:17:14.568 +06:00 [INF] HTTP GET /api/Attendance/courses/4a04c797-2999-4459-960e-e5d8d5493d9e/sessions responded 200 in 230.1157 ms
2026-03-24 01:17:15.142 +06:00 [INF] HTTP GET /api/courses/4a04c797-2999-4459-960e-e5d8d5493d9e/presentations responded 200 in 784.6722 ms
2026-03-24 01:17:15.213 +06:00 [INF] HTTP GET /api/Courses/4a04c797-2999-4459-960e-e5d8d5493d9e/join-requests responded 200 in 873.6971 ms
2026-03-24 01:17:15.319 +06:00 [INF] HTTP GET /api/Courses/4a04c797-2999-4459-960e-e5d8d5493d9e/members responded 200 in 962.9054 ms
2026-03-24 01:17:15.612 +06:00 [INF] HTTP GET /api/Courses/4a04c797-2999-4459-960e-e5d8d5493d9e/members responded 200 in 259.2627 ms
2026-03-24 01:17:16.870 +06:00 [INF] HTTP OPTIONS /api/courses/4a04c797-2999-4459-960e-e5d8d5493d9e/grading-formula responded 204 in 0.0555 ms
2026-03-24 01:17:16.870 +06:00 [INF] HTTP OPTIONS /api/courses/4a04c797-2999-4459-960e-e5d8d5493d9e/marks responded 204 in 0.0229 ms
2026-03-24 01:17:17.145 +06:00 [INF] HTTP GET /api/courses/4a04c797-2999-4459-960e-e5d8d5493d9e/grading-formula responded 200 in 260.8223 ms
2026-03-24 01:17:17.183 +06:00 [INF] HTTP GET /api/courses/4a04c797-2999-4459-960e-e5d8d5493d9e/marks responded 200 in 298.4874 ms
2026-03-24 01:20:37.699 +06:00 [INF] HTTP OPTIONS /api/Courses/4a04c797-2999-4459-960e-e5d8d5493d9e responded 204 in 5.7539 ms
2026-03-24 01:20:37.699 +06:00 [INF] HTTP OPTIONS /api/Notifications responded 204 in 5.7496 ms
2026-03-24 01:20:38.029 +06:00 [INF] HTTP GET /api/Notifications responded 200 in 296.5743 ms
2026-03-24 01:20:38.111 +06:00 [INF] HTTP GET /api/Courses/4a04c797-2999-4459-960e-e5d8d5493d9e responded 200 in 378.6583 ms
2026-03-24 01:20:38.490 +06:00 [INF] HTTP OPTIONS /api/courses/4a04c797-2999-4459-960e-e5d8d5493d9e/presentations responded 204 in 0.0602 ms
2026-03-24 01:20:38.490 +06:00 [INF] HTTP OPTIONS /api/Attendance/courses/4a04c797-2999-4459-960e-e5d8d5493d9e/sessions responded 204 in 0.0407 ms
2026-03-24 01:20:38.492 +06:00 [INF] HTTP OPTIONS /api/Courses/4a04c797-2999-4459-960e-e5d8d5493d9e/members responded 204 in 0.1042 ms
2026-03-24 01:20:38.495 +06:00 [INF] HTTP OPTIONS /api/Courses/4a04c797-2999-4459-960e-e5d8d5493d9e/join-requests responded 204 in 0.0426 ms
2026-03-24 01:20:38.495 +06:00 [INF] HTTP OPTIONS /api/Courses/4a04c797-2999-4459-960e-e5d8d5493d9e/members responded 204 in 0.5251 ms
2026-03-24 01:20:38.559 +06:00 [INF] HTTP GET /api/Attendance/courses/4a04c797-2999-4459-960e-e5d8d5493d9e/sessions responded 200 in 35.9308 ms
2026-03-24 01:20:38.880 +06:00 [INF] HTTP GET /api/Courses/4a04c797-2999-4459-960e-e5d8d5493d9e/join-requests responded 200 in 318.1816 ms
2026-03-24 01:20:39.092 +06:00 [INF] HTTP GET /api/Courses/4a04c797-2999-4459-960e-e5d8d5493d9e/members responded 200 in 560.0007 ms
2026-03-24 01:20:39.153 +06:00 [INF] HTTP GET /api/courses/4a04c797-2999-4459-960e-e5d8d5493d9e/presentations responded 200 in 641.2878 ms
2026-03-24 01:20:39.352 +06:00 [INF] HTTP GET /api/Courses/4a04c797-2999-4459-960e-e5d8d5493d9e/members responded 200 in 256.1403 ms
2026-03-24 01:20:43.759 +06:00 [INF] HTTP OPTIONS /api/ct/courses/4a04c797-2999-4459-960e-e5d8d5493d9e/events responded 204 in 0.0959 ms
2026-03-24 01:20:44.015 +06:00 [INF] HTTP GET /api/ct/courses/4a04c797-2999-4459-960e-e5d8d5493d9e/events responded 200 in 248.6744 ms
2026-03-24 01:21:00.397 +06:00 [INF] HTTP OPTIONS /api/Assignments/courses/4a04c797-2999-4459-960e-e5d8d5493d9e/assignments responded 204 in 3.3723 ms
2026-03-24 01:21:00.871 +06:00 [INF] HTTP GET /api/Assignments/courses/4a04c797-2999-4459-960e-e5d8d5493d9e/assignments responded 200 in 436.6152 ms
2026-03-24 01:21:08.782 +06:00 [INF] HTTP OPTIONS /api/Notifications responded 204 in 0.1295 ms
2026-03-24 01:21:08.888 +06:00 [INF] HTTP GET /api/Notifications responded 200 in 96.2020 ms
2026-03-24 01:21:14.684 +06:00 [INF] HTTP OPTIONS /api/Materials/courses/4a04c797-2999-4459-960e-e5d8d5493d9e/materials responded 204 in 0.0728 ms
2026-03-24 01:21:14.780 +06:00 [INF] HTTP GET /api/Materials/courses/4a04c797-2999-4459-960e-e5d8d5493d9e/materials responded 200 in 78.9351 ms
2026-03-24 01:25:00.112 +06:00 [INF] HTTP OPTIONS /api/Courses/4a04c797-2999-4459-960e-e5d8d5493d9e responded 204 in 7.0336 ms
2026-03-24 01:25:00.111 +06:00 [INF] HTTP OPTIONS /api/Notifications responded 204 in 7.0356 ms
2026-03-24 01:25:00.300 +06:00 [INF] HTTP GET /api/Notifications responded 200 in 156.4735 ms
2026-03-24 01:25:00.450 +06:00 [INF] HTTP GET /api/Courses/4a04c797-2999-4459-960e-e5d8d5493d9e responded 200 in 305.6080 ms
2026-03-24 01:25:01.103 +06:00 [INF] HTTP OPTIONS /api/courses/4a04c797-2999-4459-960e-e5d8d5493d9e/presentations responded 204 in 0.0486 ms
2026-03-24 01:25:01.106 +06:00 [INF] HTTP OPTIONS /api/Attendance/courses/4a04c797-2999-4459-960e-e5d8d5493d9e/sessions responded 204 in 0.0446 ms
2026-03-24 01:25:01.109 +06:00 [INF] HTTP OPTIONS /api/Courses/4a04c797-2999-4459-960e-e5d8d5493d9e/members responded 204 in 0.0305 ms
2026-03-24 01:25:01.110 +06:00 [INF] HTTP OPTIONS /api/Courses/4a04c797-2999-4459-960e-e5d8d5493d9e/members responded 204 in 0.0221 ms
2026-03-24 01:25:01.111 +06:00 [INF] HTTP OPTIONS /api/Courses/4a04c797-2999-4459-960e-e5d8d5493d9e/join-requests responded 204 in 0.0296 ms
2026-03-24 01:25:01.231 +06:00 [INF] HTTP GET /api/Attendance/courses/4a04c797-2999-4459-960e-e5d8d5493d9e/sessions responded 200 in 90.7863 ms
2026-03-24 01:25:01.413 +06:00 [INF] HTTP GET /api/Courses/4a04c797-2999-4459-960e-e5d8d5493d9e/join-requests responded 200 in 161.7007 ms
2026-03-24 01:25:01.436 +06:00 [INF] HTTP GET /api/courses/4a04c797-2999-4459-960e-e5d8d5493d9e/presentations responded 200 in 304.4946 ms
2026-03-24 01:25:01.499 +06:00 [INF] HTTP GET /api/Courses/4a04c797-2999-4459-960e-e5d8d5493d9e/members responded 200 in 360.4678 ms
2026-03-24 01:25:01.600 +06:00 [INF] HTTP GET /api/Courses/4a04c797-2999-4459-960e-e5d8d5493d9e/members responded 200 in 95.9802 ms
2026-03-24 02:05:46.430 +06:00 [INF] HTTP OPTIONS /api/Courses/4a04c797-2999-4459-960e-e5d8d5493d9e responded 204 in 0.2283 ms
2026-03-24 02:05:46.430 +06:00 [INF] HTTP OPTIONS /api/Notifications responded 204 in 0.2307 ms
2026-03-24 02:05:46.479 +06:00 [INF] HTTP GET /api/Notifications responded 200 in 40.5514 ms
2026-03-24 02:05:46.567 +06:00 [INF] HTTP GET /api/Courses/4a04c797-2999-4459-960e-e5d8d5493d9e responded 200 in 129.3136 ms
2026-03-24 02:05:46.747 +06:00 [INF] HTTP OPTIONS /api/courses/4a04c797-2999-4459-960e-e5d8d5493d9e/presentations responded 204 in 0.0305 ms
2026-03-24 02:05:46.747 +06:00 [INF] HTTP OPTIONS /api/Attendance/courses/4a04c797-2999-4459-960e-e5d8d5493d9e/sessions responded 204 in 0.0223 ms
2026-03-24 02:05:46.749 +06:00 [INF] HTTP OPTIONS /api/Courses/4a04c797-2999-4459-960e-e5d8d5493d9e/members responded 204 in 0.0332 ms
2026-03-24 02:05:46.750 +06:00 [INF] HTTP OPTIONS /api/Courses/4a04c797-2999-4459-960e-e5d8d5493d9e/join-requests responded 204 in 0.0100 ms
2026-03-24 02:05:46.750 +06:00 [INF] HTTP OPTIONS /api/Courses/4a04c797-2999-4459-960e-e5d8d5493d9e/members responded 204 in 0.0319 ms
2026-03-24 02:05:46.794 +06:00 [INF] HTTP GET /api/Attendance/courses/4a04c797-2999-4459-960e-e5d8d5493d9e/sessions responded 200 in 39.2600 ms
2026-03-24 02:05:46.801 +06:00 [INF] HTTP GET /api/courses/4a04c797-2999-4459-960e-e5d8d5493d9e/presentations responded 200 in 46.7761 ms
2026-03-24 02:05:46.816 +06:00 [INF] HTTP GET /api/Courses/4a04c797-2999-4459-960e-e5d8d5493d9e/join-requests responded 200 in 50.3746 ms
2026-03-24 02:05:46.824 +06:00 [INF] HTTP GET /api/Courses/4a04c797-2999-4459-960e-e5d8d5493d9e/members responded 200 in 67.5355 ms
2026-03-24 02:05:46.857 +06:00 [INF] HTTP GET /api/Courses/4a04c797-2999-4459-960e-e5d8d5493d9e/members responded 200 in 31.6039 ms
2026-03-24 02:06:14.899 +06:00 [INF] HTTP OPTIONS /api/courses/4a04c797-2999-4459-960e-e5d8d5493d9e/grading-formula responded 204 in 0.0826 ms
2026-03-24 02:06:14.900 +06:00 [INF] HTTP OPTIONS /api/courses/4a04c797-2999-4459-960e-e5d8d5493d9e/marks responded 204 in 0.0681 ms
2026-03-24 02:06:14.923 +06:00 [INF] HTTP GET /api/courses/4a04c797-2999-4459-960e-e5d8d5493d9e/grading-formula responded 200 in 15.7395 ms
2026-03-24 02:06:14.990 +06:00 [INF] HTTP GET /api/courses/4a04c797-2999-4459-960e-e5d8d5493d9e/marks responded 200 in 77.2197 ms
2026-03-24 02:06:17.012 +06:00 [INF] HTTP OPTIONS /api/Notifications responded 204 in 0.0824 ms
2026-03-24 02:06:17.021 +06:00 [INF] HTTP GET /api/Notifications responded 200 in 4.4368 ms
2026-03-24 02:06:40.628 +06:00 [INF] HTTP OPTIONS /api/profile/cb1e1fdb-d34e-4816-8908-436bc28ffdf2 responded 204 in 2.6755 ms
2026-03-24 02:06:41.382 +06:00 [INF] HTTP GET /api/profile/cb1e1fdb-d34e-4816-8908-436bc28ffdf2 responded 200 in 693.4159 ms
2026-03-24 02:06:47.778 +06:00 [INF] HTTP OPTIONS /api/Notifications responded 204 in 0.0755 ms
2026-03-24 02:06:47.903 +06:00 [INF] HTTP GET /api/Notifications responded 200 in 78.7340 ms
2026-03-24 02:07:19.244 +06:00 [INF] HTTP OPTIONS /api/Notifications responded 204 in 8.9242 ms
2026-03-24 02:07:19.668 +06:00 [INF] HTTP GET /api/Notifications responded 200 in 375.2401 ms
2026-03-24 02:12:44.020 +06:00 [INF] HTTP OPTIONS /api/Courses/4a04c797-2999-4459-960e-e5d8d5493d9e/join-requests responded 204 in 3.7537 ms
2026-03-24 02:12:44.020 +06:00 [INF] HTTP OPTIONS /api/profile/cb1e1fdb-d34e-4816-8908-436bc28ffdf2 responded 204 in 3.7560 ms
2026-03-24 02:12:44.020 +06:00 [INF] HTTP OPTIONS /api/Courses/4a04c797-2999-4459-960e-e5d8d5493d9e/members responded 204 in 3.7624 ms
2026-03-24 02:12:44.450 +06:00 [INF] HTTP GET /api/profile/cb1e1fdb-d34e-4816-8908-436bc28ffdf2 responded 200 in 397.3243 ms
2026-03-24 02:12:44.476 +06:00 [INF] HTTP GET /api/Courses/4a04c797-2999-4459-960e-e5d8d5493d9e/join-requests responded 200 in 423.1898 ms
2026-03-24 02:12:44.510 +06:00 [INF] HTTP GET /api/Courses/4a04c797-2999-4459-960e-e5d8d5493d9e/members responded 200 in 460.9387 ms
2026-03-24 02:13:19.736 +06:00 [INF] HTTP OPTIONS /api/Notifications responded 204 in 0.7614 ms
2026-03-24 02:13:19.808 +06:00 [INF] HTTP GET /api/Notifications responded 200 in 61.6711 ms
2026-03-24 02:16:25.315 +06:00 [INF] HTTP OPTIONS /api/Courses/4a04c797-2999-4459-960e-e5d8d5493d9e responded 204 in 7.1052 ms
2026-03-24 02:16:25.315 +06:00 [INF] HTTP OPTIONS /api/Notifications responded 204 in 7.0946 ms
2026-03-24 02:16:25.520 +06:00 [INF] HTTP GET /api/Notifications responded 200 in 189.3545 ms
2026-03-24 02:16:25.603 +06:00 [INF] HTTP GET /api/Courses/4a04c797-2999-4459-960e-e5d8d5493d9e responded 200 in 271.5721 ms
2026-03-24 02:16:26.202 +06:00 [INF] HTTP OPTIONS /api/Courses/4a04c797-2999-4459-960e-e5d8d5493d9e/join-requests responded 204 in 0.0306 ms
2026-03-24 02:16:26.202 +06:00 [INF] HTTP OPTIONS /api/Courses/4a04c797-2999-4459-960e-e5d8d5493d9e/members responded 204 in 0.0620 ms
2026-03-24 02:16:26.204 +06:00 [INF] HTTP OPTIONS /api/profile/cb1e1fdb-d34e-4816-8908-436bc28ffdf2 responded 204 in 0.0287 ms
2026-03-24 02:16:26.246 +06:00 [INF] HTTP GET /api/profile/cb1e1fdb-d34e-4816-8908-436bc28ffdf2 responded 200 in 34.8236 ms
2026-03-24 02:16:26.317 +06:00 [INF] HTTP GET /api/Courses/4a04c797-2999-4459-960e-e5d8d5493d9e/join-requests responded 200 in 108.4007 ms
2026-03-24 02:16:26.370 +06:00 [INF] HTTP GET /api/Courses/4a04c797-2999-4459-960e-e5d8d5493d9e/members responded 200 in 159.1333 ms
2026-03-24 02:22:51.354 +06:00 [INF] HTTP OPTIONS /api/Courses/4a04c797-2999-4459-960e-e5d8d5493d9e responded 204 in 2.8594 ms
2026-03-24 02:22:51.354 +06:00 [INF] HTTP OPTIONS /api/Notifications responded 204 in 2.8221 ms
2026-03-24 02:22:51.420 +06:00 [INF] HTTP GET /api/Notifications responded 401 in 52.4497 ms
2026-03-24 02:22:51.420 +06:00 [INF] HTTP GET /api/Courses/4a04c797-2999-4459-960e-e5d8d5493d9e responded 401 in 52.1619 ms
2026-03-24 02:22:51.450 +06:00 [INF] HTTP OPTIONS /api/auth/refresh responded 204 in 0.0348 ms
2026-03-24 02:23:22.062 +06:00 [INF] HTTP OPTIONS /api/Courses/4a04c797-2999-4459-960e-e5d8d5493d9e responded 204 in 0.9202 ms
2026-03-24 02:23:22.062 +06:00 [INF] HTTP OPTIONS /api/Notifications responded 204 in 0.9197 ms
2026-03-24 02:23:22.107 +06:00 [INF] HTTP GET /api/Notifications responded 401 in 27.4660 ms
2026-03-24 02:23:22.107 +06:00 [INF] HTTP GET /api/Courses/4a04c797-2999-4459-960e-e5d8d5493d9e responded 401 in 27.4538 ms
2026-03-24 02:23:22.156 +06:00 [INF] HTTP OPTIONS /api/auth/refresh responded 204 in 0.0494 ms
2026-03-24 02:23:23.955 +06:00 [ERR] Failed executing DbCommand (32,045ms) [Parameters=[@p3='?' (DbType = Guid), @p0='?' (Size = 4000), @p1='?' (DbType = DateTime), @p2='?' (DbType = DateTime)], CommandType='"Text"', CommandTimeout='30']
SET AUTOCOMMIT = 1;
UPDATE `Users` SET `RefreshToken` = @p0, `RefreshTokenExpiry` = @p1, `UpdatedAt` = @p2
WHERE `Id` = @p3;
SELECT ROW_COUNT();
2026-03-24 02:23:24.215 +06:00 [ERR] An exception occurred in the database while saving changes for context type 'EduNexis.Infrastructure.Persistence.AppDbContext'.
Microsoft.EntityFrameworkCore.DbUpdateException: An error occurred while saving the entity changes. See the inner exception for details.
 ---> MySqlConnector.MySqlException (0x80004005): The Command Timeout expired before the operation completed.
 ---> System.Net.Sockets.SocketException (995): The I/O operation has been aborted because of either a thread exit or an application request.
   at System.Net.Sockets.Socket.AwaitableSocketAsyncEventArgs.ThrowException(SocketError error, CancellationToken cancellationToken)
   at System.Net.Sockets.Socket.AwaitableSocketAsyncEventArgs.System.Threading.Tasks.Sources.IValueTaskSource<System.Int32>.GetResult(Int16 token)
   at MySqlConnector.Protocol.Serialization.SocketByteHandler.DoReadBytesAsync(Memory`1 buffer) in /_/src/MySqlConnector/Protocol/Serialization/SocketByteHandler.cs:line 89
   at MySqlConnector.Protocol.Serialization.SocketByteHandler.DoReadBytesAsync(Memory`1 buffer) in /_/src/MySqlConnector/Protocol/Serialization/SocketByteHandler.cs:line 98
   at MySqlConnector.Protocol.Serialization.BufferedByteReader.ReadBytesAsync(IByteHandler byteHandler, ArraySegment`1 buffer, Int32 totalBytesToRead, IOBehavior ioBehavior) in /_/src/MySqlConnector/Protocol/Serialization/BufferedByteReader.cs:line 34
   at MySqlConnector.Protocol.Serialization.ProtocolUtility.ReadPayloadAsync(BufferedByteReader bufferedByteReader, IByteHandler byteHandler, Func`1 getNextSequenceNumber, ArraySegmentHolder`1 previousPayloads, ProtocolErrorBehavior protocolErrorBehavior, IOBehavior ioBehavior) in /_/src/MySqlConnector/Protocol/Serialization/ProtocolUtility.cs:line 420
   at MySqlConnector.Core.ServerSession.ReceiveReplyAsync(IOBehavior ioBehavior, CancellationToken cancellationToken) in /_/src/MySqlConnector/Core/ServerSession.cs:line 1070
   at MySqlConnector.Core.ResultSet.ReadResultSetHeaderAsync(IOBehavior ioBehavior) in /_/src/MySqlConnector/Core/ResultSet.cs:line 37
   at MySqlConnector.MySqlDataReader.ActivateResultSet(CancellationToken cancellationToken) in /_/src/MySqlConnector/MySqlDataReader.cs:line 131
   at MySqlConnector.MySqlDataReader.InitAsync(CommandListPosition commandListPosition, ICommandPayloadCreator payloadCreator, IDictionary`2 cachedProcedures, IMySqlCommand command, CommandBehavior behavior, Activity activity, IOBehavior ioBehavior, CancellationToken cancellationToken) in /_/src/MySqlConnector/MySqlDataReader.cs:line 487
   at MySqlConnector.Core.CommandExecutor.ExecuteReaderAsync(CommandListPosition commandListPosition, ICommandPayloadCreator payloadCreator, CommandBehavior behavior, Activity activity, IOBehavior ioBehavior, CancellationToken cancellationToken) in /_/src/MySqlConnector/Core/CommandExecutor.cs:line 56
   at MySqlConnector.MySqlCommand.ExecuteReaderAsync(CommandBehavior behavior, IOBehavior ioBehavior, CancellationToken cancellationToken) in /_/src/MySqlConnector/MySqlCommand.cs:line 357
   at MySqlConnector.MySqlCommand.ExecuteDbDataReaderAsync(CommandBehavior behavior, CancellationToken cancellationToken) in /_/src/MySqlConnector/MySqlCommand.cs:line 350
   at Microsoft.EntityFrameworkCore.Storage.RelationalCommand.ExecuteReaderAsync(RelationalCommandParameterObject parameterObject, CancellationToken cancellationToken)
   at Microsoft.EntityFrameworkCore.Storage.RelationalCommand.ExecuteReaderAsync(RelationalCommandParameterObject parameterObject, CancellationToken cancellationToken)
   at Microsoft.EntityFrameworkCore.Update.ReaderModificationCommandBatch.ExecuteAsync(IRelationalConnection connection, CancellationToken cancellationToken)
   --- End of inner exception stack trace ---
   at Microsoft.EntityFrameworkCore.Update.ReaderModificationCommandBatch.ExecuteAsync(IRelationalConnection connection, CancellationToken cancellationToken)
   at Microsoft.EntityFrameworkCore.Update.Internal.BatchExecutor.ExecuteAsync(IEnumerable`1 commandBatches, IRelationalConnection connection, CancellationToken cancellationToken)
   at Microsoft.EntityFrameworkCore.Update.Internal.BatchExecutor.ExecuteAsync(IEnumerable`1 commandBatches, IRelationalConnection connection, CancellationToken cancellationToken)
   at Microsoft.EntityFrameworkCore.Update.Internal.BatchExecutor.ExecuteAsync(IEnumerable`1 commandBatches, IRelationalConnection connection, CancellationToken cancellationToken)
   at Microsoft.EntityFrameworkCore.Storage.RelationalDatabase.SaveChangesAsync(IList`1 entries, CancellationToken cancellationToken)
   at Microsoft.EntityFrameworkCore.ChangeTracking.Internal.StateManager.SaveChangesAsync(IList`1 entriesToSave, CancellationToken cancellationToken)
   at Microsoft.EntityFrameworkCore.ChangeTracking.Internal.StateManager.SaveChangesAsync(StateManager stateManager, Boolean acceptAllChangesOnSuccess, CancellationToken cancellationToken)
   at Microsoft.EntityFrameworkCore.Storage.ExecutionStrategy.<>c__DisplayClass30_0`2.<<ExecuteAsync>b__0>d.MoveNext()
--- End of stack trace from previous location ---
   at Microsoft.EntityFrameworkCore.Storage.ExecutionStrategy.ExecuteImplementationAsync[TState,TResult](Func`4 operation, Func`4 verifySucceeded, TState state, CancellationToken cancellationToken)
   at Microsoft.EntityFrameworkCore.Storage.ExecutionStrategy.ExecuteImplementationAsync[TState,TResult](Func`4 operation, Func`4 verifySucceeded, TState state, CancellationToken cancellationToken)
   at Microsoft.EntityFrameworkCore.Storage.ExecutionStrategy.ExecuteAsync[TState,TResult](TState state, Func`4 operation, Func`4 verifySucceeded, CancellationToken cancellationToken)
   at Microsoft.EntityFrameworkCore.DbContext.SaveChangesAsync(Boolean acceptAllChangesOnSuccess, CancellationToken cancellationToken)
Microsoft.EntityFrameworkCore.DbUpdateException: An error occurred while saving the entity changes. See the inner exception for details.
 ---> MySqlConnector.MySqlException (0x80004005): The Command Timeout expired before the operation completed.
 ---> System.Net.Sockets.SocketException (995): The I/O operation has been aborted because of either a thread exit or an application request.
   at System.Net.Sockets.Socket.AwaitableSocketAsyncEventArgs.ThrowException(SocketError error, CancellationToken cancellationToken)
   at System.Net.Sockets.Socket.AwaitableSocketAsyncEventArgs.System.Threading.Tasks.Sources.IValueTaskSource<System.Int32>.GetResult(Int16 token)
   at MySqlConnector.Protocol.Serialization.SocketByteHandler.DoReadBytesAsync(Memory`1 buffer) in /_/src/MySqlConnector/Protocol/Serialization/SocketByteHandler.cs:line 89
   at MySqlConnector.Protocol.Serialization.SocketByteHandler.DoReadBytesAsync(Memory`1 buffer) in /_/src/MySqlConnector/Protocol/Serialization/SocketByteHandler.cs:line 98
   at MySqlConnector.Protocol.Serialization.BufferedByteReader.ReadBytesAsync(IByteHandler byteHandler, ArraySegment`1 buffer, Int32 totalBytesToRead, IOBehavior ioBehavior) in /_/src/MySqlConnector/Protocol/Serialization/BufferedByteReader.cs:line 34
   at MySqlConnector.Protocol.Serialization.ProtocolUtility.ReadPayloadAsync(BufferedByteReader bufferedByteReader, IByteHandler byteHandler, Func`1 getNextSequenceNumber, ArraySegmentHolder`1 previousPayloads, ProtocolErrorBehavior protocolErrorBehavior, IOBehavior ioBehavior) in /_/src/MySqlConnector/Protocol/Serialization/ProtocolUtility.cs:line 420
   at MySqlConnector.Core.ServerSession.ReceiveReplyAsync(IOBehavior ioBehavior, CancellationToken cancellationToken) in /_/src/MySqlConnector/Core/ServerSession.cs:line 1070
   at MySqlConnector.Core.ResultSet.ReadResultSetHeaderAsync(IOBehavior ioBehavior) in /_/src/MySqlConnector/Core/ResultSet.cs:line 37
   at MySqlConnector.MySqlDataReader.ActivateResultSet(CancellationToken cancellationToken) in /_/src/MySqlConnector/MySqlDataReader.cs:line 131
   at MySqlConnector.MySqlDataReader.InitAsync(CommandListPosition commandListPosition, ICommandPayloadCreator payloadCreator, IDictionary`2 cachedProcedures, IMySqlCommand command, CommandBehavior behavior, Activity activity, IOBehavior ioBehavior, CancellationToken cancellationToken) in /_/src/MySqlConnector/MySqlDataReader.cs:line 487
   at MySqlConnector.Core.CommandExecutor.ExecuteReaderAsync(CommandListPosition commandListPosition, ICommandPayloadCreator payloadCreator, CommandBehavior behavior, Activity activity, IOBehavior ioBehavior, CancellationToken cancellationToken) in /_/src/MySqlConnector/Core/CommandExecutor.cs:line 56
   at MySqlConnector.MySqlCommand.ExecuteReaderAsync(CommandBehavior behavior, IOBehavior ioBehavior, CancellationToken cancellationToken) in /_/src/MySqlConnector/MySqlCommand.cs:line 357
   at MySqlConnector.MySqlCommand.ExecuteDbDataReaderAsync(CommandBehavior behavior, CancellationToken cancellationToken) in /_/src/MySqlConnector/MySqlCommand.cs:line 350
   at Microsoft.EntityFrameworkCore.Storage.RelationalCommand.ExecuteReaderAsync(RelationalCommandParameterObject parameterObject, CancellationToken cancellationToken)
   at Microsoft.EntityFrameworkCore.Storage.RelationalCommand.ExecuteReaderAsync(RelationalCommandParameterObject parameterObject, CancellationToken cancellationToken)
   at Microsoft.EntityFrameworkCore.Update.ReaderModificationCommandBatch.ExecuteAsync(IRelationalConnection connection, CancellationToken cancellationToken)
   --- End of inner exception stack trace ---
   at Microsoft.EntityFrameworkCore.Update.ReaderModificationCommandBatch.ExecuteAsync(IRelationalConnection connection, CancellationToken cancellationToken)
   at Microsoft.EntityFrameworkCore.Update.Internal.BatchExecutor.ExecuteAsync(IEnumerable`1 commandBatches, IRelationalConnection connection, CancellationToken cancellationToken)
   at Microsoft.EntityFrameworkCore.Update.Internal.BatchExecutor.ExecuteAsync(IEnumerable`1 commandBatches, IRelationalConnection connection, CancellationToken cancellationToken)
   at Microsoft.EntityFrameworkCore.Update.Internal.BatchExecutor.ExecuteAsync(IEnumerable`1 commandBatches, IRelationalConnection connection, CancellationToken cancellationToken)
   at Microsoft.EntityFrameworkCore.Storage.RelationalDatabase.SaveChangesAsync(IList`1 entries, CancellationToken cancellationToken)
   at Microsoft.EntityFrameworkCore.ChangeTracking.Internal.StateManager.SaveChangesAsync(IList`1 entriesToSave, CancellationToken cancellationToken)
   at Microsoft.EntityFrameworkCore.ChangeTracking.Internal.StateManager.SaveChangesAsync(StateManager stateManager, Boolean acceptAllChangesOnSuccess, CancellationToken cancellationToken)
   at Microsoft.EntityFrameworkCore.Storage.ExecutionStrategy.<>c__DisplayClass30_0`2.<<ExecuteAsync>b__0>d.MoveNext()
--- End of stack trace from previous location ---
   at Microsoft.EntityFrameworkCore.Storage.ExecutionStrategy.ExecuteImplementationAsync[TState,TResult](Func`4 operation, Func`4 verifySucceeded, TState state, CancellationToken cancellationToken)
   at Microsoft.EntityFrameworkCore.Storage.ExecutionStrategy.ExecuteImplementationAsync[TState,TResult](Func`4 operation, Func`4 verifySucceeded, TState state, CancellationToken cancellationToken)
   at Microsoft.EntityFrameworkCore.Storage.ExecutionStrategy.ExecuteAsync[TState,TResult](TState state, Func`4 operation, Func`4 verifySucceeded, CancellationToken cancellationToken)
   at Microsoft.EntityFrameworkCore.DbContext.SaveChangesAsync(Boolean acceptAllChangesOnSuccess, CancellationToken cancellationToken)
2026-03-24 02:23:24.237 +06:00 [ERR] HTTP POST /api/auth/refresh responded 500 in 32780.4526 ms
Microsoft.EntityFrameworkCore.DbUpdateException: An error occurred while saving the entity changes. See the inner exception for details.
 ---> MySqlConnector.MySqlException (0x80004005): The Command Timeout expired before the operation completed.
 ---> System.Net.Sockets.SocketException (995): The I/O operation has been aborted because of either a thread exit or an application request.
   at System.Net.Sockets.Socket.AwaitableSocketAsyncEventArgs.ThrowException(SocketError error, CancellationToken cancellationToken)
   at System.Net.Sockets.Socket.AwaitableSocketAsyncEventArgs.System.Threading.Tasks.Sources.IValueTaskSource<System.Int32>.GetResult(Int16 token)
   at MySqlConnector.Protocol.Serialization.SocketByteHandler.DoReadBytesAsync(Memory`1 buffer) in /_/src/MySqlConnector/Protocol/Serialization/SocketByteHandler.cs:line 89
   at MySqlConnector.Protocol.Serialization.SocketByteHandler.DoReadBytesAsync(Memory`1 buffer) in /_/src/MySqlConnector/Protocol/Serialization/SocketByteHandler.cs:line 98
   at MySqlConnector.Protocol.Serialization.BufferedByteReader.ReadBytesAsync(IByteHandler byteHandler, ArraySegment`1 buffer, Int32 totalBytesToRead, IOBehavior ioBehavior) in /_/src/MySqlConnector/Protocol/Serialization/BufferedByteReader.cs:line 34
   at MySqlConnector.Protocol.Serialization.ProtocolUtility.ReadPayloadAsync(BufferedByteReader bufferedByteReader, IByteHandler byteHandler, Func`1 getNextSequenceNumber, ArraySegmentHolder`1 previousPayloads, ProtocolErrorBehavior protocolErrorBehavior, IOBehavior ioBehavior) in /_/src/MySqlConnector/Protocol/Serialization/ProtocolUtility.cs:line 420
   at MySqlConnector.Core.ServerSession.ReceiveReplyAsync(IOBehavior ioBehavior, CancellationToken cancellationToken) in /_/src/MySqlConnector/Core/ServerSession.cs:line 1070
   at MySqlConnector.Core.ResultSet.ReadResultSetHeaderAsync(IOBehavior ioBehavior) in /_/src/MySqlConnector/Core/ResultSet.cs:line 37
   at MySqlConnector.MySqlDataReader.ActivateResultSet(CancellationToken cancellationToken) in /_/src/MySqlConnector/MySqlDataReader.cs:line 131
   at MySqlConnector.MySqlDataReader.InitAsync(CommandListPosition commandListPosition, ICommandPayloadCreator payloadCreator, IDictionary`2 cachedProcedures, IMySqlCommand command, CommandBehavior behavior, Activity activity, IOBehavior ioBehavior, CancellationToken cancellationToken) in /_/src/MySqlConnector/MySqlDataReader.cs:line 487
   at MySqlConnector.Core.CommandExecutor.ExecuteReaderAsync(CommandListPosition commandListPosition, ICommandPayloadCreator payloadCreator, CommandBehavior behavior, Activity activity, IOBehavior ioBehavior, CancellationToken cancellationToken) in /_/src/MySqlConnector/Core/CommandExecutor.cs:line 56
   at MySqlConnector.MySqlCommand.ExecuteReaderAsync(CommandBehavior behavior, IOBehavior ioBehavior, CancellationToken cancellationToken) in /_/src/MySqlConnector/MySqlCommand.cs:line 357
   at MySqlConnector.MySqlCommand.ExecuteDbDataReaderAsync(CommandBehavior behavior, CancellationToken cancellationToken) in /_/src/MySqlConnector/MySqlCommand.cs:line 350
   at Microsoft.EntityFrameworkCore.Storage.RelationalCommand.ExecuteReaderAsync(RelationalCommandParameterObject parameterObject, CancellationToken cancellationToken)
   at Microsoft.EntityFrameworkCore.Storage.RelationalCommand.ExecuteReaderAsync(RelationalCommandParameterObject parameterObject, CancellationToken cancellationToken)
   at Microsoft.EntityFrameworkCore.Update.ReaderModificationCommandBatch.ExecuteAsync(IRelationalConnection connection, CancellationToken cancellationToken)
   --- End of inner exception stack trace ---
   at Microsoft.EntityFrameworkCore.Update.ReaderModificationCommandBatch.ExecuteAsync(IRelationalConnection connection, CancellationToken cancellationToken)
   at Microsoft.EntityFrameworkCore.Update.Internal.BatchExecutor.ExecuteAsync(IEnumerable`1 commandBatches, IRelationalConnection connection, CancellationToken cancellationToken)
   at Microsoft.EntityFrameworkCore.Update.Internal.BatchExecutor.ExecuteAsync(IEnumerable`1 commandBatches, IRelationalConnection connection, CancellationToken cancellationToken)
   at Microsoft.EntityFrameworkCore.Update.Internal.BatchExecutor.ExecuteAsync(IEnumerable`1 commandBatches, IRelationalConnection connection, CancellationToken cancellationToken)
   at Microsoft.EntityFrameworkCore.Storage.RelationalDatabase.SaveChangesAsync(IList`1 entries, CancellationToken cancellationToken)
   at Microsoft.EntityFrameworkCore.ChangeTracking.Internal.StateManager.SaveChangesAsync(IList`1 entriesToSave, CancellationToken cancellationToken)
   at Microsoft.EntityFrameworkCore.ChangeTracking.Internal.StateManager.SaveChangesAsync(StateManager stateManager, Boolean acceptAllChangesOnSuccess, CancellationToken cancellationToken)
   at Microsoft.EntityFrameworkCore.Storage.ExecutionStrategy.<>c__DisplayClass30_0`2.<<ExecuteAsync>b__0>d.MoveNext()
--- End of stack trace from previous location ---
   at Microsoft.EntityFrameworkCore.Storage.ExecutionStrategy.ExecuteImplementationAsync[TState,TResult](Func`4 operation, Func`4 verifySucceeded, TState state, CancellationToken cancellationToken)
   at Microsoft.EntityFrameworkCore.Storage.ExecutionStrategy.ExecuteImplementationAsync[TState,TResult](Func`4 operation, Func`4 verifySucceeded, TState state, CancellationToken cancellationToken)
   at Microsoft.EntityFrameworkCore.Storage.ExecutionStrategy.ExecuteAsync[TState,TResult](TState state, Func`4 operation, Func`4 verifySucceeded, CancellationToken cancellationToken)
   at Microsoft.EntityFrameworkCore.DbContext.SaveChangesAsync(Boolean acceptAllChangesOnSuccess, CancellationToken cancellationToken)
   at Microsoft.EntityFrameworkCore.DbContext.SaveChangesAsync(Boolean acceptAllChangesOnSuccess, CancellationToken cancellationToken)
   at EduNexis.Infrastructure.Persistence.Repositories.UnitOfWork.SaveChangesAsync(CancellationToken ct) in D:\Coding\Projects\edunexis-api\src\EduNexis.Infrastructure\Persistence\Repositories\UnitOfWork.cs:line 32
   at EduNexis.Application.Features.Auth.Commands.RefreshTokenCommandHandler.Handle(RefreshTokenCommand command, CancellationToken ct) in D:\Coding\Projects\edunexis-api\src\EduNexis.Application\Features\Auth\Commands\RefreshTokenCommand.cs:line 30
   at EduNexis.API.Controllers.AuthController.Refresh(RefreshTokenCommand command, CancellationToken ct) in D:\Coding\Projects\edunexis-api\src\EduNexis.API\Controllers\AuthController.cs:line 23
   at Microsoft.AspNetCore.Mvc.Infrastructure.ActionMethodExecutor.TaskOfIActionResultExecutor.Execute(ActionContext actionContext, IActionResultTypeMapper mapper, ObjectMethodExecutor executor, Object controller, Object[] arguments)
   at Microsoft.AspNetCore.Mvc.Infrastructure.ControllerActionInvoker.<InvokeActionMethodAsync>g__Awaited|12_0(ControllerActionInvoker invoker, ValueTask`1 actionResultValueTask)
   at Microsoft.AspNetCore.Mvc.Infrastructure.ControllerActionInvoker.<InvokeNextActionFilterAsync>g__Awaited|10_0(ControllerActionInvoker invoker, Task lastTask, State next, Scope scope, Object state, Boolean isCompleted)
   at Microsoft.AspNetCore.Mvc.Infrastructure.ControllerActionInvoker.Rethrow(ActionExecutedContextSealed context)
   at Microsoft.AspNetCore.Mvc.Infrastructure.ControllerActionInvoker.Next(State& next, Scope& scope, Object& state, Boolean& isCompleted)
   at Microsoft.AspNetCore.Mvc.Infrastructure.ControllerActionInvoker.<InvokeInnerFilterAsync>g__Awaited|13_0(ControllerActionInvoker invoker, Task lastTask, State next, Scope scope, Object state, Boolean isCompleted)
   at Microsoft.AspNetCore.Mvc.Infrastructure.ResourceInvoker.<InvokeFilterPipelineAsync>g__Awaited|20_0(ResourceInvoker invoker, Task lastTask, State next, Scope scope, Object state, Boolean isCompleted)
   at Microsoft.AspNetCore.Mvc.Infrastructure.ResourceInvoker.<InvokeAsync>g__Awaited|17_0(ResourceInvoker invoker, Task task, IDisposable scope)
   at Microsoft.AspNetCore.Mvc.Infrastructure.ResourceInvoker.<InvokeAsync>g__Awaited|17_0(ResourceInvoker invoker, Task task, IDisposable scope)
   at Microsoft.AspNetCore.Authorization.AuthorizationMiddleware.Invoke(HttpContext context)
   at Microsoft.AspNetCore.Authentication.AuthenticationMiddleware.Invoke(HttpContext context)
   at Serilog.AspNetCore.RequestLoggingMiddleware.Invoke(HttpContext httpContext)
2026-03-24 02:23:24.317 +06:00 [ERR] Unhandled exception: An error occurred while saving the entity changes. See the inner exception for details.
Microsoft.EntityFrameworkCore.DbUpdateException: An error occurred while saving the entity changes. See the inner exception for details.
 ---> MySqlConnector.MySqlException (0x80004005): The Command Timeout expired before the operation completed.
 ---> System.Net.Sockets.SocketException (995): The I/O operation has been aborted because of either a thread exit or an application request.
   at System.Net.Sockets.Socket.AwaitableSocketAsyncEventArgs.ThrowException(SocketError error, CancellationToken cancellationToken)
   at System.Net.Sockets.Socket.AwaitableSocketAsyncEventArgs.System.Threading.Tasks.Sources.IValueTaskSource<System.Int32>.GetResult(Int16 token)
   at MySqlConnector.Protocol.Serialization.SocketByteHandler.DoReadBytesAsync(Memory`1 buffer) in /_/src/MySqlConnector/Protocol/Serialization/SocketByteHandler.cs:line 89
   at MySqlConnector.Protocol.Serialization.SocketByteHandler.DoReadBytesAsync(Memory`1 buffer) in /_/src/MySqlConnector/Protocol/Serialization/SocketByteHandler.cs:line 98
   at MySqlConnector.Protocol.Serialization.BufferedByteReader.ReadBytesAsync(IByteHandler byteHandler, ArraySegment`1 buffer, Int32 totalBytesToRead, IOBehavior ioBehavior) in /_/src/MySqlConnector/Protocol/Serialization/BufferedByteReader.cs:line 34
   at MySqlConnector.Protocol.Serialization.ProtocolUtility.ReadPayloadAsync(BufferedByteReader bufferedByteReader, IByteHandler byteHandler, Func`1 getNextSequenceNumber, ArraySegmentHolder`1 previousPayloads, ProtocolErrorBehavior protocolErrorBehavior, IOBehavior ioBehavior) in /_/src/MySqlConnector/Protocol/Serialization/ProtocolUtility.cs:line 420
   at MySqlConnector.Core.ServerSession.ReceiveReplyAsync(IOBehavior ioBehavior, CancellationToken cancellationToken) in /_/src/MySqlConnector/Core/ServerSession.cs:line 1070
   at MySqlConnector.Core.ResultSet.ReadResultSetHeaderAsync(IOBehavior ioBehavior) in /_/src/MySqlConnector/Core/ResultSet.cs:line 37
   at MySqlConnector.MySqlDataReader.ActivateResultSet(CancellationToken cancellationToken) in /_/src/MySqlConnector/MySqlDataReader.cs:line 131
   at MySqlConnector.MySqlDataReader.InitAsync(CommandListPosition commandListPosition, ICommandPayloadCreator payloadCreator, IDictionary`2 cachedProcedures, IMySqlCommand command, CommandBehavior behavior, Activity activity, IOBehavior ioBehavior, CancellationToken cancellationToken) in /_/src/MySqlConnector/MySqlDataReader.cs:line 487
   at MySqlConnector.Core.CommandExecutor.ExecuteReaderAsync(CommandListPosition commandListPosition, ICommandPayloadCreator payloadCreator, CommandBehavior behavior, Activity activity, IOBehavior ioBehavior, CancellationToken cancellationToken) in /_/src/MySqlConnector/Core/CommandExecutor.cs:line 56
   at MySqlConnector.MySqlCommand.ExecuteReaderAsync(CommandBehavior behavior, IOBehavior ioBehavior, CancellationToken cancellationToken) in /_/src/MySqlConnector/MySqlCommand.cs:line 357
   at MySqlConnector.MySqlCommand.ExecuteDbDataReaderAsync(CommandBehavior behavior, CancellationToken cancellationToken) in /_/src/MySqlConnector/MySqlCommand.cs:line 350
   at Microsoft.EntityFrameworkCore.Storage.RelationalCommand.ExecuteReaderAsync(RelationalCommandParameterObject parameterObject, CancellationToken cancellationToken)
   at Microsoft.EntityFrameworkCore.Storage.RelationalCommand.ExecuteReaderAsync(RelationalCommandParameterObject parameterObject, CancellationToken cancellationToken)
   at Microsoft.EntityFrameworkCore.Update.ReaderModificationCommandBatch.ExecuteAsync(IRelationalConnection connection, CancellationToken cancellationToken)
   --- End of inner exception stack trace ---
   at Microsoft.EntityFrameworkCore.Update.ReaderModificationCommandBatch.ExecuteAsync(IRelationalConnection connection, CancellationToken cancellationToken)
   at Microsoft.EntityFrameworkCore.Update.Internal.BatchExecutor.ExecuteAsync(IEnumerable`1 commandBatches, IRelationalConnection connection, CancellationToken cancellationToken)
   at Microsoft.EntityFrameworkCore.Update.Internal.BatchExecutor.ExecuteAsync(IEnumerable`1 commandBatches, IRelationalConnection connection, CancellationToken cancellationToken)
   at Microsoft.EntityFrameworkCore.Update.Internal.BatchExecutor.ExecuteAsync(IEnumerable`1 commandBatches, IRelationalConnection connection, CancellationToken cancellationToken)
   at Microsoft.EntityFrameworkCore.Storage.RelationalDatabase.SaveChangesAsync(IList`1 entries, CancellationToken cancellationToken)
   at Microsoft.EntityFrameworkCore.ChangeTracking.Internal.StateManager.SaveChangesAsync(IList`1 entriesToSave, CancellationToken cancellationToken)
   at Microsoft.EntityFrameworkCore.ChangeTracking.Internal.StateManager.SaveChangesAsync(StateManager stateManager, Boolean acceptAllChangesOnSuccess, CancellationToken cancellationToken)
   at Microsoft.EntityFrameworkCore.Storage.ExecutionStrategy.<>c__DisplayClass30_0`2.<<ExecuteAsync>b__0>d.MoveNext()
--- End of stack trace from previous location ---
   at Microsoft.EntityFrameworkCore.Storage.ExecutionStrategy.ExecuteImplementationAsync[TState,TResult](Func`4 operation, Func`4 verifySucceeded, TState state, CancellationToken cancellationToken)
   at Microsoft.EntityFrameworkCore.Storage.ExecutionStrategy.ExecuteImplementationAsync[TState,TResult](Func`4 operation, Func`4 verifySucceeded, TState state, CancellationToken cancellationToken)
   at Microsoft.EntityFrameworkCore.Storage.ExecutionStrategy.ExecuteAsync[TState,TResult](TState state, Func`4 operation, Func`4 verifySucceeded, CancellationToken cancellationToken)
   at Microsoft.EntityFrameworkCore.DbContext.SaveChangesAsync(Boolean acceptAllChangesOnSuccess, CancellationToken cancellationToken)
   at Microsoft.EntityFrameworkCore.DbContext.SaveChangesAsync(Boolean acceptAllChangesOnSuccess, CancellationToken cancellationToken)
   at EduNexis.Infrastructure.Persistence.Repositories.UnitOfWork.SaveChangesAsync(CancellationToken ct) in D:\Coding\Projects\edunexis-api\src\EduNexis.Infrastructure\Persistence\Repositories\UnitOfWork.cs:line 32
   at EduNexis.Application.Features.Auth.Commands.RefreshTokenCommandHandler.Handle(RefreshTokenCommand command, CancellationToken ct) in D:\Coding\Projects\edunexis-api\src\EduNexis.Application\Features\Auth\Commands\RefreshTokenCommand.cs:line 30
   at EduNexis.API.Controllers.AuthController.Refresh(RefreshTokenCommand command, CancellationToken ct) in D:\Coding\Projects\edunexis-api\src\EduNexis.API\Controllers\AuthController.cs:line 23
   at Microsoft.AspNetCore.Mvc.Infrastructure.ActionMethodExecutor.TaskOfIActionResultExecutor.Execute(ActionContext actionContext, IActionResultTypeMapper mapper, ObjectMethodExecutor executor, Object controller, Object[] arguments)
   at Microsoft.AspNetCore.Mvc.Infrastructure.ControllerActionInvoker.<InvokeActionMethodAsync>g__Awaited|12_0(ControllerActionInvoker invoker, ValueTask`1 actionResultValueTask)
   at Microsoft.AspNetCore.Mvc.Infrastructure.ControllerActionInvoker.<InvokeNextActionFilterAsync>g__Awaited|10_0(ControllerActionInvoker invoker, Task lastTask, State next, Scope scope, Object state, Boolean isCompleted)
   at Microsoft.AspNetCore.Mvc.Infrastructure.ControllerActionInvoker.Rethrow(ActionExecutedContextSealed context)
   at Microsoft.AspNetCore.Mvc.Infrastructure.ControllerActionInvoker.Next(State& next, Scope& scope, Object& state, Boolean& isCompleted)
   at Microsoft.AspNetCore.Mvc.Infrastructure.ControllerActionInvoker.<InvokeInnerFilterAsync>g__Awaited|13_0(ControllerActionInvoker invoker, Task lastTask, State next, Scope scope, Object state, Boolean isCompleted)
   at Microsoft.AspNetCore.Mvc.Infrastructure.ResourceInvoker.<InvokeFilterPipelineAsync>g__Awaited|20_0(ResourceInvoker invoker, Task lastTask, State next, Scope scope, Object state, Boolean isCompleted)
   at Microsoft.AspNetCore.Mvc.Infrastructure.ResourceInvoker.<InvokeAsync>g__Awaited|17_0(ResourceInvoker invoker, Task task, IDisposable scope)
   at Microsoft.AspNetCore.Mvc.Infrastructure.ResourceInvoker.<InvokeAsync>g__Awaited|17_0(ResourceInvoker invoker, Task task, IDisposable scope)
   at Microsoft.AspNetCore.Authorization.AuthorizationMiddleware.Invoke(HttpContext context)
   at Microsoft.AspNetCore.Authentication.AuthenticationMiddleware.Invoke(HttpContext context)
   at Serilog.AspNetCore.RequestLoggingMiddleware.Invoke(HttpContext httpContext)
   at Swashbuckle.AspNetCore.SwaggerUI.SwaggerUIMiddleware.Invoke(HttpContext httpContext)
   at Swashbuckle.AspNetCore.Swagger.SwaggerMiddleware.Invoke(HttpContext httpContext, ISwaggerProvider swaggerProvider)
   at EduNexis.API.Middleware.ExceptionMiddleware.InvokeAsync(HttpContext context) in D:\Coding\Projects\edunexis-api\src\EduNexis.API\Middleware\ExceptionMiddleware.cs:line 15
2026-03-24 02:23:52.702 +06:00 [ERR] Failed executing DbCommand (30,161ms) [Parameters=[@p3='?' (DbType = Guid), @p0='?' (Size = 4000), @p1='?' (DbType = DateTime), @p2='?' (DbType = DateTime)], CommandType='"Text"', CommandTimeout='30']
SET AUTOCOMMIT = 1;
UPDATE `Users` SET `RefreshToken` = @p0, `RefreshTokenExpiry` = @p1, `UpdatedAt` = @p2
WHERE `Id` = @p3;
SELECT ROW_COUNT();
2026-03-24 02:23:52.779 +06:00 [ERR] An exception occurred in the database while saving changes for context type 'EduNexis.Infrastructure.Persistence.AppDbContext'.
Microsoft.EntityFrameworkCore.DbUpdateException: An error occurred while saving the entity changes. See the inner exception for details.
 ---> MySqlConnector.MySqlException (0x80004005): The Command Timeout expired before the operation completed.
 ---> MySqlConnector.MySqlException (0x80004005): Query execution was interrupted
   at MySqlConnector.Core.ServerSession.ReceiveReplyAsync(IOBehavior ioBehavior, CancellationToken cancellationToken) in /_/src/MySqlConnector/Core/ServerSession.cs:line 1081
   at MySqlConnector.Core.ResultSet.ReadResultSetHeaderAsync(IOBehavior ioBehavior) in /_/src/MySqlConnector/Core/ResultSet.cs:line 37
   at MySqlConnector.MySqlDataReader.ActivateResultSet(CancellationToken cancellationToken) in /_/src/MySqlConnector/MySqlDataReader.cs:line 125
   at MySqlConnector.MySqlDataReader.InitAsync(CommandListPosition commandListPosition, ICommandPayloadCreator payloadCreator, IDictionary`2 cachedProcedures, IMySqlCommand command, CommandBehavior behavior, Activity activity, IOBehavior ioBehavior, CancellationToken cancellationToken) in /_/src/MySqlConnector/MySqlDataReader.cs:line 487
   at MySqlConnector.Core.CommandExecutor.ExecuteReaderAsync(CommandListPosition commandListPosition, ICommandPayloadCreator payloadCreator, CommandBehavior behavior, Activity activity, IOBehavior ioBehavior, CancellationToken cancellationToken) in /_/src/MySqlConnector/Core/CommandExecutor.cs:line 56
   at MySqlConnector.MySqlCommand.ExecuteReaderAsync(CommandBehavior behavior, IOBehavior ioBehavior, CancellationToken cancellationToken) in /_/src/MySqlConnector/MySqlCommand.cs:line 357
   at MySqlConnector.MySqlCommand.ExecuteDbDataReaderAsync(CommandBehavior behavior, CancellationToken cancellationToken) in /_/src/MySqlConnector/MySqlCommand.cs:line 350
   at Microsoft.EntityFrameworkCore.Storage.RelationalCommand.ExecuteReaderAsync(RelationalCommandParameterObject parameterObject, CancellationToken cancellationToken)
   at Microsoft.EntityFrameworkCore.Storage.RelationalCommand.ExecuteReaderAsync(RelationalCommandParameterObject parameterObject, CancellationToken cancellationToken)
   at Microsoft.EntityFrameworkCore.Update.ReaderModificationCommandBatch.ExecuteAsync(IRelationalConnection connection, CancellationToken cancellationToken)
   --- End of inner exception stack trace ---
   at Microsoft.EntityFrameworkCore.Update.ReaderModificationCommandBatch.ExecuteAsync(IRelationalConnection connection, CancellationToken cancellationToken)
   at Microsoft.EntityFrameworkCore.Update.Internal.BatchExecutor.ExecuteAsync(IEnumerable`1 commandBatches, IRelationalConnection connection, CancellationToken cancellationToken)
   at Microsoft.EntityFrameworkCore.Update.Internal.BatchExecutor.ExecuteAsync(IEnumerable`1 commandBatches, IRelationalConnection connection, CancellationToken cancellationToken)
   at Microsoft.EntityFrameworkCore.Update.Internal.BatchExecutor.ExecuteAsync(IEnumerable`1 commandBatches, IRelationalConnection connection, CancellationToken cancellationToken)
   at Microsoft.EntityFrameworkCore.Storage.RelationalDatabase.SaveChangesAsync(IList`1 entries, CancellationToken cancellationToken)
   at Microsoft.EntityFrameworkCore.ChangeTracking.Internal.StateManager.SaveChangesAsync(IList`1 entriesToSave, CancellationToken cancellationToken)
   at Microsoft.EntityFrameworkCore.ChangeTracking.Internal.StateManager.SaveChangesAsync(StateManager stateManager, Boolean acceptAllChangesOnSuccess, CancellationToken cancellationToken)
   at Microsoft.EntityFrameworkCore.Storage.ExecutionStrategy.<>c__DisplayClass30_0`2.<<ExecuteAsync>b__0>d.MoveNext()
--- End of stack trace from previous location ---
   at Microsoft.EntityFrameworkCore.Storage.ExecutionStrategy.ExecuteImplementationAsync[TState,TResult](Func`4 operation, Func`4 verifySucceeded, TState state, CancellationToken cancellationToken)
   at Microsoft.EntityFrameworkCore.Storage.ExecutionStrategy.ExecuteImplementationAsync[TState,TResult](Func`4 operation, Func`4 verifySucceeded, TState state, CancellationToken cancellationToken)
   at Microsoft.EntityFrameworkCore.Storage.ExecutionStrategy.ExecuteAsync[TState,TResult](TState state, Func`4 operation, Func`4 verifySucceeded, CancellationToken cancellationToken)
   at Microsoft.EntityFrameworkCore.DbContext.SaveChangesAsync(Boolean acceptAllChangesOnSuccess, CancellationToken cancellationToken)
Microsoft.EntityFrameworkCore.DbUpdateException: An error occurred while saving the entity changes. See the inner exception for details.
 ---> MySqlConnector.MySqlException (0x80004005): The Command Timeout expired before the operation completed.
 ---> MySqlConnector.MySqlException (0x80004005): Query execution was interrupted
   at MySqlConnector.Core.ServerSession.ReceiveReplyAsync(IOBehavior ioBehavior, CancellationToken cancellationToken) in /_/src/MySqlConnector/Core/ServerSession.cs:line 1081
   at MySqlConnector.Core.ResultSet.ReadResultSetHeaderAsync(IOBehavior ioBehavior) in /_/src/MySqlConnector/Core/ResultSet.cs:line 37
   at MySqlConnector.MySqlDataReader.ActivateResultSet(CancellationToken cancellationToken) in /_/src/MySqlConnector/MySqlDataReader.cs:line 125
   at MySqlConnector.MySqlDataReader.InitAsync(CommandListPosition commandListPosition, ICommandPayloadCreator payloadCreator, IDictionary`2 cachedProcedures, IMySqlCommand command, CommandBehavior behavior, Activity activity, IOBehavior ioBehavior, CancellationToken cancellationToken) in /_/src/MySqlConnector/MySqlDataReader.cs:line 487
   at MySqlConnector.Core.CommandExecutor.ExecuteReaderAsync(CommandListPosition commandListPosition, ICommandPayloadCreator payloadCreator, CommandBehavior behavior, Activity activity, IOBehavior ioBehavior, CancellationToken cancellationToken) in /_/src/MySqlConnector/Core/CommandExecutor.cs:line 56
   at MySqlConnector.MySqlCommand.ExecuteReaderAsync(CommandBehavior behavior, IOBehavior ioBehavior, CancellationToken cancellationToken) in /_/src/MySqlConnector/MySqlCommand.cs:line 357
   at MySqlConnector.MySqlCommand.ExecuteDbDataReaderAsync(CommandBehavior behavior, CancellationToken cancellationToken) in /_/src/MySqlConnector/MySqlCommand.cs:line 350
   at Microsoft.EntityFrameworkCore.Storage.RelationalCommand.ExecuteReaderAsync(RelationalCommandParameterObject parameterObject, CancellationToken cancellationToken)
   at Microsoft.EntityFrameworkCore.Storage.RelationalCommand.ExecuteReaderAsync(RelationalCommandParameterObject parameterObject, CancellationToken cancellationToken)
   at Microsoft.EntityFrameworkCore.Update.ReaderModificationCommandBatch.ExecuteAsync(IRelationalConnection connection, CancellationToken cancellationToken)
   --- End of inner exception stack trace ---
   at Microsoft.EntityFrameworkCore.Update.ReaderModificationCommandBatch.ExecuteAsync(IRelationalConnection connection, CancellationToken cancellationToken)
   at Microsoft.EntityFrameworkCore.Update.Internal.BatchExecutor.ExecuteAsync(IEnumerable`1 commandBatches, IRelationalConnection connection, CancellationToken cancellationToken)
   at Microsoft.EntityFrameworkCore.Update.Internal.BatchExecutor.ExecuteAsync(IEnumerable`1 commandBatches, IRelationalConnection connection, CancellationToken cancellationToken)
   at Microsoft.EntityFrameworkCore.Update.Internal.BatchExecutor.ExecuteAsync(IEnumerable`1 commandBatches, IRelationalConnection connection, CancellationToken cancellationToken)
   at Microsoft.EntityFrameworkCore.Storage.RelationalDatabase.SaveChangesAsync(IList`1 entries, CancellationToken cancellationToken)
   at Microsoft.EntityFrameworkCore.ChangeTracking.Internal.StateManager.SaveChangesAsync(IList`1 entriesToSave, CancellationToken cancellationToken)
   at Microsoft.EntityFrameworkCore.ChangeTracking.Internal.StateManager.SaveChangesAsync(StateManager stateManager, Boolean acceptAllChangesOnSuccess, CancellationToken cancellationToken)
   at Microsoft.EntityFrameworkCore.Storage.ExecutionStrategy.<>c__DisplayClass30_0`2.<<ExecuteAsync>b__0>d.MoveNext()
--- End of stack trace from previous location ---
   at Microsoft.EntityFrameworkCore.Storage.ExecutionStrategy.ExecuteImplementationAsync[TState,TResult](Func`4 operation, Func`4 verifySucceeded, TState state, CancellationToken cancellationToken)
   at Microsoft.EntityFrameworkCore.Storage.ExecutionStrategy.ExecuteImplementationAsync[TState,TResult](Func`4 operation, Func`4 verifySucceeded, TState state, CancellationToken cancellationToken)
   at Microsoft.EntityFrameworkCore.Storage.ExecutionStrategy.ExecuteAsync[TState,TResult](TState state, Func`4 operation, Func`4 verifySucceeded, CancellationToken cancellationToken)
   at Microsoft.EntityFrameworkCore.DbContext.SaveChangesAsync(Boolean acceptAllChangesOnSuccess, CancellationToken cancellationToken)
2026-03-24 02:23:52.805 +06:00 [ERR] HTTP POST /api/auth/refresh responded 500 in 30629.2760 ms
Microsoft.EntityFrameworkCore.DbUpdateException: An error occurred while saving the entity changes. See the inner exception for details.
 ---> MySqlConnector.MySqlException (0x80004005): The Command Timeout expired before the operation completed.
 ---> MySqlConnector.MySqlException (0x80004005): Query execution was interrupted
   at MySqlConnector.Core.ServerSession.ReceiveReplyAsync(IOBehavior ioBehavior, CancellationToken cancellationToken) in /_/src/MySqlConnector/Core/ServerSession.cs:line 1081
   at MySqlConnector.Core.ResultSet.ReadResultSetHeaderAsync(IOBehavior ioBehavior) in /_/src/MySqlConnector/Core/ResultSet.cs:line 37
   at MySqlConnector.MySqlDataReader.ActivateResultSet(CancellationToken cancellationToken) in /_/src/MySqlConnector/MySqlDataReader.cs:line 125
   at MySqlConnector.MySqlDataReader.InitAsync(CommandListPosition commandListPosition, ICommandPayloadCreator payloadCreator, IDictionary`2 cachedProcedures, IMySqlCommand command, CommandBehavior behavior, Activity activity, IOBehavior ioBehavior, CancellationToken cancellationToken) in /_/src/MySqlConnector/MySqlDataReader.cs:line 487
   at MySqlConnector.Core.CommandExecutor.ExecuteReaderAsync(CommandListPosition commandListPosition, ICommandPayloadCreator payloadCreator, CommandBehavior behavior, Activity activity, IOBehavior ioBehavior, CancellationToken cancellationToken) in /_/src/MySqlConnector/Core/CommandExecutor.cs:line 56
   at MySqlConnector.MySqlCommand.ExecuteReaderAsync(CommandBehavior behavior, IOBehavior ioBehavior, CancellationToken cancellationToken) in /_/src/MySqlConnector/MySqlCommand.cs:line 357
   at MySqlConnector.MySqlCommand.ExecuteDbDataReaderAsync(CommandBehavior behavior, CancellationToken cancellationToken) in /_/src/MySqlConnector/MySqlCommand.cs:line 350
   at Microsoft.EntityFrameworkCore.Storage.RelationalCommand.ExecuteReaderAsync(RelationalCommandParameterObject parameterObject, CancellationToken cancellationToken)
   at Microsoft.EntityFrameworkCore.Storage.RelationalCommand.ExecuteReaderAsync(RelationalCommandParameterObject parameterObject, CancellationToken cancellationToken)
   at Microsoft.EntityFrameworkCore.Update.ReaderModificationCommandBatch.ExecuteAsync(IRelationalConnection connection, CancellationToken cancellationToken)
   --- End of inner exception stack trace ---
   at Microsoft.EntityFrameworkCore.Update.ReaderModificationCommandBatch.ExecuteAsync(IRelationalConnection connection, CancellationToken cancellationToken)
   at Microsoft.EntityFrameworkCore.Update.Internal.BatchExecutor.ExecuteAsync(IEnumerable`1 commandBatches, IRelationalConnection connection, CancellationToken cancellationToken)
   at Microsoft.EntityFrameworkCore.Update.Internal.BatchExecutor.ExecuteAsync(IEnumerable`1 commandBatches, IRelationalConnection connection, CancellationToken cancellationToken)
   at Microsoft.EntityFrameworkCore.Update.Internal.BatchExecutor.ExecuteAsync(IEnumerable`1 commandBatches, IRelationalConnection connection, CancellationToken cancellationToken)
   at Microsoft.EntityFrameworkCore.Storage.RelationalDatabase.SaveChangesAsync(IList`1 entries, CancellationToken cancellationToken)
   at Microsoft.EntityFrameworkCore.ChangeTracking.Internal.StateManager.SaveChangesAsync(IList`1 entriesToSave, CancellationToken cancellationToken)
   at Microsoft.EntityFrameworkCore.ChangeTracking.Internal.StateManager.SaveChangesAsync(StateManager stateManager, Boolean acceptAllChangesOnSuccess, CancellationToken cancellationToken)
   at Microsoft.EntityFrameworkCore.Storage.ExecutionStrategy.<>c__DisplayClass30_0`2.<<ExecuteAsync>b__0>d.MoveNext()
--- End of stack trace from previous location ---
   at Microsoft.EntityFrameworkCore.Storage.ExecutionStrategy.ExecuteImplementationAsync[TState,TResult](Func`4 operation, Func`4 verifySucceeded, TState state, CancellationToken cancellationToken)
   at Microsoft.EntityFrameworkCore.Storage.ExecutionStrategy.ExecuteImplementationAsync[TState,TResult](Func`4 operation, Func`4 verifySucceeded, TState state, CancellationToken cancellationToken)
   at Microsoft.EntityFrameworkCore.Storage.ExecutionStrategy.ExecuteAsync[TState,TResult](TState state, Func`4 operation, Func`4 verifySucceeded, CancellationToken cancellationToken)
   at Microsoft.EntityFrameworkCore.DbContext.SaveChangesAsync(Boolean acceptAllChangesOnSuccess, CancellationToken cancellationToken)
   at Microsoft.EntityFrameworkCore.DbContext.SaveChangesAsync(Boolean acceptAllChangesOnSuccess, CancellationToken cancellationToken)
   at EduNexis.Infrastructure.Persistence.Repositories.UnitOfWork.SaveChangesAsync(CancellationToken ct) in D:\Coding\Projects\edunexis-api\src\EduNexis.Infrastructure\Persistence\Repositories\UnitOfWork.cs:line 32
   at EduNexis.Application.Features.Auth.Commands.RefreshTokenCommandHandler.Handle(RefreshTokenCommand command, CancellationToken ct) in D:\Coding\Projects\edunexis-api\src\EduNexis.Application\Features\Auth\Commands\RefreshTokenCommand.cs:line 30
   at EduNexis.API.Controllers.AuthController.Refresh(RefreshTokenCommand command, CancellationToken ct) in D:\Coding\Projects\edunexis-api\src\EduNexis.API\Controllers\AuthController.cs:line 23
   at Microsoft.AspNetCore.Mvc.Infrastructure.ActionMethodExecutor.TaskOfIActionResultExecutor.Execute(ActionContext actionContext, IActionResultTypeMapper mapper, ObjectMethodExecutor executor, Object controller, Object[] arguments)
   at Microsoft.AspNetCore.Mvc.Infrastructure.ControllerActionInvoker.<InvokeActionMethodAsync>g__Awaited|12_0(ControllerActionInvoker invoker, ValueTask`1 actionResultValueTask)
   at Microsoft.AspNetCore.Mvc.Infrastructure.ControllerActionInvoker.<InvokeNextActionFilterAsync>g__Awaited|10_0(ControllerActionInvoker invoker, Task lastTask, State next, Scope scope, Object state, Boolean isCompleted)
   at Microsoft.AspNetCore.Mvc.Infrastructure.ControllerActionInvoker.Rethrow(ActionExecutedContextSealed context)
   at Microsoft.AspNetCore.Mvc.Infrastructure.ControllerActionInvoker.Next(State& next, Scope& scope, Object& state, Boolean& isCompleted)
   at Microsoft.AspNetCore.Mvc.Infrastructure.ControllerActionInvoker.<InvokeInnerFilterAsync>g__Awaited|13_0(ControllerActionInvoker invoker, Task lastTask, State next, Scope scope, Object state, Boolean isCompleted)
   at Microsoft.AspNetCore.Mvc.Infrastructure.ResourceInvoker.<InvokeFilterPipelineAsync>g__Awaited|20_0(ResourceInvoker invoker, Task lastTask, State next, Scope scope, Object state, Boolean isCompleted)
   at Microsoft.AspNetCore.Mvc.Infrastructure.ResourceInvoker.<InvokeAsync>g__Awaited|17_0(ResourceInvoker invoker, Task task, IDisposable scope)
   at Microsoft.AspNetCore.Mvc.Infrastructure.ResourceInvoker.<InvokeAsync>g__Awaited|17_0(ResourceInvoker invoker, Task task, IDisposable scope)
   at Microsoft.AspNetCore.Authorization.AuthorizationMiddleware.Invoke(HttpContext context)
   at Microsoft.AspNetCore.Authentication.AuthenticationMiddleware.Invoke(HttpContext context)
   at Serilog.AspNetCore.RequestLoggingMiddleware.Invoke(HttpContext httpContext)
2026-03-24 02:23:52.862 +06:00 [ERR] Unhandled exception: An error occurred while saving the entity changes. See the inner exception for details.
Microsoft.EntityFrameworkCore.DbUpdateException: An error occurred while saving the entity changes. See the inner exception for details.
 ---> MySqlConnector.MySqlException (0x80004005): The Command Timeout expired before the operation completed.
 ---> MySqlConnector.MySqlException (0x80004005): Query execution was interrupted
   at MySqlConnector.Core.ServerSession.ReceiveReplyAsync(IOBehavior ioBehavior, CancellationToken cancellationToken) in /_/src/MySqlConnector/Core/ServerSession.cs:line 1081
   at MySqlConnector.Core.ResultSet.ReadResultSetHeaderAsync(IOBehavior ioBehavior) in /_/src/MySqlConnector/Core/ResultSet.cs:line 37
   at MySqlConnector.MySqlDataReader.ActivateResultSet(CancellationToken cancellationToken) in /_/src/MySqlConnector/MySqlDataReader.cs:line 125
   at MySqlConnector.MySqlDataReader.InitAsync(CommandListPosition commandListPosition, ICommandPayloadCreator payloadCreator, IDictionary`2 cachedProcedures, IMySqlCommand command, CommandBehavior behavior, Activity activity, IOBehavior ioBehavior, CancellationToken cancellationToken) in /_/src/MySqlConnector/MySqlDataReader.cs:line 487
   at MySqlConnector.Core.CommandExecutor.ExecuteReaderAsync(CommandListPosition commandListPosition, ICommandPayloadCreator payloadCreator, CommandBehavior behavior, Activity activity, IOBehavior ioBehavior, CancellationToken cancellationToken) in /_/src/MySqlConnector/Core/CommandExecutor.cs:line 56
   at MySqlConnector.MySqlCommand.ExecuteReaderAsync(CommandBehavior behavior, IOBehavior ioBehavior, CancellationToken cancellationToken) in /_/src/MySqlConnector/MySqlCommand.cs:line 357
   at MySqlConnector.MySqlCommand.ExecuteDbDataReaderAsync(CommandBehavior behavior, CancellationToken cancellationToken) in /_/src/MySqlConnector/MySqlCommand.cs:line 350
   at Microsoft.EntityFrameworkCore.Storage.RelationalCommand.ExecuteReaderAsync(RelationalCommandParameterObject parameterObject, CancellationToken cancellationToken)
   at Microsoft.EntityFrameworkCore.Storage.RelationalCommand.ExecuteReaderAsync(RelationalCommandParameterObject parameterObject, CancellationToken cancellationToken)
   at Microsoft.EntityFrameworkCore.Update.ReaderModificationCommandBatch.ExecuteAsync(IRelationalConnection connection, CancellationToken cancellationToken)
   --- End of inner exception stack trace ---
   at Microsoft.EntityFrameworkCore.Update.ReaderModificationCommandBatch.ExecuteAsync(IRelationalConnection connection, CancellationToken cancellationToken)
   at Microsoft.EntityFrameworkCore.Update.Internal.BatchExecutor.ExecuteAsync(IEnumerable`1 commandBatches, IRelationalConnection connection, CancellationToken cancellationToken)
   at Microsoft.EntityFrameworkCore.Update.Internal.BatchExecutor.ExecuteAsync(IEnumerable`1 commandBatches, IRelationalConnection connection, CancellationToken cancellationToken)
   at Microsoft.EntityFrameworkCore.Update.Internal.BatchExecutor.ExecuteAsync(IEnumerable`1 commandBatches, IRelationalConnection connection, CancellationToken cancellationToken)
   at Microsoft.EntityFrameworkCore.Storage.RelationalDatabase.SaveChangesAsync(IList`1 entries, CancellationToken cancellationToken)
   at Microsoft.EntityFrameworkCore.ChangeTracking.Internal.StateManager.SaveChangesAsync(IList`1 entriesToSave, CancellationToken cancellationToken)
   at Microsoft.EntityFrameworkCore.ChangeTracking.Internal.StateManager.SaveChangesAsync(StateManager stateManager, Boolean acceptAllChangesOnSuccess, CancellationToken cancellationToken)
   at Microsoft.EntityFrameworkCore.Storage.ExecutionStrategy.<>c__DisplayClass30_0`2.<<ExecuteAsync>b__0>d.MoveNext()
--- End of stack trace from previous location ---
   at Microsoft.EntityFrameworkCore.Storage.ExecutionStrategy.ExecuteImplementationAsync[TState,TResult](Func`4 operation, Func`4 verifySucceeded, TState state, CancellationToken cancellationToken)
   at Microsoft.EntityFrameworkCore.Storage.ExecutionStrategy.ExecuteImplementationAsync[TState,TResult](Func`4 operation, Func`4 verifySucceeded, TState state, CancellationToken cancellationToken)
   at Microsoft.EntityFrameworkCore.Storage.ExecutionStrategy.ExecuteAsync[TState,TResult](TState state, Func`4 operation, Func`4 verifySucceeded, CancellationToken cancellationToken)
   at Microsoft.EntityFrameworkCore.DbContext.SaveChangesAsync(Boolean acceptAllChangesOnSuccess, CancellationToken cancellationToken)
   at Microsoft.EntityFrameworkCore.DbContext.SaveChangesAsync(Boolean acceptAllChangesOnSuccess, CancellationToken cancellationToken)
   at EduNexis.Infrastructure.Persistence.Repositories.UnitOfWork.SaveChangesAsync(CancellationToken ct) in D:\Coding\Projects\edunexis-api\src\EduNexis.Infrastructure\Persistence\Repositories\UnitOfWork.cs:line 32
   at EduNexis.Application.Features.Auth.Commands.RefreshTokenCommandHandler.Handle(RefreshTokenCommand command, CancellationToken ct) in D:\Coding\Projects\edunexis-api\src\EduNexis.Application\Features\Auth\Commands\RefreshTokenCommand.cs:line 30
   at EduNexis.API.Controllers.AuthController.Refresh(RefreshTokenCommand command, CancellationToken ct) in D:\Coding\Projects\edunexis-api\src\EduNexis.API\Controllers\AuthController.cs:line 23
   at Microsoft.AspNetCore.Mvc.Infrastructure.ActionMethodExecutor.TaskOfIActionResultExecutor.Execute(ActionContext actionContext, IActionResultTypeMapper mapper, ObjectMethodExecutor executor, Object controller, Object[] arguments)
   at Microsoft.AspNetCore.Mvc.Infrastructure.ControllerActionInvoker.<InvokeActionMethodAsync>g__Awaited|12_0(ControllerActionInvoker invoker, ValueTask`1 actionResultValueTask)
   at Microsoft.AspNetCore.Mvc.Infrastructure.ControllerActionInvoker.<InvokeNextActionFilterAsync>g__Awaited|10_0(ControllerActionInvoker invoker, Task lastTask, State next, Scope scope, Object state, Boolean isCompleted)
   at Microsoft.AspNetCore.Mvc.Infrastructure.ControllerActionInvoker.Rethrow(ActionExecutedContextSealed context)
   at Microsoft.AspNetCore.Mvc.Infrastructure.ControllerActionInvoker.Next(State& next, Scope& scope, Object& state, Boolean& isCompleted)
   at Microsoft.AspNetCore.Mvc.Infrastructure.ControllerActionInvoker.<InvokeInnerFilterAsync>g__Awaited|13_0(ControllerActionInvoker invoker, Task lastTask, State next, Scope scope, Object state, Boolean isCompleted)
   at Microsoft.AspNetCore.Mvc.Infrastructure.ResourceInvoker.<InvokeFilterPipelineAsync>g__Awaited|20_0(ResourceInvoker invoker, Task lastTask, State next, Scope scope, Object state, Boolean isCompleted)
   at Microsoft.AspNetCore.Mvc.Infrastructure.ResourceInvoker.<InvokeAsync>g__Awaited|17_0(ResourceInvoker invoker, Task task, IDisposable scope)
   at Microsoft.AspNetCore.Mvc.Infrastructure.ResourceInvoker.<InvokeAsync>g__Awaited|17_0(ResourceInvoker invoker, Task task, IDisposable scope)
   at Microsoft.AspNetCore.Authorization.AuthorizationMiddleware.Invoke(HttpContext context)
   at Microsoft.AspNetCore.Authentication.AuthenticationMiddleware.Invoke(HttpContext context)
   at Serilog.AspNetCore.RequestLoggingMiddleware.Invoke(HttpContext httpContext)
   at Swashbuckle.AspNetCore.SwaggerUI.SwaggerUIMiddleware.Invoke(HttpContext httpContext)
   at Swashbuckle.AspNetCore.Swagger.SwaggerMiddleware.Invoke(HttpContext httpContext, ISwaggerProvider swaggerProvider)
   at EduNexis.API.Middleware.ExceptionMiddleware.InvokeAsync(HttpContext context) in D:\Coding\Projects\edunexis-api\src\EduNexis.API\Middleware\ExceptionMiddleware.cs:line 15
2026-03-24 02:28:24.964 +06:00 [INF] HTTP OPTIONS /api/auth/login responded 204 in 2.8662 ms
2026-03-24 02:28:35.338 +06:00 [ERR] Failed executing DbCommand (7,237ms) [Parameters=[@__ToLowerInvariant_0='?' (Size = 255)], CommandType='"Text"', CommandTimeout='30']
SELECT `u`.`Id`, `u`.`CreatedAt`, `u`.`DeletedAt`, `u`.`Email`, `u`.`IsActive`, `u`.`IsDeleted`, `u`.`IsProfileComplete`, `u`.`PasswordHash`, `u`.`RefreshToken`, `u`.`RefreshTokenExpiry`, `u`.`Role`, `u`.`UpdatedAt`, `u0`.`Id`, `u0`.`Bio`, `u0`.`CoverPhotoUrl`, `u0`.`CreatedAt`, `u0`.`DeletedAt`, `u0`.`Department`, `u0`.`Designation`, `u0`.`FacebookUrl`, `u0`.`FullName`, `u0`.`GitHubUrl`, `u0`.`IsDeleted`, `u0`.`LinkedInUrl`, `u0`.`PhoneNumber`, `u0`.`ProfileCompletionPercent`, `u0`.`ProfilePhotoUrl`, `u0`.`StudentId`, `u0`.`TwitterUrl`, `u0`.`UpdatedAt`, `u0`.`UserId`, `u0`.`WebsiteUrl`
FROM `Users` AS `u`
LEFT JOIN `UserProfiles` AS `u0` ON `u`.`Id` = `u0`.`UserId`
WHERE `u`.`Email` = @__ToLowerInvariant_0
LIMIT 1
2026-03-24 02:28:35.489 +06:00 [ERR] An exception occurred while iterating over the results of a query for context type 'EduNexis.Infrastructure.Persistence.AppDbContext'.
MySqlConnector.MySqlException (0x80004005): Failed to read the result set.
 ---> System.Net.Sockets.SocketException (10054): An existing connection was forcibly closed by the remote host.
   at System.Net.Sockets.Socket.AwaitableSocketAsyncEventArgs.ThrowException(SocketError error, CancellationToken cancellationToken)
   at System.Net.Sockets.Socket.AwaitableSocketAsyncEventArgs.System.Threading.Tasks.Sources.IValueTaskSource<System.Int32>.GetResult(Int16 token)
   at MySqlConnector.Protocol.Serialization.SocketByteHandler.DoReadBytesAsync(Memory`1 buffer) in /_/src/MySqlConnector/Protocol/Serialization/SocketByteHandler.cs:line 89
   at MySqlConnector.Protocol.Serialization.BufferedByteReader.ReadBytesAsync(IByteHandler byteHandler, ArraySegment`1 buffer, Int32 totalBytesToRead, IOBehavior ioBehavior) in /_/src/MySqlConnector/Protocol/Serialization/BufferedByteReader.cs:line 34
   at MySqlConnector.Protocol.Serialization.ProtocolUtility.ReadPayloadAsync(BufferedByteReader bufferedByteReader, IByteHandler byteHandler, Func`1 getNextSequenceNumber, ArraySegmentHolder`1 previousPayloads, ProtocolErrorBehavior protocolErrorBehavior, IOBehavior ioBehavior) in /_/src/MySqlConnector/Protocol/Serialization/ProtocolUtility.cs:line 420
   at MySqlConnector.Core.ServerSession.ReceiveReplyAsync(IOBehavior ioBehavior, CancellationToken cancellationToken) in /_/src/MySqlConnector/Core/ServerSession.cs:line 1070
   at MySqlConnector.Core.ResultSet.ReadResultSetHeaderAsync(IOBehavior ioBehavior) in /_/src/MySqlConnector/Core/ResultSet.cs:line 37
   at MySqlConnector.MySqlDataReader.ActivateResultSet(CancellationToken cancellationToken) in /_/src/MySqlConnector/MySqlDataReader.cs:line 134
   at MySqlConnector.MySqlDataReader.InitAsync(CommandListPosition commandListPosition, ICommandPayloadCreator payloadCreator, IDictionary`2 cachedProcedures, IMySqlCommand command, CommandBehavior behavior, Activity activity, IOBehavior ioBehavior, CancellationToken cancellationToken) in /_/src/MySqlConnector/MySqlDataReader.cs:line 487
   at MySqlConnector.Core.CommandExecutor.ExecuteReaderAsync(CommandListPosition commandListPosition, ICommandPayloadCreator payloadCreator, CommandBehavior behavior, Activity activity, IOBehavior ioBehavior, CancellationToken cancellationToken) in /_/src/MySqlConnector/Core/CommandExecutor.cs:line 56
   at MySqlConnector.MySqlCommand.ExecuteReaderAsync(CommandBehavior behavior, IOBehavior ioBehavior, CancellationToken cancellationToken) in /_/src/MySqlConnector/MySqlCommand.cs:line 357
   at MySqlConnector.MySqlCommand.ExecuteDbDataReaderAsync(CommandBehavior behavior, CancellationToken cancellationToken) in /_/src/MySqlConnector/MySqlCommand.cs:line 350
   at Microsoft.EntityFrameworkCore.Storage.RelationalCommand.ExecuteReaderAsync(RelationalCommandParameterObject parameterObject, CancellationToken cancellationToken)
   at Microsoft.EntityFrameworkCore.Storage.RelationalCommand.ExecuteReaderAsync(RelationalCommandParameterObject parameterObject, CancellationToken cancellationToken)
   at Microsoft.EntityFrameworkCore.Query.Internal.SingleQueryingEnumerable`1.AsyncEnumerator.InitializeReaderAsync(AsyncEnumerator enumerator, CancellationToken cancellationToken)
   at Microsoft.EntityFrameworkCore.Storage.ExecutionStrategy.<>c__DisplayClass30_0`2.<<ExecuteAsync>b__0>d.MoveNext()
--- End of stack trace from previous location ---
   at Microsoft.EntityFrameworkCore.Storage.ExecutionStrategy.ExecuteImplementationAsync[TState,TResult](Func`4 operation, Func`4 verifySucceeded, TState state, CancellationToken cancellationToken)
   at Microsoft.EntityFrameworkCore.Storage.ExecutionStrategy.ExecuteImplementationAsync[TState,TResult](Func`4 operation, Func`4 verifySucceeded, TState state, CancellationToken cancellationToken)
   at Microsoft.EntityFrameworkCore.Storage.ExecutionStrategy.ExecuteAsync[TState,TResult](TState state, Func`4 operation, Func`4 verifySucceeded, CancellationToken cancellationToken)
   at Microsoft.EntityFrameworkCore.Query.Internal.SingleQueryingEnumerable`1.AsyncEnumerator.MoveNextAsync()
MySqlConnector.MySqlException (0x80004005): Failed to read the result set.
 ---> System.Net.Sockets.SocketException (10054): An existing connection was forcibly closed by the remote host.
   at System.Net.Sockets.Socket.AwaitableSocketAsyncEventArgs.ThrowException(SocketError error, CancellationToken cancellationToken)
   at System.Net.Sockets.Socket.AwaitableSocketAsyncEventArgs.System.Threading.Tasks.Sources.IValueTaskSource<System.Int32>.GetResult(Int16 token)
   at MySqlConnector.Protocol.Serialization.SocketByteHandler.DoReadBytesAsync(Memory`1 buffer) in /_/src/MySqlConnector/Protocol/Serialization/SocketByteHandler.cs:line 89
   at MySqlConnector.Protocol.Serialization.BufferedByteReader.ReadBytesAsync(IByteHandler byteHandler, ArraySegment`1 buffer, Int32 totalBytesToRead, IOBehavior ioBehavior) in /_/src/MySqlConnector/Protocol/Serialization/BufferedByteReader.cs:line 34
   at MySqlConnector.Protocol.Serialization.ProtocolUtility.ReadPayloadAsync(BufferedByteReader bufferedByteReader, IByteHandler byteHandler, Func`1 getNextSequenceNumber, ArraySegmentHolder`1 previousPayloads, ProtocolErrorBehavior protocolErrorBehavior, IOBehavior ioBehavior) in /_/src/MySqlConnector/Protocol/Serialization/ProtocolUtility.cs:line 420
   at MySqlConnector.Core.ServerSession.ReceiveReplyAsync(IOBehavior ioBehavior, CancellationToken cancellationToken) in /_/src/MySqlConnector/Core/ServerSession.cs:line 1070
   at MySqlConnector.Core.ResultSet.ReadResultSetHeaderAsync(IOBehavior ioBehavior) in /_/src/MySqlConnector/Core/ResultSet.cs:line 37
   at MySqlConnector.MySqlDataReader.ActivateResultSet(CancellationToken cancellationToken) in /_/src/MySqlConnector/MySqlDataReader.cs:line 134
   at MySqlConnector.MySqlDataReader.InitAsync(CommandListPosition commandListPosition, ICommandPayloadCreator payloadCreator, IDictionary`2 cachedProcedures, IMySqlCommand command, CommandBehavior behavior, Activity activity, IOBehavior ioBehavior, CancellationToken cancellationToken) in /_/src/MySqlConnector/MySqlDataReader.cs:line 487
   at MySqlConnector.Core.CommandExecutor.ExecuteReaderAsync(CommandListPosition commandListPosition, ICommandPayloadCreator payloadCreator, CommandBehavior behavior, Activity activity, IOBehavior ioBehavior, CancellationToken cancellationToken) in /_/src/MySqlConnector/Core/CommandExecutor.cs:line 56
   at MySqlConnector.MySqlCommand.ExecuteReaderAsync(CommandBehavior behavior, IOBehavior ioBehavior, CancellationToken cancellationToken) in /_/src/MySqlConnector/MySqlCommand.cs:line 357
   at MySqlConnector.MySqlCommand.ExecuteDbDataReaderAsync(CommandBehavior behavior, CancellationToken cancellationToken) in /_/src/MySqlConnector/MySqlCommand.cs:line 350
   at Microsoft.EntityFrameworkCore.Storage.RelationalCommand.ExecuteReaderAsync(RelationalCommandParameterObject parameterObject, CancellationToken cancellationToken)
   at Microsoft.EntityFrameworkCore.Storage.RelationalCommand.ExecuteReaderAsync(RelationalCommandParameterObject parameterObject, CancellationToken cancellationToken)
   at Microsoft.EntityFrameworkCore.Query.Internal.SingleQueryingEnumerable`1.AsyncEnumerator.InitializeReaderAsync(AsyncEnumerator enumerator, CancellationToken cancellationToken)
   at Microsoft.EntityFrameworkCore.Storage.ExecutionStrategy.<>c__DisplayClass30_0`2.<<ExecuteAsync>b__0>d.MoveNext()
--- End of stack trace from previous location ---
   at Microsoft.EntityFrameworkCore.Storage.ExecutionStrategy.ExecuteImplementationAsync[TState,TResult](Func`4 operation, Func`4 verifySucceeded, TState state, CancellationToken cancellationToken)
   at Microsoft.EntityFrameworkCore.Storage.ExecutionStrategy.ExecuteImplementationAsync[TState,TResult](Func`4 operation, Func`4 verifySucceeded, TState state, CancellationToken cancellationToken)
   at Microsoft.EntityFrameworkCore.Storage.ExecutionStrategy.ExecuteAsync[TState,TResult](TState state, Func`4 operation, Func`4 verifySucceeded, CancellationToken cancellationToken)
   at Microsoft.EntityFrameworkCore.Query.Internal.SingleQueryingEnumerable`1.AsyncEnumerator.MoveNextAsync()
2026-03-24 02:28:35.556 +06:00 [ERR] HTTP POST /api/auth/login responded 500 in 10508.3845 ms
MySqlConnector.MySqlException (0x80004005): Failed to read the result set.
 ---> System.Net.Sockets.SocketException (10054): An existing connection was forcibly closed by the remote host.
   at System.Net.Sockets.Socket.AwaitableSocketAsyncEventArgs.ThrowException(SocketError error, CancellationToken cancellationToken)
   at System.Net.Sockets.Socket.AwaitableSocketAsyncEventArgs.System.Threading.Tasks.Sources.IValueTaskSource<System.Int32>.GetResult(Int16 token)
   at MySqlConnector.Protocol.Serialization.SocketByteHandler.DoReadBytesAsync(Memory`1 buffer) in /_/src/MySqlConnector/Protocol/Serialization/SocketByteHandler.cs:line 89
   at MySqlConnector.Protocol.Serialization.BufferedByteReader.ReadBytesAsync(IByteHandler byteHandler, ArraySegment`1 buffer, Int32 totalBytesToRead, IOBehavior ioBehavior) in /_/src/MySqlConnector/Protocol/Serialization/BufferedByteReader.cs:line 34
   at MySqlConnector.Protocol.Serialization.ProtocolUtility.ReadPayloadAsync(BufferedByteReader bufferedByteReader, IByteHandler byteHandler, Func`1 getNextSequenceNumber, ArraySegmentHolder`1 previousPayloads, ProtocolErrorBehavior protocolErrorBehavior, IOBehavior ioBehavior) in /_/src/MySqlConnector/Protocol/Serialization/ProtocolUtility.cs:line 420
   at MySqlConnector.Core.ServerSession.ReceiveReplyAsync(IOBehavior ioBehavior, CancellationToken cancellationToken) in /_/src/MySqlConnector/Core/ServerSession.cs:line 1070
   at MySqlConnector.Core.ResultSet.ReadResultSetHeaderAsync(IOBehavior ioBehavior) in /_/src/MySqlConnector/Core/ResultSet.cs:line 37
   at MySqlConnector.MySqlDataReader.ActivateResultSet(CancellationToken cancellationToken) in /_/src/MySqlConnector/MySqlDataReader.cs:line 134
   at MySqlConnector.MySqlDataReader.InitAsync(CommandListPosition commandListPosition, ICommandPayloadCreator payloadCreator, IDictionary`2 cachedProcedures, IMySqlCommand command, CommandBehavior behavior, Activity activity, IOBehavior ioBehavior, CancellationToken cancellationToken) in /_/src/MySqlConnector/MySqlDataReader.cs:line 487
   at MySqlConnector.Core.CommandExecutor.ExecuteReaderAsync(CommandListPosition commandListPosition, ICommandPayloadCreator payloadCreator, CommandBehavior behavior, Activity activity, IOBehavior ioBehavior, CancellationToken cancellationToken) in /_/src/MySqlConnector/Core/CommandExecutor.cs:line 56
   at MySqlConnector.MySqlCommand.ExecuteReaderAsync(CommandBehavior behavior, IOBehavior ioBehavior, CancellationToken cancellationToken) in /_/src/MySqlConnector/MySqlCommand.cs:line 357
   at MySqlConnector.MySqlCommand.ExecuteDbDataReaderAsync(CommandBehavior behavior, CancellationToken cancellationToken) in /_/src/MySqlConnector/MySqlCommand.cs:line 350
   at Microsoft.EntityFrameworkCore.Storage.RelationalCommand.ExecuteReaderAsync(RelationalCommandParameterObject parameterObject, CancellationToken cancellationToken)
   at Microsoft.EntityFrameworkCore.Storage.RelationalCommand.ExecuteReaderAsync(RelationalCommandParameterObject parameterObject, CancellationToken cancellationToken)
   at Microsoft.EntityFrameworkCore.Query.Internal.SingleQueryingEnumerable`1.AsyncEnumerator.InitializeReaderAsync(AsyncEnumerator enumerator, CancellationToken cancellationToken)
   at Microsoft.EntityFrameworkCore.Storage.ExecutionStrategy.<>c__DisplayClass30_0`2.<<ExecuteAsync>b__0>d.MoveNext()
--- End of stack trace from previous location ---
   at Microsoft.EntityFrameworkCore.Storage.ExecutionStrategy.ExecuteImplementationAsync[TState,TResult](Func`4 operation, Func`4 verifySucceeded, TState state, CancellationToken cancellationToken)
   at Microsoft.EntityFrameworkCore.Storage.ExecutionStrategy.ExecuteImplementationAsync[TState,TResult](Func`4 operation, Func`4 verifySucceeded, TState state, CancellationToken cancellationToken)
   at Microsoft.EntityFrameworkCore.Storage.ExecutionStrategy.ExecuteAsync[TState,TResult](TState state, Func`4 operation, Func`4 verifySucceeded, CancellationToken cancellationToken)
   at Microsoft.EntityFrameworkCore.Query.Internal.SingleQueryingEnumerable`1.AsyncEnumerator.MoveNextAsync()
   at Microsoft.EntityFrameworkCore.Query.ShapedQueryCompilingExpressionVisitor.SingleOrDefaultAsync[TSource](IAsyncEnumerable`1 asyncEnumerable, CancellationToken cancellationToken)
   at Microsoft.EntityFrameworkCore.Query.ShapedQueryCompilingExpressionVisitor.SingleOrDefaultAsync[TSource](IAsyncEnumerable`1 asyncEnumerable, CancellationToken cancellationToken)
   at EduNexis.Infrastructure.Persistence.Repositories.UserRepository.GetByEmailAsync(String email, CancellationToken ct) in D:\Coding\Projects\edunexis-api\src\EduNexis.Infrastructure\Persistence\Repositories\UserRepository.cs:line 12
   at EduNexis.Application.Features.Auth.Commands.LoginUserCommandHandler.Handle(LoginUserCommand command, CancellationToken ct) in D:\Coding\Projects\edunexis-api\src\EduNexis.Application\Features\Auth\Commands\LoginUserCommand.cs:line 24
   at EduNexis.API.Controllers.AuthController.Login(LoginUserCommand command, CancellationToken ct) in D:\Coding\Projects\edunexis-api\src\EduNexis.API\Controllers\AuthController.cs:line 18
   at Microsoft.AspNetCore.Mvc.Infrastructure.ActionMethodExecutor.TaskOfIActionResultExecutor.Execute(ActionContext actionContext, IActionResultTypeMapper mapper, ObjectMethodExecutor executor, Object controller, Object[] arguments)
   at Microsoft.AspNetCore.Mvc.Infrastructure.ControllerActionInvoker.<InvokeActionMethodAsync>g__Awaited|12_0(ControllerActionInvoker invoker, ValueTask`1 actionResultValueTask)
   at Microsoft.AspNetCore.Mvc.Infrastructure.ControllerActionInvoker.<InvokeNextActionFilterAsync>g__Awaited|10_0(ControllerActionInvoker invoker, Task lastTask, State next, Scope scope, Object state, Boolean isCompleted)
   at Microsoft.AspNetCore.Mvc.Infrastructure.ControllerActionInvoker.Rethrow(ActionExecutedContextSealed context)
   at Microsoft.AspNetCore.Mvc.Infrastructure.ControllerActionInvoker.Next(State& next, Scope& scope, Object& state, Boolean& isCompleted)
   at Microsoft.AspNetCore.Mvc.Infrastructure.ControllerActionInvoker.<InvokeInnerFilterAsync>g__Awaited|13_0(ControllerActionInvoker invoker, Task lastTask, State next, Scope scope, Object state, Boolean isCompleted)
   at Microsoft.AspNetCore.Mvc.Infrastructure.ResourceInvoker.<InvokeFilterPipelineAsync>g__Awaited|20_0(ResourceInvoker invoker, Task lastTask, State next, Scope scope, Object state, Boolean isCompleted)
   at Microsoft.AspNetCore.Mvc.Infrastructure.ResourceInvoker.<InvokeAsync>g__Awaited|17_0(ResourceInvoker invoker, Task task, IDisposable scope)
   at Microsoft.AspNetCore.Mvc.Infrastructure.ResourceInvoker.<InvokeAsync>g__Awaited|17_0(ResourceInvoker invoker, Task task, IDisposable scope)
   at Microsoft.AspNetCore.Authorization.AuthorizationMiddleware.Invoke(HttpContext context)
   at Microsoft.AspNetCore.Authentication.AuthenticationMiddleware.Invoke(HttpContext context)
   at Serilog.AspNetCore.RequestLoggingMiddleware.Invoke(HttpContext httpContext)
2026-03-24 02:28:35.692 +06:00 [ERR] Unhandled exception: Failed to read the result set.
MySqlConnector.MySqlException (0x80004005): Failed to read the result set.
 ---> System.Net.Sockets.SocketException (10054): An existing connection was forcibly closed by the remote host.
   at System.Net.Sockets.Socket.AwaitableSocketAsyncEventArgs.ThrowException(SocketError error, CancellationToken cancellationToken)
   at System.Net.Sockets.Socket.AwaitableSocketAsyncEventArgs.System.Threading.Tasks.Sources.IValueTaskSource<System.Int32>.GetResult(Int16 token)
   at MySqlConnector.Protocol.Serialization.SocketByteHandler.DoReadBytesAsync(Memory`1 buffer) in /_/src/MySqlConnector/Protocol/Serialization/SocketByteHandler.cs:line 89
   at MySqlConnector.Protocol.Serialization.BufferedByteReader.ReadBytesAsync(IByteHandler byteHandler, ArraySegment`1 buffer, Int32 totalBytesToRead, IOBehavior ioBehavior) in /_/src/MySqlConnector/Protocol/Serialization/BufferedByteReader.cs:line 34
   at MySqlConnector.Protocol.Serialization.ProtocolUtility.ReadPayloadAsync(BufferedByteReader bufferedByteReader, IByteHandler byteHandler, Func`1 getNextSequenceNumber, ArraySegmentHolder`1 previousPayloads, ProtocolErrorBehavior protocolErrorBehavior, IOBehavior ioBehavior) in /_/src/MySqlConnector/Protocol/Serialization/ProtocolUtility.cs:line 420
   at MySqlConnector.Core.ServerSession.ReceiveReplyAsync(IOBehavior ioBehavior, CancellationToken cancellationToken) in /_/src/MySqlConnector/Core/ServerSession.cs:line 1070
   at MySqlConnector.Core.ResultSet.ReadResultSetHeaderAsync(IOBehavior ioBehavior) in /_/src/MySqlConnector/Core/ResultSet.cs:line 37
   at MySqlConnector.MySqlDataReader.ActivateResultSet(CancellationToken cancellationToken) in /_/src/MySqlConnector/MySqlDataReader.cs:line 134
   at MySqlConnector.MySqlDataReader.InitAsync(CommandListPosition commandListPosition, ICommandPayloadCreator payloadCreator, IDictionary`2 cachedProcedures, IMySqlCommand command, CommandBehavior behavior, Activity activity, IOBehavior ioBehavior, CancellationToken cancellationToken) in /_/src/MySqlConnector/MySqlDataReader.cs:line 487
   at MySqlConnector.Core.CommandExecutor.ExecuteReaderAsync(CommandListPosition commandListPosition, ICommandPayloadCreator payloadCreator, CommandBehavior behavior, Activity activity, IOBehavior ioBehavior, CancellationToken cancellationToken) in /_/src/MySqlConnector/Core/CommandExecutor.cs:line 56
   at MySqlConnector.MySqlCommand.ExecuteReaderAsync(CommandBehavior behavior, IOBehavior ioBehavior, CancellationToken cancellationToken) in /_/src/MySqlConnector/MySqlCommand.cs:line 357
   at MySqlConnector.MySqlCommand.ExecuteDbDataReaderAsync(CommandBehavior behavior, CancellationToken cancellationToken) in /_/src/MySqlConnector/MySqlCommand.cs:line 350
   at Microsoft.EntityFrameworkCore.Storage.RelationalCommand.ExecuteReaderAsync(RelationalCommandParameterObject parameterObject, CancellationToken cancellationToken)
   at Microsoft.EntityFrameworkCore.Storage.RelationalCommand.ExecuteReaderAsync(RelationalCommandParameterObject parameterObject, CancellationToken cancellationToken)
   at Microsoft.EntityFrameworkCore.Query.Internal.SingleQueryingEnumerable`1.AsyncEnumerator.InitializeReaderAsync(AsyncEnumerator enumerator, CancellationToken cancellationToken)
   at Microsoft.EntityFrameworkCore.Storage.ExecutionStrategy.<>c__DisplayClass30_0`2.<<ExecuteAsync>b__0>d.MoveNext()
--- End of stack trace from previous location ---
   at Microsoft.EntityFrameworkCore.Storage.ExecutionStrategy.ExecuteImplementationAsync[TState,TResult](Func`4 operation, Func`4 verifySucceeded, TState state, CancellationToken cancellationToken)
   at Microsoft.EntityFrameworkCore.Storage.ExecutionStrategy.ExecuteImplementationAsync[TState,TResult](Func`4 operation, Func`4 verifySucceeded, TState state, CancellationToken cancellationToken)
   at Microsoft.EntityFrameworkCore.Storage.ExecutionStrategy.ExecuteAsync[TState,TResult](TState state, Func`4 operation, Func`4 verifySucceeded, CancellationToken cancellationToken)
   at Microsoft.EntityFrameworkCore.Query.Internal.SingleQueryingEnumerable`1.AsyncEnumerator.MoveNextAsync()
   at Microsoft.EntityFrameworkCore.Query.ShapedQueryCompilingExpressionVisitor.SingleOrDefaultAsync[TSource](IAsyncEnumerable`1 asyncEnumerable, CancellationToken cancellationToken)
   at Microsoft.EntityFrameworkCore.Query.ShapedQueryCompilingExpressionVisitor.SingleOrDefaultAsync[TSource](IAsyncEnumerable`1 asyncEnumerable, CancellationToken cancellationToken)
   at EduNexis.Infrastructure.Persistence.Repositories.UserRepository.GetByEmailAsync(String email, CancellationToken ct) in D:\Coding\Projects\edunexis-api\src\EduNexis.Infrastructure\Persistence\Repositories\UserRepository.cs:line 12
   at EduNexis.Application.Features.Auth.Commands.LoginUserCommandHandler.Handle(LoginUserCommand command, CancellationToken ct) in D:\Coding\Projects\edunexis-api\src\EduNexis.Application\Features\Auth\Commands\LoginUserCommand.cs:line 24
   at EduNexis.API.Controllers.AuthController.Login(LoginUserCommand command, CancellationToken ct) in D:\Coding\Projects\edunexis-api\src\EduNexis.API\Controllers\AuthController.cs:line 18
   at Microsoft.AspNetCore.Mvc.Infrastructure.ActionMethodExecutor.TaskOfIActionResultExecutor.Execute(ActionContext actionContext, IActionResultTypeMapper mapper, ObjectMethodExecutor executor, Object controller, Object[] arguments)
   at Microsoft.AspNetCore.Mvc.Infrastructure.ControllerActionInvoker.<InvokeActionMethodAsync>g__Awaited|12_0(ControllerActionInvoker invoker, ValueTask`1 actionResultValueTask)
   at Microsoft.AspNetCore.Mvc.Infrastructure.ControllerActionInvoker.<InvokeNextActionFilterAsync>g__Awaited|10_0(ControllerActionInvoker invoker, Task lastTask, State next, Scope scope, Object state, Boolean isCompleted)
   at Microsoft.AspNetCore.Mvc.Infrastructure.ControllerActionInvoker.Rethrow(ActionExecutedContextSealed context)
   at Microsoft.AspNetCore.Mvc.Infrastructure.ControllerActionInvoker.Next(State& next, Scope& scope, Object& state, Boolean& isCompleted)
   at Microsoft.AspNetCore.Mvc.Infrastructure.ControllerActionInvoker.<InvokeInnerFilterAsync>g__Awaited|13_0(ControllerActionInvoker invoker, Task lastTask, State next, Scope scope, Object state, Boolean isCompleted)
   at Microsoft.AspNetCore.Mvc.Infrastructure.ResourceInvoker.<InvokeFilterPipelineAsync>g__Awaited|20_0(ResourceInvoker invoker, Task lastTask, State next, Scope scope, Object state, Boolean isCompleted)
   at Microsoft.AspNetCore.Mvc.Infrastructure.ResourceInvoker.<InvokeAsync>g__Awaited|17_0(ResourceInvoker invoker, Task task, IDisposable scope)
   at Microsoft.AspNetCore.Mvc.Infrastructure.ResourceInvoker.<InvokeAsync>g__Awaited|17_0(ResourceInvoker invoker, Task task, IDisposable scope)
   at Microsoft.AspNetCore.Authorization.AuthorizationMiddleware.Invoke(HttpContext context)
   at Microsoft.AspNetCore.Authentication.AuthenticationMiddleware.Invoke(HttpContext context)
   at Serilog.AspNetCore.RequestLoggingMiddleware.Invoke(HttpContext httpContext)
   at Swashbuckle.AspNetCore.SwaggerUI.SwaggerUIMiddleware.Invoke(HttpContext httpContext)
   at Swashbuckle.AspNetCore.Swagger.SwaggerMiddleware.Invoke(HttpContext httpContext, ISwaggerProvider swaggerProvider)
   at EduNexis.API.Middleware.ExceptionMiddleware.InvokeAsync(HttpContext context) in D:\Coding\Projects\edunexis-api\src\EduNexis.API\Middleware\ExceptionMiddleware.cs:line 15
2026-03-24 02:28:54.535 +06:00 [INF] HTTP OPTIONS /api/auth/login responded 204 in 0.5210 ms
2026-03-24 02:28:58.753 +06:00 [ERR] An error occurred using the connection to database 'edunexis_db' on server 'localhost'.
2026-03-24 02:29:02.826 +06:00 [ERR] An error occurred using the connection to database 'edunexis_db' on server 'localhost'.
2026-03-24 02:29:07.904 +06:00 [ERR] An error occurred using the connection to database 'edunexis_db' on server 'localhost'.
2026-03-24 02:29:15.163 +06:00 [ERR] An error occurred using the connection to database 'edunexis_db' on server 'localhost'.
2026-03-24 02:29:15.261 +06:00 [ERR] An exception occurred while iterating over the results of a query for context type 'EduNexis.Infrastructure.Persistence.AppDbContext'.
Microsoft.EntityFrameworkCore.Storage.RetryLimitExceededException: The maximum number of retries (3) was exceeded while executing database operations with 'MySqlRetryingExecutionStrategy'. See the inner exception for the most recent failure.
 ---> MySqlConnector.MySqlException (0x80004005): Unable to connect to any of the specified MySQL hosts.
   at MySqlConnector.Core.ServerSession.OpenTcpSocketAsync(ConnectionSettings cs, ILoadBalancer loadBalancer, Activity activity, IOBehavior ioBehavior, CancellationToken cancellationToken) in /_/src/MySqlConnector/Core/ServerSession.cs:line 1283
   at MySqlConnector.Core.ServerSession.ConnectAsync(ConnectionSettings cs, MySqlConnection connection, Int64 startingTimestamp, ILoadBalancer loadBalancer, Activity activity, IOBehavior ioBehavior, CancellationToken cancellationToken) in /_/src/MySqlConnector/Core/ServerSession.cs:line 427
   at MySqlConnector.Core.ServerSession.ConnectAndRedirectAsync(ILogger connectionLogger, ILogger poolLogger, IConnectionPoolMetadata pool, ConnectionSettings cs, ILoadBalancer loadBalancer, MySqlConnection connection, Action`4 logMessage, Int64 startingTimestamp, Activity activity, IOBehavior ioBehavior, CancellationToken cancellationToken) in /_/src/MySqlConnector/Core/ServerSession.cs:line 697
   at MySqlConnector.Core.ServerSession.ConnectAndRedirectAsync(ILogger connectionLogger, ILogger poolLogger, IConnectionPoolMetadata pool, ConnectionSettings cs, ILoadBalancer loadBalancer, MySqlConnection connection, Action`4 logMessage, Int64 startingTimestamp, Activity activity, IOBehavior ioBehavior, CancellationToken cancellationToken) in /_/src/MySqlConnector/Core/ServerSession.cs:line 702
   at MySqlConnector.Core.ConnectionPool.GetSessionAsync(MySqlConnection connection, Int64 startingTimestamp, Int32 timeoutMilliseconds, Activity activity, IOBehavior ioBehavior, CancellationToken cancellationToken) in /_/src/MySqlConnector/Core/ConnectionPool.cs:line 116
   at MySqlConnector.Core.ConnectionPool.GetSessionAsync(MySqlConnection connection, Int64 startingTimestamp, Int32 timeoutMilliseconds, Activity activity, IOBehavior ioBehavior, CancellationToken cancellationToken) in /_/src/MySqlConnector/Core/ConnectionPool.cs:line 150
   at MySqlConnector.MySqlConnection.CreateSessionAsync(ConnectionPool pool, Int64 startingTimestamp, Activity activity, Nullable`1 ioBehavior, CancellationToken cancellationToken) in /_/src/MySqlConnector/MySqlConnection.cs:line 1092
   at MySqlConnector.MySqlConnection.OpenAsync(Nullable`1 ioBehavior, CancellationToken cancellationToken) in /_/src/MySqlConnector/MySqlConnection.cs:line 567
   at Microsoft.EntityFrameworkCore.Storage.RelationalConnection.OpenInternalAsync(Boolean errorsExpected, CancellationToken cancellationToken)
   at Microsoft.EntityFrameworkCore.Storage.RelationalConnection.OpenInternalAsync(Boolean errorsExpected, CancellationToken cancellationToken)
   at Microsoft.EntityFrameworkCore.Storage.RelationalConnection.OpenAsync(CancellationToken cancellationToken, Boolean errorsExpected)
   at Pomelo.EntityFrameworkCore.MySql.Storage.Internal.MySqlRelationalConnection.OpenAsync(CancellationToken cancellationToken, Boolean errorsExpected)
   at Microsoft.EntityFrameworkCore.Storage.RelationalCommand.ExecuteReaderAsync(RelationalCommandParameterObject parameterObject, CancellationToken cancellationToken)
   at Microsoft.EntityFrameworkCore.Query.Internal.SingleQueryingEnumerable`1.AsyncEnumerator.InitializeReaderAsync(AsyncEnumerator enumerator, CancellationToken cancellationToken)
   at Microsoft.EntityFrameworkCore.Storage.ExecutionStrategy.<>c__DisplayClass30_0`2.<<ExecuteAsync>b__0>d.MoveNext()
--- End of stack trace from previous location ---
   at Microsoft.EntityFrameworkCore.Storage.ExecutionStrategy.ExecuteImplementationAsync[TState,TResult](Func`4 operation, Func`4 verifySucceeded, TState state, CancellationToken cancellationToken)
   --- End of inner exception stack trace ---
   at Microsoft.EntityFrameworkCore.Storage.ExecutionStrategy.ExecuteImplementationAsync[TState,TResult](Func`4 operation, Func`4 verifySucceeded, TState state, CancellationToken cancellationToken)
   at Microsoft.EntityFrameworkCore.Storage.ExecutionStrategy.ExecuteAsync[TState,TResult](TState state, Func`4 operation, Func`4 verifySucceeded, CancellationToken cancellationToken)
   at Microsoft.EntityFrameworkCore.Query.Internal.SingleQueryingEnumerable`1.AsyncEnumerator.MoveNextAsync()
Microsoft.EntityFrameworkCore.Storage.RetryLimitExceededException: The maximum number of retries (3) was exceeded while executing database operations with 'MySqlRetryingExecutionStrategy'. See the inner exception for the most recent failure.
 ---> MySqlConnector.MySqlException (0x80004005): Unable to connect to any of the specified MySQL hosts.
   at MySqlConnector.Core.ServerSession.OpenTcpSocketAsync(ConnectionSettings cs, ILoadBalancer loadBalancer, Activity activity, IOBehavior ioBehavior, CancellationToken cancellationToken) in /_/src/MySqlConnector/Core/ServerSession.cs:line 1283
   at MySqlConnector.Core.ServerSession.ConnectAsync(ConnectionSettings cs, MySqlConnection connection, Int64 startingTimestamp, ILoadBalancer loadBalancer, Activity activity, IOBehavior ioBehavior, CancellationToken cancellationToken) in /_/src/MySqlConnector/Core/ServerSession.cs:line 427
   at MySqlConnector.Core.ServerSession.ConnectAndRedirectAsync(ILogger connectionLogger, ILogger poolLogger, IConnectionPoolMetadata pool, ConnectionSettings cs, ILoadBalancer loadBalancer, MySqlConnection connection, Action`4 logMessage, Int64 startingTimestamp, Activity activity, IOBehavior ioBehavior, CancellationToken cancellationToken) in /_/src/MySqlConnector/Core/ServerSession.cs:line 697
   at MySqlConnector.Core.ServerSession.ConnectAndRedirectAsync(ILogger connectionLogger, ILogger poolLogger, IConnectionPoolMetadata pool, ConnectionSettings cs, ILoadBalancer loadBalancer, MySqlConnection connection, Action`4 logMessage, Int64 startingTimestamp, Activity activity, IOBehavior ioBehavior, CancellationToken cancellationToken) in /_/src/MySqlConnector/Core/ServerSession.cs:line 702
   at MySqlConnector.Core.ConnectionPool.GetSessionAsync(MySqlConnection connection, Int64 startingTimestamp, Int32 timeoutMilliseconds, Activity activity, IOBehavior ioBehavior, CancellationToken cancellationToken) in /_/src/MySqlConnector/Core/ConnectionPool.cs:line 116
   at MySqlConnector.Core.ConnectionPool.GetSessionAsync(MySqlConnection connection, Int64 startingTimestamp, Int32 timeoutMilliseconds, Activity activity, IOBehavior ioBehavior, CancellationToken cancellationToken) in /_/src/MySqlConnector/Core/ConnectionPool.cs:line 150
   at MySqlConnector.MySqlConnection.CreateSessionAsync(ConnectionPool pool, Int64 startingTimestamp, Activity activity, Nullable`1 ioBehavior, CancellationToken cancellationToken) in /_/src/MySqlConnector/MySqlConnection.cs:line 1092
   at MySqlConnector.MySqlConnection.OpenAsync(Nullable`1 ioBehavior, CancellationToken cancellationToken) in /_/src/MySqlConnector/MySqlConnection.cs:line 567
   at Microsoft.EntityFrameworkCore.Storage.RelationalConnection.OpenInternalAsync(Boolean errorsExpected, CancellationToken cancellationToken)
   at Microsoft.EntityFrameworkCore.Storage.RelationalConnection.OpenInternalAsync(Boolean errorsExpected, CancellationToken cancellationToken)
   at Microsoft.EntityFrameworkCore.Storage.RelationalConnection.OpenAsync(CancellationToken cancellationToken, Boolean errorsExpected)
   at Pomelo.EntityFrameworkCore.MySql.Storage.Internal.MySqlRelationalConnection.OpenAsync(CancellationToken cancellationToken, Boolean errorsExpected)
   at Microsoft.EntityFrameworkCore.Storage.RelationalCommand.ExecuteReaderAsync(RelationalCommandParameterObject parameterObject, CancellationToken cancellationToken)
   at Microsoft.EntityFrameworkCore.Query.Internal.SingleQueryingEnumerable`1.AsyncEnumerator.InitializeReaderAsync(AsyncEnumerator enumerator, CancellationToken cancellationToken)
   at Microsoft.EntityFrameworkCore.Storage.ExecutionStrategy.<>c__DisplayClass30_0`2.<<ExecuteAsync>b__0>d.MoveNext()
--- End of stack trace from previous location ---
   at Microsoft.EntityFrameworkCore.Storage.ExecutionStrategy.ExecuteImplementationAsync[TState,TResult](Func`4 operation, Func`4 verifySucceeded, TState state, CancellationToken cancellationToken)
   --- End of inner exception stack trace ---
   at Microsoft.EntityFrameworkCore.Storage.ExecutionStrategy.ExecuteImplementationAsync[TState,TResult](Func`4 operation, Func`4 verifySucceeded, TState state, CancellationToken cancellationToken)
   at Microsoft.EntityFrameworkCore.Storage.ExecutionStrategy.ExecuteAsync[TState,TResult](TState state, Func`4 operation, Func`4 verifySucceeded, CancellationToken cancellationToken)
   at Microsoft.EntityFrameworkCore.Query.Internal.SingleQueryingEnumerable`1.AsyncEnumerator.MoveNextAsync()
2026-03-24 02:29:15.291 +06:00 [ERR] HTTP POST /api/auth/login responded 500 in 20751.6341 ms
Microsoft.EntityFrameworkCore.Storage.RetryLimitExceededException: The maximum number of retries (3) was exceeded while executing database operations with 'MySqlRetryingExecutionStrategy'. See the inner exception for the most recent failure.
 ---> MySqlConnector.MySqlException (0x80004005): Unable to connect to any of the specified MySQL hosts.
   at MySqlConnector.Core.ServerSession.OpenTcpSocketAsync(ConnectionSettings cs, ILoadBalancer loadBalancer, Activity activity, IOBehavior ioBehavior, CancellationToken cancellationToken) in /_/src/MySqlConnector/Core/ServerSession.cs:line 1283
   at MySqlConnector.Core.ServerSession.ConnectAsync(ConnectionSettings cs, MySqlConnection connection, Int64 startingTimestamp, ILoadBalancer loadBalancer, Activity activity, IOBehavior ioBehavior, CancellationToken cancellationToken) in /_/src/MySqlConnector/Core/ServerSession.cs:line 427
   at MySqlConnector.Core.ServerSession.ConnectAndRedirectAsync(ILogger connectionLogger, ILogger poolLogger, IConnectionPoolMetadata pool, ConnectionSettings cs, ILoadBalancer loadBalancer, MySqlConnection connection, Action`4 logMessage, Int64 startingTimestamp, Activity activity, IOBehavior ioBehavior, CancellationToken cancellationToken) in /_/src/MySqlConnector/Core/ServerSession.cs:line 697
   at MySqlConnector.Core.ServerSession.ConnectAndRedirectAsync(ILogger connectionLogger, ILogger poolLogger, IConnectionPoolMetadata pool, ConnectionSettings cs, ILoadBalancer loadBalancer, MySqlConnection connection, Action`4 logMessage, Int64 startingTimestamp, Activity activity, IOBehavior ioBehavior, CancellationToken cancellationToken) in /_/src/MySqlConnector/Core/ServerSession.cs:line 702
   at MySqlConnector.Core.ConnectionPool.GetSessionAsync(MySqlConnection connection, Int64 startingTimestamp, Int32 timeoutMilliseconds, Activity activity, IOBehavior ioBehavior, CancellationToken cancellationToken) in /_/src/MySqlConnector/Core/ConnectionPool.cs:line 116
   at MySqlConnector.Core.ConnectionPool.GetSessionAsync(MySqlConnection connection, Int64 startingTimestamp, Int32 timeoutMilliseconds, Activity activity, IOBehavior ioBehavior, CancellationToken cancellationToken) in /_/src/MySqlConnector/Core/ConnectionPool.cs:line 150
   at MySqlConnector.MySqlConnection.CreateSessionAsync(ConnectionPool pool, Int64 startingTimestamp, Activity activity, Nullable`1 ioBehavior, CancellationToken cancellationToken) in /_/src/MySqlConnector/MySqlConnection.cs:line 1092
   at MySqlConnector.MySqlConnection.OpenAsync(Nullable`1 ioBehavior, CancellationToken cancellationToken) in /_/src/MySqlConnector/MySqlConnection.cs:line 567
   at Microsoft.EntityFrameworkCore.Storage.RelationalConnection.OpenInternalAsync(Boolean errorsExpected, CancellationToken cancellationToken)
   at Microsoft.EntityFrameworkCore.Storage.RelationalConnection.OpenInternalAsync(Boolean errorsExpected, CancellationToken cancellationToken)
   at Microsoft.EntityFrameworkCore.Storage.RelationalConnection.OpenAsync(CancellationToken cancellationToken, Boolean errorsExpected)
   at Pomelo.EntityFrameworkCore.MySql.Storage.Internal.MySqlRelationalConnection.OpenAsync(CancellationToken cancellationToken, Boolean errorsExpected)
   at Microsoft.EntityFrameworkCore.Storage.RelationalCommand.ExecuteReaderAsync(RelationalCommandParameterObject parameterObject, CancellationToken cancellationToken)
   at Microsoft.EntityFrameworkCore.Query.Internal.SingleQueryingEnumerable`1.AsyncEnumerator.InitializeReaderAsync(AsyncEnumerator enumerator, CancellationToken cancellationToken)
   at Microsoft.EntityFrameworkCore.Storage.ExecutionStrategy.<>c__DisplayClass30_0`2.<<ExecuteAsync>b__0>d.MoveNext()
--- End of stack trace from previous location ---
   at Microsoft.EntityFrameworkCore.Storage.ExecutionStrategy.ExecuteImplementationAsync[TState,TResult](Func`4 operation, Func`4 verifySucceeded, TState state, CancellationToken cancellationToken)
   --- End of inner exception stack trace ---
   at Microsoft.EntityFrameworkCore.Storage.ExecutionStrategy.ExecuteImplementationAsync[TState,TResult](Func`4 operation, Func`4 verifySucceeded, TState state, CancellationToken cancellationToken)
   at Microsoft.EntityFrameworkCore.Storage.ExecutionStrategy.ExecuteAsync[TState,TResult](TState state, Func`4 operation, Func`4 verifySucceeded, CancellationToken cancellationToken)
   at Microsoft.EntityFrameworkCore.Query.Internal.SingleQueryingEnumerable`1.AsyncEnumerator.MoveNextAsync()
   at Microsoft.EntityFrameworkCore.Query.ShapedQueryCompilingExpressionVisitor.SingleOrDefaultAsync[TSource](IAsyncEnumerable`1 asyncEnumerable, CancellationToken cancellationToken)
   at Microsoft.EntityFrameworkCore.Query.ShapedQueryCompilingExpressionVisitor.SingleOrDefaultAsync[TSource](IAsyncEnumerable`1 asyncEnumerable, CancellationToken cancellationToken)
   at EduNexis.Infrastructure.Persistence.Repositories.UserRepository.GetByEmailAsync(String email, CancellationToken ct) in D:\Coding\Projects\edunexis-api\src\EduNexis.Infrastructure\Persistence\Repositories\UserRepository.cs:line 12
   at EduNexis.Application.Features.Auth.Commands.LoginUserCommandHandler.Handle(LoginUserCommand command, CancellationToken ct) in D:\Coding\Projects\edunexis-api\src\EduNexis.Application\Features\Auth\Commands\LoginUserCommand.cs:line 24
   at EduNexis.API.Controllers.AuthController.Login(LoginUserCommand command, CancellationToken ct) in D:\Coding\Projects\edunexis-api\src\EduNexis.API\Controllers\AuthController.cs:line 18
   at Microsoft.AspNetCore.Mvc.Infrastructure.ActionMethodExecutor.TaskOfIActionResultExecutor.Execute(ActionContext actionContext, IActionResultTypeMapper mapper, ObjectMethodExecutor executor, Object controller, Object[] arguments)
   at Microsoft.AspNetCore.Mvc.Infrastructure.ControllerActionInvoker.<InvokeActionMethodAsync>g__Awaited|12_0(ControllerActionInvoker invoker, ValueTask`1 actionResultValueTask)
   at Microsoft.AspNetCore.Mvc.Infrastructure.ControllerActionInvoker.<InvokeNextActionFilterAsync>g__Awaited|10_0(ControllerActionInvoker invoker, Task lastTask, State next, Scope scope, Object state, Boolean isCompleted)
   at Microsoft.AspNetCore.Mvc.Infrastructure.ControllerActionInvoker.Rethrow(ActionExecutedContextSealed context)
   at Microsoft.AspNetCore.Mvc.Infrastructure.ControllerActionInvoker.Next(State& next, Scope& scope, Object& state, Boolean& isCompleted)
   at Microsoft.AspNetCore.Mvc.Infrastructure.ControllerActionInvoker.<InvokeInnerFilterAsync>g__Awaited|13_0(ControllerActionInvoker invoker, Task lastTask, State next, Scope scope, Object state, Boolean isCompleted)
   at Microsoft.AspNetCore.Mvc.Infrastructure.ResourceInvoker.<InvokeFilterPipelineAsync>g__Awaited|20_0(ResourceInvoker invoker, Task lastTask, State next, Scope scope, Object state, Boolean isCompleted)
   at Microsoft.AspNetCore.Mvc.Infrastructure.ResourceInvoker.<InvokeAsync>g__Awaited|17_0(ResourceInvoker invoker, Task task, IDisposable scope)
   at Microsoft.AspNetCore.Mvc.Infrastructure.ResourceInvoker.<InvokeAsync>g__Awaited|17_0(ResourceInvoker invoker, Task task, IDisposable scope)
   at Microsoft.AspNetCore.Authorization.AuthorizationMiddleware.Invoke(HttpContext context)
   at Microsoft.AspNetCore.Authentication.AuthenticationMiddleware.Invoke(HttpContext context)
   at Serilog.AspNetCore.RequestLoggingMiddleware.Invoke(HttpContext httpContext)
2026-03-24 02:29:15.368 +06:00 [ERR] Unhandled exception: The maximum number of retries (3) was exceeded while executing database operations with 'MySqlRetryingExecutionStrategy'. See the inner exception for the most recent failure.
Microsoft.EntityFrameworkCore.Storage.RetryLimitExceededException: The maximum number of retries (3) was exceeded while executing database operations with 'MySqlRetryingExecutionStrategy'. See the inner exception for the most recent failure.
 ---> MySqlConnector.MySqlException (0x80004005): Unable to connect to any of the specified MySQL hosts.
   at MySqlConnector.Core.ServerSession.OpenTcpSocketAsync(ConnectionSettings cs, ILoadBalancer loadBalancer, Activity activity, IOBehavior ioBehavior, CancellationToken cancellationToken) in /_/src/MySqlConnector/Core/ServerSession.cs:line 1283
   at MySqlConnector.Core.ServerSession.ConnectAsync(ConnectionSettings cs, MySqlConnection connection, Int64 startingTimestamp, ILoadBalancer loadBalancer, Activity activity, IOBehavior ioBehavior, CancellationToken cancellationToken) in /_/src/MySqlConnector/Core/ServerSession.cs:line 427
   at MySqlConnector.Core.ServerSession.ConnectAndRedirectAsync(ILogger connectionLogger, ILogger poolLogger, IConnectionPoolMetadata pool, ConnectionSettings cs, ILoadBalancer loadBalancer, MySqlConnection connection, Action`4 logMessage, Int64 startingTimestamp, Activity activity, IOBehavior ioBehavior, CancellationToken cancellationToken) in /_/src/MySqlConnector/Core/ServerSession.cs:line 697
   at MySqlConnector.Core.ServerSession.ConnectAndRedirectAsync(ILogger connectionLogger, ILogger poolLogger, IConnectionPoolMetadata pool, ConnectionSettings cs, ILoadBalancer loadBalancer, MySqlConnection connection, Action`4 logMessage, Int64 startingTimestamp, Activity activity, IOBehavior ioBehavior, CancellationToken cancellationToken) in /_/src/MySqlConnector/Core/ServerSession.cs:line 702
   at MySqlConnector.Core.ConnectionPool.GetSessionAsync(MySqlConnection connection, Int64 startingTimestamp, Int32 timeoutMilliseconds, Activity activity, IOBehavior ioBehavior, CancellationToken cancellationToken) in /_/src/MySqlConnector/Core/ConnectionPool.cs:line 116
   at MySqlConnector.Core.ConnectionPool.GetSessionAsync(MySqlConnection connection, Int64 startingTimestamp, Int32 timeoutMilliseconds, Activity activity, IOBehavior ioBehavior, CancellationToken cancellationToken) in /_/src/MySqlConnector/Core/ConnectionPool.cs:line 150
   at MySqlConnector.MySqlConnection.CreateSessionAsync(ConnectionPool pool, Int64 startingTimestamp, Activity activity, Nullable`1 ioBehavior, CancellationToken cancellationToken) in /_/src/MySqlConnector/MySqlConnection.cs:line 1092
   at MySqlConnector.MySqlConnection.OpenAsync(Nullable`1 ioBehavior, CancellationToken cancellationToken) in /_/src/MySqlConnector/MySqlConnection.cs:line 567
   at Microsoft.EntityFrameworkCore.Storage.RelationalConnection.OpenInternalAsync(Boolean errorsExpected, CancellationToken cancellationToken)
   at Microsoft.EntityFrameworkCore.Storage.RelationalConnection.OpenInternalAsync(Boolean errorsExpected, CancellationToken cancellationToken)
   at Microsoft.EntityFrameworkCore.Storage.RelationalConnection.OpenAsync(CancellationToken cancellationToken, Boolean errorsExpected)
   at Pomelo.EntityFrameworkCore.MySql.Storage.Internal.MySqlRelationalConnection.OpenAsync(CancellationToken cancellationToken, Boolean errorsExpected)
   at Microsoft.EntityFrameworkCore.Storage.RelationalCommand.ExecuteReaderAsync(RelationalCommandParameterObject parameterObject, CancellationToken cancellationToken)
   at Microsoft.EntityFrameworkCore.Query.Internal.SingleQueryingEnumerable`1.AsyncEnumerator.InitializeReaderAsync(AsyncEnumerator enumerator, CancellationToken cancellationToken)
   at Microsoft.EntityFrameworkCore.Storage.ExecutionStrategy.<>c__DisplayClass30_0`2.<<ExecuteAsync>b__0>d.MoveNext()
--- End of stack trace from previous location ---
   at Microsoft.EntityFrameworkCore.Storage.ExecutionStrategy.ExecuteImplementationAsync[TState,TResult](Func`4 operation, Func`4 verifySucceeded, TState state, CancellationToken cancellationToken)
   --- End of inner exception stack trace ---
   at Microsoft.EntityFrameworkCore.Storage.ExecutionStrategy.ExecuteImplementationAsync[TState,TResult](Func`4 operation, Func`4 verifySucceeded, TState state, CancellationToken cancellationToken)
   at Microsoft.EntityFrameworkCore.Storage.ExecutionStrategy.ExecuteAsync[TState,TResult](TState state, Func`4 operation, Func`4 verifySucceeded, CancellationToken cancellationToken)
   at Microsoft.EntityFrameworkCore.Query.Internal.SingleQueryingEnumerable`1.AsyncEnumerator.MoveNextAsync()
   at Microsoft.EntityFrameworkCore.Query.ShapedQueryCompilingExpressionVisitor.SingleOrDefaultAsync[TSource](IAsyncEnumerable`1 asyncEnumerable, CancellationToken cancellationToken)
   at Microsoft.EntityFrameworkCore.Query.ShapedQueryCompilingExpressionVisitor.SingleOrDefaultAsync[TSource](IAsyncEnumerable`1 asyncEnumerable, CancellationToken cancellationToken)
   at EduNexis.Infrastructure.Persistence.Repositories.UserRepository.GetByEmailAsync(String email, CancellationToken ct) in D:\Coding\Projects\edunexis-api\src\EduNexis.Infrastructure\Persistence\Repositories\UserRepository.cs:line 12
   at EduNexis.Application.Features.Auth.Commands.LoginUserCommandHandler.Handle(LoginUserCommand command, CancellationToken ct) in D:\Coding\Projects\edunexis-api\src\EduNexis.Application\Features\Auth\Commands\LoginUserCommand.cs:line 24
   at EduNexis.API.Controllers.AuthController.Login(LoginUserCommand command, CancellationToken ct) in D:\Coding\Projects\edunexis-api\src\EduNexis.API\Controllers\AuthController.cs:line 18
   at Microsoft.AspNetCore.Mvc.Infrastructure.ActionMethodExecutor.TaskOfIActionResultExecutor.Execute(ActionContext actionContext, IActionResultTypeMapper mapper, ObjectMethodExecutor executor, Object controller, Object[] arguments)
   at Microsoft.AspNetCore.Mvc.Infrastructure.ControllerActionInvoker.<InvokeActionMethodAsync>g__Awaited|12_0(ControllerActionInvoker invoker, ValueTask`1 actionResultValueTask)
   at Microsoft.AspNetCore.Mvc.Infrastructure.ControllerActionInvoker.<InvokeNextActionFilterAsync>g__Awaited|10_0(ControllerActionInvoker invoker, Task lastTask, State next, Scope scope, Object state, Boolean isCompleted)
   at Microsoft.AspNetCore.Mvc.Infrastructure.ControllerActionInvoker.Rethrow(ActionExecutedContextSealed context)
   at Microsoft.AspNetCore.Mvc.Infrastructure.ControllerActionInvoker.Next(State& next, Scope& scope, Object& state, Boolean& isCompleted)
   at Microsoft.AspNetCore.Mvc.Infrastructure.ControllerActionInvoker.<InvokeInnerFilterAsync>g__Awaited|13_0(ControllerActionInvoker invoker, Task lastTask, State next, Scope scope, Object state, Boolean isCompleted)
   at Microsoft.AspNetCore.Mvc.Infrastructure.ResourceInvoker.<InvokeFilterPipelineAsync>g__Awaited|20_0(ResourceInvoker invoker, Task lastTask, State next, Scope scope, Object state, Boolean isCompleted)
   at Microsoft.AspNetCore.Mvc.Infrastructure.ResourceInvoker.<InvokeAsync>g__Awaited|17_0(ResourceInvoker invoker, Task task, IDisposable scope)
   at Microsoft.AspNetCore.Mvc.Infrastructure.ResourceInvoker.<InvokeAsync>g__Awaited|17_0(ResourceInvoker invoker, Task task, IDisposable scope)
   at Microsoft.AspNetCore.Authorization.AuthorizationMiddleware.Invoke(HttpContext context)
   at Microsoft.AspNetCore.Authentication.AuthenticationMiddleware.Invoke(HttpContext context)
   at Serilog.AspNetCore.RequestLoggingMiddleware.Invoke(HttpContext httpContext)
   at Swashbuckle.AspNetCore.SwaggerUI.SwaggerUIMiddleware.Invoke(HttpContext httpContext)
   at Swashbuckle.AspNetCore.Swagger.SwaggerMiddleware.Invoke(HttpContext httpContext, ISwaggerProvider swaggerProvider)
   at EduNexis.API.Middleware.ExceptionMiddleware.InvokeAsync(HttpContext context) in D:\Coding\Projects\edunexis-api\src\EduNexis.API\Middleware\ExceptionMiddleware.cs:line 15
2026-03-24 02:30:10.873 +06:00 [INF] HTTP OPTIONS /api/auth/login responded 204 in 5.1741 ms
2026-03-24 02:30:14.451 +06:00 [INF] HTTP POST /api/auth/login responded 200 in 3474.2126 ms
2026-03-24 02:30:15.326 +06:00 [INF] HTTP OPTIONS /api/Notifications responded 204 in 1.1194 ms
2026-03-24 02:30:15.326 +06:00 [INF] HTTP OPTIONS /api/Courses responded 204 in 0.2205 ms
2026-03-24 02:30:15.326 +06:00 [INF] HTTP OPTIONS /api/Courses responded 204 in 0.7849 ms
2026-03-24 02:30:15.747 +06:00 [INF] HTTP GET /api/Notifications responded 200 in 403.7160 ms
2026-03-24 02:30:16.129 +06:00 [INF] HTTP GET /api/Courses responded 200 in 785.2919 ms
2026-03-24 02:30:16.131 +06:00 [INF] HTTP GET /api/Courses responded 200 in 788.1428 ms
2026-03-24 02:30:31.002 +06:00 [INF] HTTP OPTIONS /api/Courses/4a04c797-2999-4459-960e-e5d8d5493d9e responded 204 in 1.2679 ms
2026-03-24 02:30:31.348 +06:00 [INF] HTTP GET /api/Courses/4a04c797-2999-4459-960e-e5d8d5493d9e responded 200 in 339.6863 ms
2026-03-24 02:30:31.764 +06:00 [INF] HTTP OPTIONS /api/Announcements/courses/4a04c797-2999-4459-960e-e5d8d5493d9e/announcements responded 204 in 0.1186 ms
2026-03-24 02:30:31.765 +06:00 [INF] HTTP OPTIONS /api/Courses/4a04c797-2999-4459-960e-e5d8d5493d9e/members responded 204 in 0.0581 ms
2026-03-24 02:30:31.765 +06:00 [INF] HTTP OPTIONS /api/Courses/4a04c797-2999-4459-960e-e5d8d5493d9e/join-requests responded 204 in 0.0629 ms
2026-03-24 02:30:31.958 +06:00 [INF] HTTP GET /api/Announcements/courses/4a04c797-2999-4459-960e-e5d8d5493d9e/announcements responded 200 in 182.3877 ms
2026-03-24 02:30:32.002 +06:00 [INF] HTTP GET /api/Courses/4a04c797-2999-4459-960e-e5d8d5493d9e/join-requests responded 200 in 223.3522 ms
2026-03-24 02:30:32.028 +06:00 [INF] HTTP GET /api/Courses/4a04c797-2999-4459-960e-e5d8d5493d9e/members responded 200 in 248.8720 ms
2026-03-24 02:30:44.273 +06:00 [INF] HTTP OPTIONS /api/Attendance/courses/4a04c797-2999-4459-960e-e5d8d5493d9e/sessions responded 204 in 0.1869 ms
2026-03-24 02:30:44.273 +06:00 [INF] HTTP OPTIONS /api/Courses/4a04c797-2999-4459-960e-e5d8d5493d9e/members responded 204 in 0.1993 ms
2026-03-24 02:30:44.273 +06:00 [INF] HTTP OPTIONS /api/Attendance/courses/4a04c797-2999-4459-960e-e5d8d5493d9e/sessions responded 204 in 0.2103 ms
2026-03-24 02:30:44.401 +06:00 [INF] HTTP GET /api/Courses/4a04c797-2999-4459-960e-e5d8d5493d9e/members responded 200 in 119.1661 ms
2026-03-24 02:30:44.494 +06:00 [INF] HTTP GET /api/Attendance/courses/4a04c797-2999-4459-960e-e5d8d5493d9e/sessions responded 200 in 210.8965 ms
2026-03-24 02:30:44.508 +06:00 [INF] HTTP GET /api/Attendance/courses/4a04c797-2999-4459-960e-e5d8d5493d9e/sessions responded 200 in 8.2093 ms
2026-03-24 02:30:46.141 +06:00 [INF] HTTP OPTIONS /api/Materials/courses/4a04c797-2999-4459-960e-e5d8d5493d9e/materials responded 204 in 0.1911 ms
2026-03-24 02:30:46.271 +06:00 [INF] HTTP OPTIONS /api/Notifications responded 204 in 0.0752 ms
2026-03-24 02:30:46.284 +06:00 [INF] HTTP GET /api/Notifications responded 200 in 7.9112 ms
2026-03-24 02:30:46.368 +06:00 [INF] HTTP GET /api/Materials/courses/4a04c797-2999-4459-960e-e5d8d5493d9e/materials responded 200 in 217.5927 ms
2026-03-24 02:30:48.041 +06:00 [INF] HTTP OPTIONS /api/Assignments/courses/4a04c797-2999-4459-960e-e5d8d5493d9e/assignments responded 204 in 0.2890 ms
2026-03-24 02:30:48.253 +06:00 [INF] HTTP GET /api/Assignments/courses/4a04c797-2999-4459-960e-e5d8d5493d9e/assignments responded 200 in 203.9031 ms
2026-03-24 02:32:16.505 +06:00 [INF] HTTP OPTIONS /api/Notifications responded 204 in 23.2620 ms
2026-03-24 02:32:17.203 +06:00 [INF] HTTP GET /api/Notifications responded 200 in 621.0538 ms
2026-03-24 02:34:17.379 +06:00 [INF] HTTP OPTIONS /api/Notifications responded 204 in 17.0296 ms
2026-03-24 02:34:17.829 +06:00 [INF] HTTP GET /api/Notifications responded 200 in 352.8054 ms
2026-03-24 02:34:34.772 +06:00 [INF] HTTP OPTIONS /api/Announcements/courses/4a04c797-2999-4459-960e-e5d8d5493d9e/announcements responded 204 in 1.8682 ms
2026-03-24 02:34:36.329 +06:00 [INF] HTTP POST /api/Announcements/courses/4a04c797-2999-4459-960e-e5d8d5493d9e/announcements responded 200 in 1535.1316 ms
2026-03-24 02:34:38.456 +06:00 [INF] HTTP GET /api/Announcements/courses/4a04c797-2999-4459-960e-e5d8d5493d9e/announcements responded 200 in 34.4150 ms
2026-03-24 02:34:47.873 +06:00 [INF] HTTP OPTIONS /api/Notifications responded 204 in 1.3663 ms
2026-03-24 02:34:47.939 +06:00 [INF] HTTP GET /api/Notifications responded 200 in 50.2246 ms
2026-03-24 02:34:48.276 +06:00 [INF] HTTP OPTIONS /api/Announcements/courses/4a04c797-2999-4459-960e-e5d8d5493d9e/announcements responded 204 in 0.1782 ms
2026-03-24 02:34:48.412 +06:00 [INF] HTTP POST /api/Announcements/courses/4a04c797-2999-4459-960e-e5d8d5493d9e/announcements responded 200 in 130.7659 ms
2026-03-24 02:34:48.436 +06:00 [INF] HTTP GET /api/Announcements/courses/4a04c797-2999-4459-960e-e5d8d5493d9e/announcements responded 200 in 16.9630 ms
2026-03-24 02:35:48.236 +06:00 [INF] HTTP OPTIONS /api/Notifications responded 204 in 14.6236 ms
2026-03-24 02:35:48.722 +06:00 [INF] HTTP GET /api/Notifications responded 200 in 407.0547 ms
2026-03-24 02:39:33.517 +06:00 [INF] HTTP OPTIONS /api/Notifications responded 204 in 14.2491 ms
2026-03-24 02:39:33.517 +06:00 [INF] HTTP OPTIONS /api/Courses/4a04c797-2999-4459-960e-e5d8d5493d9e responded 204 in 15.7012 ms
2026-03-24 02:39:33.796 +06:00 [INF] HTTP GET /api/Notifications responded 200 in 251.3042 ms
2026-03-24 02:39:33.879 +06:00 [INF] HTTP GET /api/Courses/4a04c797-2999-4459-960e-e5d8d5493d9e responded 200 in 333.7581 ms
2026-03-24 02:39:34.006 +06:00 [INF] HTTP OPTIONS /api/Announcements/courses/4a04c797-2999-4459-960e-e5d8d5493d9e/announcements responded 204 in 0.0919 ms
2026-03-24 02:39:34.008 +06:00 [INF] HTTP OPTIONS /api/Courses/4a04c797-2999-4459-960e-e5d8d5493d9e/join-requests responded 204 in 0.0366 ms
2026-03-24 02:39:34.007 +06:00 [INF] HTTP OPTIONS /api/Courses/4a04c797-2999-4459-960e-e5d8d5493d9e/members responded 204 in 0.0765 ms
2026-03-24 02:39:34.070 +06:00 [INF] HTTP GET /api/Announcements/courses/4a04c797-2999-4459-960e-e5d8d5493d9e/announcements responded 200 in 57.8428 ms
2026-03-24 02:39:34.095 +06:00 [INF] HTTP GET /api/Courses/4a04c797-2999-4459-960e-e5d8d5493d9e/join-requests responded 200 in 82.0028 ms
2026-03-24 02:39:34.115 +06:00 [INF] HTTP GET /api/Courses/4a04c797-2999-4459-960e-e5d8d5493d9e/members responded 200 in 99.0425 ms
2026-03-24 02:40:02.042 +06:00 [INF] HTTP OPTIONS /api/Attendance/courses/4a04c797-2999-4459-960e-e5d8d5493d9e/sessions responded 204 in 0.0620 ms
2026-03-24 02:40:02.042 +06:00 [INF] HTTP OPTIONS /api/Courses/4a04c797-2999-4459-960e-e5d8d5493d9e/members responded 204 in 0.2174 ms
2026-03-24 02:40:02.042 +06:00 [INF] HTTP OPTIONS /api/Attendance/courses/4a04c797-2999-4459-960e-e5d8d5493d9e/sessions responded 204 in 0.0680 ms
2026-03-24 02:40:02.126 +06:00 [INF] HTTP GET /api/Attendance/courses/4a04c797-2999-4459-960e-e5d8d5493d9e/sessions responded 200 in 76.2336 ms
2026-03-24 02:40:02.158 +06:00 [INF] HTTP GET /api/Attendance/courses/4a04c797-2999-4459-960e-e5d8d5493d9e/sessions responded 200 in 29.4074 ms
2026-03-24 02:40:02.189 +06:00 [INF] HTTP GET /api/Courses/4a04c797-2999-4459-960e-e5d8d5493d9e/members responded 200 in 138.5988 ms
2026-03-24 02:40:06.411 +06:00 [INF] HTTP OPTIONS /api/Courses/4a04c797-2999-4459-960e-e5d8d5493d9e responded 204 in 0.0085 ms
2026-03-24 02:40:06.411 +06:00 [INF] HTTP OPTIONS /api/Notifications responded 204 in 0.0761 ms
2026-03-24 02:40:06.468 +06:00 [INF] HTTP GET /api/Notifications responded 200 in 49.0346 ms
2026-03-24 02:40:06.573 +06:00 [INF] HTTP GET /api/Courses/4a04c797-2999-4459-960e-e5d8d5493d9e responded 200 in 154.4506 ms
2026-03-24 02:40:06.725 +06:00 [INF] HTTP OPTIONS /api/Courses/4a04c797-2999-4459-960e-e5d8d5493d9e/join-requests responded 204 in 0.1696 ms
2026-03-24 02:40:06.755 +06:00 [INF] HTTP GET /api/Attendance/courses/4a04c797-2999-4459-960e-e5d8d5493d9e/sessions responded 200 in 30.1551 ms
2026-03-24 02:40:06.789 +06:00 [INF] HTTP GET /api/Attendance/courses/4a04c797-2999-4459-960e-e5d8d5493d9e/sessions responded 200 in 27.7662 ms
2026-03-24 02:40:06.871 +06:00 [INF] HTTP GET /api/Courses/4a04c797-2999-4459-960e-e5d8d5493d9e/join-requests responded 200 in 137.1607 ms
2026-03-24 02:40:06.872 +06:00 [INF] HTTP GET /api/Courses/4a04c797-2999-4459-960e-e5d8d5493d9e/members responded 200 in 146.4637 ms
2026-03-24 02:40:06.927 +06:00 [INF] HTTP GET /api/Courses/4a04c797-2999-4459-960e-e5d8d5493d9e/members responded 200 in 54.2309 ms
2026-03-24 02:40:25.014 +06:00 [INF] HTTP OPTIONS /api/Announcements/courses/4a04c797-2999-4459-960e-e5d8d5493d9e/announcements responded 204 in 0.3652 ms
2026-03-24 02:40:25.123 +06:00 [INF] HTTP GET /api/Announcements/courses/4a04c797-2999-4459-960e-e5d8d5493d9e/announcements responded 200 in 79.4432 ms
2026-03-24 02:40:36.997 +06:00 [INF] HTTP OPTIONS /api/Notifications responded 204 in 1.4157 ms
2026-03-24 02:40:37.049 +06:00 [INF] HTTP GET /api/Notifications responded 200 in 44.2075 ms
2026-03-24 02:41:08.051 +06:00 [INF] HTTP OPTIONS /api/Notifications responded 204 in 7.2807 ms
2026-03-24 02:41:08.371 +06:00 [INF] HTTP GET /api/Notifications responded 200 in 276.0920 ms
2026-03-24 02:45:08.663 +06:00 [INF] HTTP OPTIONS /api/Notifications responded 204 in 2.9062 ms
2026-03-24 02:45:08.871 +06:00 [INF] HTTP GET /api/Notifications responded 200 in 184.5015 ms
2026-03-24 02:48:52.505 +06:00 [INF] HTTP OPTIONS /api/Announcements/courses/4a04c797-2999-4459-960e-e5d8d5493d9e/announcements responded 204 in 3.7986 ms
2026-03-24 02:48:52.505 +06:00 [INF] HTTP OPTIONS /api/Courses/4a04c797-2999-4459-960e-e5d8d5493d9e/members responded 204 in 3.7926 ms
2026-03-24 02:48:52.505 +06:00 [INF] HTTP OPTIONS /api/Courses/4a04c797-2999-4459-960e-e5d8d5493d9e/join-requests responded 204 in 3.7986 ms
2026-03-24 02:48:52.926 +06:00 [INF] HTTP GET /api/Announcements/courses/4a04c797-2999-4459-960e-e5d8d5493d9e/announcements responded 200 in 396.9841 ms
2026-03-24 02:48:52.967 +06:00 [INF] HTTP GET /api/Courses/4a04c797-2999-4459-960e-e5d8d5493d9e/join-requests responded 200 in 434.7631 ms
2026-03-24 02:48:52.978 +06:00 [INF] HTTP GET /api/Courses/4a04c797-2999-4459-960e-e5d8d5493d9e/members responded 200 in 448.2306 ms
2026-03-24 02:49:00.514 +06:00 [INF] HTTP OPTIONS /api/Courses/4a04c797-2999-4459-960e-e5d8d5493d9e responded 204 in 0.2090 ms
2026-03-24 02:49:00.652 +06:00 [INF] HTTP GET /api/Courses/4a04c797-2999-4459-960e-e5d8d5493d9e responded 200 in 111.5994 ms
2026-03-24 02:49:49.535 +06:00 [INF] HTTP OPTIONS /api/Courses/4a04c797-2999-4459-960e-e5d8d5493d9e responded 204 in 1.7745 ms
2026-03-24 02:49:49.535 +06:00 [INF] HTTP OPTIONS /api/Notifications responded 204 in 0.4809 ms
2026-03-24 02:49:49.880 +06:00 [INF] HTTP GET /api/Notifications responded 200 in 246.5513 ms
2026-03-24 02:49:50.058 +06:00 [INF] HTTP GET /api/Courses/4a04c797-2999-4459-960e-e5d8d5493d9e responded 200 in 416.1278 ms
2026-03-24 02:49:51.092 +06:00 [INF] HTTP OPTIONS /api/Announcements/courses/4a04c797-2999-4459-960e-e5d8d5493d9e/announcements responded 204 in 0.0592 ms
2026-03-24 02:49:51.093 +06:00 [INF] HTTP OPTIONS /api/Courses/4a04c797-2999-4459-960e-e5d8d5493d9e/members responded 204 in 0.0436 ms
2026-03-24 02:49:51.099 +06:00 [INF] HTTP OPTIONS /api/Courses/4a04c797-2999-4459-960e-e5d8d5493d9e/join-requests responded 204 in 0.0462 ms
2026-03-24 02:49:51.152 +06:00 [INF] HTTP GET /api/Announcements/courses/4a04c797-2999-4459-960e-e5d8d5493d9e/announcements responded 200 in 50.1859 ms
2026-03-24 02:49:51.228 +06:00 [INF] HTTP GET /api/Courses/4a04c797-2999-4459-960e-e5d8d5493d9e/join-requests responded 200 in 114.8485 ms
2026-03-24 02:49:51.331 +06:00 [INF] HTTP GET /api/Courses/4a04c797-2999-4459-960e-e5d8d5493d9e/members responded 200 in 228.4412 ms
2026-03-24 02:50:04.765 +06:00 [INF] HTTP OPTIONS /api/Courses/4a04c797-2999-4459-960e-e5d8d5493d9e/members responded 204 in 0.6350 ms
2026-03-24 02:50:04.769 +06:00 [INF] HTTP OPTIONS /api/Attendance/courses/4a04c797-2999-4459-960e-e5d8d5493d9e/sessions responded 204 in 0.1777 ms
2026-03-24 02:50:04.772 +06:00 [INF] HTTP OPTIONS /api/Attendance/courses/4a04c797-2999-4459-960e-e5d8d5493d9e/sessions responded 204 in 0.1075 ms
2026-03-24 02:50:05.245 +06:00 [INF] HTTP GET /api/Attendance/courses/4a04c797-2999-4459-960e-e5d8d5493d9e/sessions responded 200 in 385.8174 ms
2026-03-24 02:50:05.259 +06:00 [INF] HTTP GET /api/Attendance/courses/4a04c797-2999-4459-960e-e5d8d5493d9e/sessions responded 200 in 10.1460 ms
2026-03-24 02:50:05.584 +06:00 [INF] HTTP GET /api/Courses/4a04c797-2999-4459-960e-e5d8d5493d9e/members responded 200 in 725.6333 ms
2026-03-24 02:50:15.992 +06:00 [INF] HTTP OPTIONS /api/Materials/courses/4a04c797-2999-4459-960e-e5d8d5493d9e/materials responded 204 in 0.8052 ms
2026-03-24 02:50:16.121 +06:00 [INF] HTTP GET /api/Materials/courses/4a04c797-2999-4459-960e-e5d8d5493d9e/materials responded 200 in 101.2322 ms
2026-03-24 02:50:20.826 +06:00 [INF] HTTP OPTIONS /api/Notifications responded 204 in 0.0624 ms
2026-03-24 02:50:20.846 +06:00 [INF] HTTP GET /api/Notifications responded 200 in 14.6294 ms
2026-03-24 02:50:36.570 +06:00 [INF] HTTP OPTIONS /api/Courses responded 204 in 0.2999 ms
2026-03-24 02:50:36.570 +06:00 [INF] HTTP OPTIONS /api/Courses responded 204 in 0.0143 ms
2026-03-24 02:50:37.943 +06:00 [INF] HTTP GET /api/Courses responded 200 in 1356.4304 ms
2026-03-24 02:50:38.022 +06:00 [INF] HTTP GET /api/Courses responded 200 in 1440.4832 ms
2026-03-24 02:50:51.670 +06:00 [INF] HTTP OPTIONS /api/Notifications responded 204 in 4.6052 ms
2026-03-24 02:50:52.603 +06:00 [INF] HTTP GET /api/Notifications responded 200 in 892.1677 ms
2026-03-24 02:51:19.983 +06:00 [INF] HTTP OPTIONS /api/courses/4a04c797-2999-4459-960e-e5d8d5493d9e/marks responded 204 in 22.0297 ms
2026-03-24 02:51:19.983 +06:00 [INF] HTTP OPTIONS /api/courses/4a04c797-2999-4459-960e-e5d8d5493d9e/grading-formula responded 204 in 22.0224 ms
2026-03-24 02:51:21.623 +06:00 [INF] HTTP GET /api/courses/4a04c797-2999-4459-960e-e5d8d5493d9e/grading-formula responded 200 in 1434.0746 ms
2026-03-24 02:51:22.262 +06:00 [INF] HTTP GET /api/courses/4a04c797-2999-4459-960e-e5d8d5493d9e/marks responded 200 in 2061.6495 ms
2026-03-24 02:51:22.705 +06:00 [INF] HTTP OPTIONS /api/Notifications responded 204 in 0.0685 ms
2026-03-24 02:51:22.744 +06:00 [INF] HTTP GET /api/Notifications responded 200 in 27.6351 ms
2026-03-24 02:51:29.979 +06:00 [INF] HTTP OPTIONS /api/courses/4a04c797-2999-4459-960e-e5d8d5493d9e/grading-formula responded 204 in 3.4983 ms
2026-03-24 02:51:31.237 +06:00 [INF] HTTP POST /api/courses/4a04c797-2999-4459-960e-e5d8d5493d9e/grading-formula responded 200 in 1243.3181 ms
2026-03-24 02:51:31.527 +06:00 [INF] HTTP GET /api/courses/4a04c797-2999-4459-960e-e5d8d5493d9e/grading-formula responded 200 in 109.7553 ms
2026-03-24 20:23:41.364 +06:00 [INF] HTTP OPTIONS /api/Courses responded 204 in 4.0145 ms
2026-03-24 20:23:41.364 +06:00 [INF] HTTP OPTIONS /api/Courses responded 204 in 3.9800 ms
2026-03-24 20:23:41.364 +06:00 [INF] HTTP OPTIONS /api/Notifications responded 204 in 4.0305 ms
2026-03-24 20:23:41.701 +06:00 [INF] HTTP GET /api/Courses responded 401 in 215.4255 ms
2026-03-24 20:23:41.701 +06:00 [INF] HTTP GET /api/Notifications responded 401 in 215.4254 ms
2026-03-24 20:23:41.702 +06:00 [INF] HTTP GET /api/Courses responded 401 in 215.4250 ms
2026-03-24 20:23:42.454 +06:00 [INF] HTTP OPTIONS /api/auth/refresh responded 204 in 0.4223 ms
2026-03-24 20:23:47.792 +06:00 [INF] HTTP POST /api/auth/refresh responded 200 in 5317.0183 ms
2026-03-24 20:23:47.842 +06:00 [INF] HTTP OPTIONS /api/Notifications responded 204 in 0.1275 ms
2026-03-24 20:23:47.842 +06:00 [INF] HTTP OPTIONS /api/Courses responded 204 in 0.3425 ms
2026-03-24 20:23:47.843 +06:00 [INF] HTTP OPTIONS /api/Courses responded 204 in 0.2140 ms
2026-03-24 20:23:48.167 +06:00 [INF] HTTP GET /api/Notifications responded 200 in 314.2147 ms
2026-03-24 20:23:48.631 +06:00 [INF] HTTP GET /api/Courses responded 200 in 769.8169 ms
2026-03-24 20:23:48.632 +06:00 [INF] HTTP GET /api/Courses responded 200 in 765.9425 ms
2026-03-24 20:23:58.750 +06:00 [INF] HTTP OPTIONS /api/Courses/4a04c797-2999-4459-960e-e5d8d5493d9e responded 204 in 0.4389 ms
2026-03-24 20:23:59.071 +06:00 [INF] HTTP GET /api/Courses/4a04c797-2999-4459-960e-e5d8d5493d9e responded 200 in 306.6098 ms
2026-03-24 20:23:59.361 +06:00 [INF] HTTP OPTIONS /api/Announcements/courses/4a04c797-2999-4459-960e-e5d8d5493d9e/announcements responded 204 in 0.1415 ms
2026-03-24 20:23:59.363 +06:00 [INF] HTTP OPTIONS /api/Courses/4a04c797-2999-4459-960e-e5d8d5493d9e/members responded 204 in 0.1777 ms
2026-03-24 20:23:59.363 +06:00 [INF] HTTP OPTIONS /api/Courses/4a04c797-2999-4459-960e-e5d8d5493d9e/join-requests responded 204 in 0.1658 ms
2026-03-24 20:23:59.678 +06:00 [INF] HTTP GET /api/Announcements/courses/4a04c797-2999-4459-960e-e5d8d5493d9e/announcements responded 200 in 293.3116 ms
2026-03-24 20:23:59.904 +06:00 [INF] HTTP GET /api/Courses/4a04c797-2999-4459-960e-e5d8d5493d9e/join-requests responded 200 in 499.4396 ms
2026-03-24 20:23:59.938 +06:00 [INF] HTTP GET /api/Courses/4a04c797-2999-4459-960e-e5d8d5493d9e/members responded 200 in 548.0219 ms
2026-03-24 20:25:18.385 +06:00 [INF] HTTP OPTIONS /api/Notifications responded 204 in 12.2058 ms
2026-03-24 20:25:18.823 +06:00 [INF] HTTP GET /api/Notifications responded 200 in 362.3347 ms
2026-03-24 20:25:49.402 +06:00 [INF] HTTP OPTIONS /api/Notifications responded 204 in 21.9674 ms
2026-03-24 20:25:49.790 +06:00 [INF] HTTP GET /api/Notifications responded 200 in 332.6349 ms
2026-03-24 20:26:20.313 +06:00 [INF] HTTP OPTIONS /api/Notifications responded 204 in 36.7973 ms
2026-03-24 20:26:21.670 +06:00 [INF] HTTP GET /api/Notifications responded 200 in 1087.0010 ms
2026-03-24 20:40:52.522 +06:00 [INF] HTTP OPTIONS /api/Courses/4a04c797-2999-4459-960e-e5d8d5493d9e responded 204 in 20.6079 ms
2026-03-24 20:40:52.522 +06:00 [INF] HTTP OPTIONS /api/Notifications responded 204 in 20.6033 ms
2026-03-24 20:40:53.024 +06:00 [INF] HTTP OPTIONS /api/Courses/4a04c797-2999-4459-960e-e5d8d5493d9e/members responded 204 in 0.3988 ms
2026-03-24 20:40:53.026 +06:00 [INF] HTTP OPTIONS /api/Announcements/courses/4a04c797-2999-4459-960e-e5d8d5493d9e/announcements responded 204 in 1.4020 ms
2026-03-24 20:40:53.027 +06:00 [INF] HTTP OPTIONS /api/Courses/4a04c797-2999-4459-960e-e5d8d5493d9e/join-requests responded 204 in 0.1610 ms
2026-03-24 20:40:53.621 +06:00 [INF] HTTP GET /api/Courses/4a04c797-2999-4459-960e-e5d8d5493d9e/join-requests responded 200 in 577.4929 ms
2026-03-24 20:40:53.622 +06:00 [INF] HTTP GET /api/Announcements/courses/4a04c797-2999-4459-960e-e5d8d5493d9e/announcements responded 200 in 579.9612 ms
2026-03-24 20:40:53.628 +06:00 [INF] HTTP GET /api/Courses/4a04c797-2999-4459-960e-e5d8d5493d9e/members responded 200 in 584.6251 ms
2026-03-24 20:40:58.045 +06:00 [INF] HTTP OPTIONS /api/Courses/4a04c797-2999-4459-960e-e5d8d5493d9e responded 204 in 0.2461 ms
2026-03-24 20:40:58.045 +06:00 [INF] HTTP OPTIONS /api/Notifications responded 204 in 0.2842 ms
2026-03-24 20:40:58.090 +06:00 [INF] HTTP GET /api/Notifications responded 200 in 32.0219 ms
2026-03-24 20:40:58.208 +06:00 [INF] HTTP GET /api/Courses/4a04c797-2999-4459-960e-e5d8d5493d9e responded 200 in 150.7873 ms
2026-03-24 20:40:58.823 +06:00 [INF] HTTP OPTIONS /api/Announcements/courses/4a04c797-2999-4459-960e-e5d8d5493d9e/announcements responded 204 in 0.0344 ms
2026-03-24 20:40:58.823 +06:00 [INF] HTTP OPTIONS /api/Courses/4a04c797-2999-4459-960e-e5d8d5493d9e/members responded 204 in 0.0344 ms
2026-03-24 20:40:58.823 +06:00 [INF] HTTP OPTIONS /api/Courses/4a04c797-2999-4459-960e-e5d8d5493d9e/join-requests responded 204 in 0.0732 ms
2026-03-24 20:40:58.876 +06:00 [INF] HTTP GET /api/Announcements/courses/4a04c797-2999-4459-960e-e5d8d5493d9e/announcements responded 200 in 44.0228 ms
2026-03-24 20:40:59.032 +06:00 [INF] HTTP GET /api/Courses/4a04c797-2999-4459-960e-e5d8d5493d9e/join-requests responded 200 in 184.1035 ms
2026-03-24 20:40:59.131 +06:00 [INF] HTTP GET /api/Courses/4a04c797-2999-4459-960e-e5d8d5493d9e/members responded 200 in 288.5741 ms
2026-03-24 20:41:27.061 +06:00 [INF] HTTP OPTIONS /api/Attendance/courses/4a04c797-2999-4459-960e-e5d8d5493d9e/sessions responded 204 in 7.1052 ms
2026-03-24 20:41:27.061 +06:00 [INF] HTTP OPTIONS /api/Courses/4a04c797-2999-4459-960e-e5d8d5493d9e/members responded 204 in 8.6963 ms
2026-03-24 20:41:27.061 +06:00 [INF] HTTP OPTIONS /api/Attendance/courses/4a04c797-2999-4459-960e-e5d8d5493d9e/sessions responded 204 in 6.1960 ms
2026-03-24 20:41:28.582 +06:00 [INF] HTTP GET /api/Courses/4a04c797-2999-4459-960e-e5d8d5493d9e/members responded 200 in 1437.5790 ms
2026-03-24 20:41:28.698 +06:00 [INF] HTTP OPTIONS /api/Notifications responded 204 in 1.0790 ms
2026-03-24 20:41:28.762 +06:00 [INF] HTTP GET /api/Notifications responded 200 in 54.3632 ms
2026-03-24 20:41:29.083 +06:00 [INF] HTTP GET /api/Attendance/courses/4a04c797-2999-4459-960e-e5d8d5493d9e/sessions responded 200 in 1936.0408 ms
2026-03-24 20:41:29.108 +06:00 [INF] HTTP GET /api/Attendance/courses/4a04c797-2999-4459-960e-e5d8d5493d9e/sessions responded 200 in 22.3028 ms
2026-03-24 20:42:00.511 +06:00 [INF] HTTP OPTIONS /api/Notifications responded 204 in 22.7919 ms
2026-03-24 20:42:01.361 +06:00 [INF] HTTP GET /api/Notifications responded 200 in 805.4757 ms
2026-03-24 20:42:25.660 +06:00 [INF] HTTP OPTIONS /api/Courses responded 204 in 12.0559 ms
2026-03-24 20:42:25.660 +06:00 [INF] HTTP OPTIONS /api/Courses responded 204 in 12.0662 ms
2026-03-24 20:42:28.089 +06:00 [INF] HTTP GET /api/Courses responded 200 in 2378.7983 ms
2026-03-24 20:42:28.105 +06:00 [INF] HTTP GET /api/Courses responded 200 in 2393.7016 ms
2026-03-24 20:42:31.574 +06:00 [INF] HTTP OPTIONS /api/Notifications responded 204 in 1.5869 ms
2026-03-24 20:42:31.668 +06:00 [INF] HTTP GET /api/Notifications responded 200 in 78.6708 ms
2026-03-24 20:43:02.903 +06:00 [INF] HTTP OPTIONS /api/Notifications responded 204 in 91.9652 ms
2026-03-24 20:43:04.198 +06:00 [INF] HTTP GET /api/Notifications responded 200 in 1079.7341 ms
2026-03-24 20:43:37.150 +06:00 [INF] HTTP OPTIONS /api/Notifications responded 204 in 28.8299 ms
2026-03-24 20:43:38.622 +06:00 [INF] HTTP GET /api/Notifications responded 200 in 1331.4330 ms
2026-03-24 20:49:37.618 +06:00 [INF] HTTP OPTIONS /api/Announcements/courses/4a04c797-2999-4459-960e-e5d8d5493d9e/announcements responded 204 in 15.7647 ms
2026-03-24 20:49:37.618 +06:00 [INF] HTTP OPTIONS /api/Courses/4a04c797-2999-4459-960e-e5d8d5493d9e/join-requests responded 204 in 12.5695 ms
2026-03-24 20:49:37.618 +06:00 [INF] HTTP OPTIONS /api/Courses/4a04c797-2999-4459-960e-e5d8d5493d9e/members responded 204 in 15.7714 ms
2026-03-24 20:49:38.269 +06:00 [INF] HTTP GET /api/Announcements/courses/4a04c797-2999-4459-960e-e5d8d5493d9e/announcements responded 200 in 577.1976 ms
2026-03-24 20:49:38.375 +06:00 [INF] HTTP GET /api/Courses/4a04c797-2999-4459-960e-e5d8d5493d9e/join-requests responded 200 in 683.1087 ms
2026-03-24 20:49:38.404 +06:00 [INF] HTTP GET /api/Courses/4a04c797-2999-4459-960e-e5d8d5493d9e/members responded 200 in 711.4292 ms
2026-03-24 20:49:51.431 +06:00 [INF] HTTP OPTIONS /api/Courses/4a04c797-2999-4459-960e-e5d8d5493d9e responded 204 in 3.4824 ms
2026-03-24 20:49:52.226 +06:00 [INF] HTTP GET /api/Courses/4a04c797-2999-4459-960e-e5d8d5493d9e responded 200 in 746.3462 ms
2026-03-24 20:49:52.549 +06:00 [INF] HTTP OPTIONS /api/Notifications responded 204 in 0.6024 ms
2026-03-24 20:49:52.852 +06:00 [INF] HTTP GET /api/Notifications responded 200 in 271.5774 ms
2026-03-24 20:50:45.111 +06:00 [INF] HTTP OPTIONS /api/Notifications responded 204 in 7.0121 ms
2026-03-24 20:50:45.111 +06:00 [INF] HTTP OPTIONS /api/Courses/4a04c797-2999-4459-960e-e5d8d5493d9e responded 204 in 7.0775 ms
2026-03-24 20:50:45.479 +06:00 [INF] HTTP GET /api/Notifications responded 200 in 285.4992 ms
2026-03-24 20:50:45.766 +06:00 [INF] HTTP GET /api/Courses/4a04c797-2999-4459-960e-e5d8d5493d9e responded 200 in 565.2301 ms
2026-03-24 20:50:46.032 +06:00 [INF] HTTP OPTIONS /api/Announcements/courses/4a04c797-2999-4459-960e-e5d8d5493d9e/announcements responded 204 in 0.1287 ms
2026-03-24 20:50:46.032 +06:00 [INF] HTTP OPTIONS /api/Courses/4a04c797-2999-4459-960e-e5d8d5493d9e/join-requests responded 204 in 0.0140 ms
2026-03-24 20:50:46.032 +06:00 [INF] HTTP OPTIONS /api/Courses/4a04c797-2999-4459-960e-e5d8d5493d9e/members responded 204 in 0.0128 ms
2026-03-24 20:50:46.381 +06:00 [INF] HTTP GET /api/Announcements/courses/4a04c797-2999-4459-960e-e5d8d5493d9e/announcements responded 200 in 310.2304 ms
2026-03-24 20:50:46.460 +06:00 [INF] HTTP GET /api/Courses/4a04c797-2999-4459-960e-e5d8d5493d9e/join-requests responded 200 in 349.0005 ms
2026-03-24 20:50:46.657 +06:00 [INF] HTTP GET /api/Courses/4a04c797-2999-4459-960e-e5d8d5493d9e/members responded 200 in 537.3575 ms
2026-03-24 20:51:13.400 +06:00 [INF] HTTP OPTIONS /api/Attendance/courses/4a04c797-2999-4459-960e-e5d8d5493d9e/sessions responded 204 in 1.5966 ms
2026-03-24 20:51:13.400 +06:00 [INF] HTTP OPTIONS /api/Attendance/courses/4a04c797-2999-4459-960e-e5d8d5493d9e/sessions responded 204 in 1.5982 ms
2026-03-24 20:51:13.402 +06:00 [INF] HTTP OPTIONS /api/Courses/4a04c797-2999-4459-960e-e5d8d5493d9e/members responded 204 in 0.0204 ms
2026-03-24 20:51:13.588 +06:00 [INF] HTTP GET /api/Attendance/courses/4a04c797-2999-4459-960e-e5d8d5493d9e/sessions responded 200 in 157.7572 ms
2026-03-24 20:51:13.628 +06:00 [INF] HTTP GET /api/Attendance/courses/4a04c797-2999-4459-960e-e5d8d5493d9e/sessions responded 200 in 33.6380 ms
2026-03-24 20:51:14.105 +06:00 [INF] HTTP GET /api/Courses/4a04c797-2999-4459-960e-e5d8d5493d9e/members responded 200 in 675.9874 ms
2026-03-24 20:51:16.068 +06:00 [INF] HTTP OPTIONS /api/Notifications responded 204 in 0.2677 ms
2026-03-24 20:51:16.145 +06:00 [INF] HTTP GET /api/Notifications responded 200 in 68.4111 ms
2026-03-24 20:51:30.857 +06:00 [INF] HTTP OPTIONS /api/Notifications/ff5baed3-7b0d-495e-941d-514b4e9e1cad responded 204 in 1.9499 ms
2026-03-24 20:51:32.205 +06:00 [INF] HTTP DELETE /api/Notifications/ff5baed3-7b0d-495e-941d-514b4e9e1cad responded 200 in 1314.6586 ms
2026-03-24 20:51:32.324 +06:00 [INF] HTTP OPTIONS /api/Notifications responded 204 in 0.0456 ms
2026-03-24 20:51:32.341 +06:00 [INF] HTTP GET /api/Notifications responded 200 in 8.8083 ms
2026-03-24 20:52:02.683 +06:00 [INF] HTTP OPTIONS /api/Notifications responded 204 in 4.9531 ms
2026-03-24 20:52:02.936 +06:00 [INF] HTTP GET /api/Notifications responded 200 in 230.3831 ms
2026-03-24 20:52:07.099 +06:00 [INF] HTTP OPTIONS /api/profile responded 204 in 0.0622 ms
2026-03-24 20:52:07.115 +06:00 [INF] HTTP OPTIONS /api/profile/cb1e1fdb-d34e-4816-8908-436bc28ffdf2 responded 204 in 0.0368 ms
2026-03-24 20:52:07.452 +06:00 [INF] HTTP GET /api/profile responded 200 in 342.5747 ms
2026-03-24 20:52:07.872 +06:00 [INF] HTTP GET /api/profile/cb1e1fdb-d34e-4816-8908-436bc28ffdf2 responded 200 in 745.4965 ms
2026-03-24 20:52:33.926 +06:00 [INF] HTTP OPTIONS /api/Notifications responded 204 in 36.7063 ms
2026-03-24 20:52:34.538 +06:00 [INF] HTTP GET /api/Notifications responded 200 in 495.8100 ms
2026-03-24 20:56:25.858 +06:00 [INF] HTTP OPTIONS /api/Notifications responded 204 in 19.1385 ms
2026-03-24 20:56:26.626 +06:00 [INF] HTTP GET /api/Notifications responded 200 in 689.7410 ms
2026-03-24 20:58:46.514 +06:00 [INF] HTTP OPTIONS /api/Notifications responded 204 in 4.9777 ms
2026-03-24 20:58:46.773 +06:00 [INF] HTTP GET /api/Notifications responded 200 in 235.1393 ms
2026-03-24 20:59:07.914 +06:00 [INF] HTTP OPTIONS /api/profile responded 204 in 6.5906 ms
2026-03-24 20:59:08.035 +06:00 [INF] HTTP OPTIONS /api/profile/cb1e1fdb-d34e-4816-8908-436bc28ffdf2 responded 204 in 0.0392 ms
2026-03-24 20:59:08.257 +06:00 [INF] HTTP GET /api/profile responded 200 in 306.2526 ms
2026-03-24 20:59:08.323 +06:00 [INF] HTTP GET /api/profile/cb1e1fdb-d34e-4816-8908-436bc28ffdf2 responded 200 in 268.4125 ms
2026-03-24 20:59:16.810 +06:00 [INF] HTTP OPTIONS /api/Notifications responded 204 in 0.0614 ms
2026-03-24 20:59:16.830 +06:00 [INF] HTTP GET /api/Notifications responded 200 in 14.4247 ms
2026-03-24 20:59:56.879 +06:00 [INF] HTTP OPTIONS /api/Notifications responded 204 in 0.0395 ms
2026-03-24 20:59:56.881 +06:00 [INF] HTTP OPTIONS /api/Courses responded 204 in 0.0218 ms
2026-03-24 20:59:56.883 +06:00 [INF] HTTP OPTIONS /api/Courses responded 204 in 0.0192 ms
2026-03-24 20:59:56.894 +06:00 [INF] HTTP GET /api/Notifications responded 200 in 10.2614 ms
2026-03-24 20:59:57.157 +06:00 [INF] HTTP GET /api/Courses responded 200 in 265.9374 ms
2026-03-24 20:59:57.175 +06:00 [INF] HTTP GET /api/Courses responded 200 in 281.8155 ms
2026-03-24 21:00:06.853 +06:00 [INF] HTTP OPTIONS /api/profile/cb1e1fdb-d34e-4816-8908-436bc28ffdf2 responded 204 in 0.0104 ms
2026-03-24 21:00:06.853 +06:00 [INF] HTTP OPTIONS /api/profile responded 204 in 0.1250 ms
2026-03-24 21:00:06.893 +06:00 [INF] HTTP GET /api/profile responded 200 in 22.5605 ms
2026-03-24 21:00:06.905 +06:00 [INF] HTTP GET /api/profile/cb1e1fdb-d34e-4816-8908-436bc28ffdf2 responded 200 in 43.5627 ms
2026-03-24 21:40:55.603 +06:00 [INF] HTTP OPTIONS /api/auth/login responded 204 in 10.2094 ms
2026-03-24 21:41:08.042 +06:00 [INF] HTTP POST /api/auth/login responded 200 in 12277.1590 ms
2026-03-24 21:41:09.314 +06:00 [INF] HTTP OPTIONS /api/Notifications responded 204 in 1.2712 ms
2026-03-24 21:41:09.315 +06:00 [INF] HTTP OPTIONS /api/Courses responded 204 in 0.0942 ms
2026-03-24 21:41:09.317 +06:00 [INF] HTTP OPTIONS /api/Courses responded 204 in 0.1317 ms
2026-03-24 21:41:10.135 +06:00 [INF] HTTP GET /api/Notifications responded 200 in 782.6141 ms
2026-03-24 21:41:11.209 +06:00 [INF] HTTP GET /api/Courses responded 200 in 1855.9574 ms
2026-03-24 21:41:11.213 +06:00 [INF] HTTP GET /api/Courses responded 200 in 1860.2007 ms
2026-03-24 21:41:31.307 +06:00 [INF] HTTP OPTIONS /api/Courses/4a04c797-2999-4459-960e-e5d8d5493d9e responded 204 in 1.1963 ms
2026-03-24 21:41:31.853 +06:00 [INF] HTTP GET /api/Courses/4a04c797-2999-4459-960e-e5d8d5493d9e responded 200 in 534.5600 ms
2026-03-24 21:41:32.104 +06:00 [INF] HTTP OPTIONS /api/Courses/4a04c797-2999-4459-960e-e5d8d5493d9e/members responded 204 in 0.1554 ms
2026-03-24 21:41:32.484 +06:00 [INF] HTTP GET /api/Courses/4a04c797-2999-4459-960e-e5d8d5493d9e/members responded 200 in 335.7474 ms
2026-03-24 21:41:32.762 +06:00 [INF] HTTP OPTIONS /api/Announcements/courses/4a04c797-2999-4459-960e-e5d8d5493d9e/announcements responded 204 in 0.1293 ms
2026-03-24 21:41:33.088 +06:00 [INF] HTTP GET /api/Announcements/courses/4a04c797-2999-4459-960e-e5d8d5493d9e/announcements responded 200 in 318.0371 ms
2026-03-24 21:41:40.272 +06:00 [INF] HTTP OPTIONS /api/Notifications responded 204 in 0.5563 ms
2026-03-24 21:41:40.294 +06:00 [INF] HTTP GET /api/Notifications responded 200 in 12.2422 ms
2026-03-24 21:41:57.182 +06:00 [INF] HTTP OPTIONS /api/Courses/join responded 204 in 2.9805 ms
2026-03-24 21:41:57.236 +06:00 [INF] HTTP GET /api/Courses/join responded 404 in 13.1446 ms
2026-03-24 21:42:11.050 +06:00 [INF] HTTP OPTIONS /api/Notifications responded 204 in 0.6022 ms
2026-03-24 21:42:11.309 +06:00 [INF] HTTP GET /api/Notifications responded 200 in 238.8878 ms
2026-03-24 21:42:46.769 +06:00 [INF] HTTP OPTIONS /api/auth/login responded 204 in 0.3800 ms
2026-03-24 21:42:48.146 +06:00 [INF] HTTP POST /api/auth/login responded 200 in 1352.1166 ms
2026-03-24 21:42:48.854 +06:00 [INF] HTTP OPTIONS /api/Notifications responded 204 in 0.0975 ms
2026-03-24 21:42:48.854 +06:00 [INF] HTTP OPTIONS /api/Courses responded 204 in 0.0309 ms
2026-03-24 21:42:48.856 +06:00 [INF] HTTP OPTIONS /api/Courses responded 204 in 0.4731 ms
2026-03-24 21:42:48.891 +06:00 [INF] HTTP GET /api/Notifications responded 200 in 23.6634 ms
2026-03-24 21:42:49.282 +06:00 [INF] HTTP GET /api/Courses responded 200 in 400.2864 ms
2026-03-24 21:42:49.355 +06:00 [INF] HTTP GET /api/Courses responded 200 in 483.9136 ms
2026-03-24 21:42:58.450 +06:00 [INF] HTTP OPTIONS /api/Courses/create responded 204 in 0.7233 ms
2026-03-24 21:42:58.466 +06:00 [INF] HTTP GET /api/Courses/create responded 404 in 2.4973 ms
2026-03-24 21:43:16.183 +06:00 [INF] HTTP OPTIONS /api/Notifications responded 204 in 0.4295 ms
2026-03-24 21:43:16.183 +06:00 [INF] HTTP OPTIONS /api/Courses responded 204 in 0.0910 ms
2026-03-24 21:43:16.184 +06:00 [INF] HTTP OPTIONS /api/Courses responded 204 in 0.1927 ms
2026-03-24 21:43:16.204 +06:00 [INF] HTTP GET /api/Notifications responded 200 in 11.9547 ms
2026-03-24 21:43:16.261 +06:00 [INF] HTTP GET /api/Courses responded 200 in 67.2681 ms
2026-03-24 21:43:16.282 +06:00 [INF] HTTP GET /api/Courses responded 200 in 82.8975 ms
2026-03-24 21:43:24.439 +06:00 [INF] HTTP OPTIONS /api/Courses/4a04c797-2999-4459-960e-e5d8d5493d9e responded 204 in 0.4785 ms
2026-03-24 21:43:24.584 +06:00 [INF] HTTP GET /api/Courses/4a04c797-2999-4459-960e-e5d8d5493d9e responded 200 in 126.3050 ms
2026-03-24 21:43:24.676 +06:00 [INF] HTTP OPTIONS /api/Courses/4a04c797-2999-4459-960e-e5d8d5493d9e/members responded 204 in 0.0237 ms
2026-03-24 21:43:24.676 +06:00 [INF] HTTP OPTIONS /api/Announcements/courses/4a04c797-2999-4459-960e-e5d8d5493d9e/announcements responded 204 in 0.1437 ms
2026-03-24 21:43:24.677 +06:00 [INF] HTTP OPTIONS /api/Courses/4a04c797-2999-4459-960e-e5d8d5493d9e/join-requests responded 204 in 0.0376 ms
2026-03-24 21:43:24.721 +06:00 [INF] HTTP GET /api/Announcements/courses/4a04c797-2999-4459-960e-e5d8d5493d9e/announcements responded 200 in 31.6509 ms
2026-03-24 21:43:24.815 +06:00 [INF] HTTP GET /api/Courses/4a04c797-2999-4459-960e-e5d8d5493d9e/members responded 200 in 127.3807 ms
2026-03-24 21:43:25.043 +06:00 [INF] HTTP GET /api/Courses/4a04c797-2999-4459-960e-e5d8d5493d9e/join-requests responded 200 in 351.1478 ms
2026-03-24 21:43:28.529 +06:00 [INF] HTTP OPTIONS /api/Materials/courses/4a04c797-2999-4459-960e-e5d8d5493d9e/materials responded 204 in 0.0836 ms
2026-03-24 21:43:29.055 +06:00 [INF] HTTP GET /api/Materials/courses/4a04c797-2999-4459-960e-e5d8d5493d9e/materials responded 200 in 517.5029 ms
2026-03-24 21:43:40.696 +06:00 [INF] HTTP OPTIONS /api/Materials/courses/4a04c797-2999-4459-960e-e5d8d5493d9e/materials responded 204 in 0.1403 ms
2026-03-24 21:43:46.617 +06:00 [INF] HTTP OPTIONS /api/Notifications responded 204 in 0.1005 ms
2026-03-24 21:43:46.649 +06:00 [INF] HTTP GET /api/Notifications responded 200 in 13.2152 ms
2026-03-24 21:43:47.032 +06:00 [INF] HTTP POST /api/Materials/courses/4a04c797-2999-4459-960e-e5d8d5493d9e/materials responded 200 in 6310.1961 ms
2026-03-24 21:43:47.416 +06:00 [INF] HTTP OPTIONS /api/Materials/courses/4a04c797-2999-4459-960e-e5d8d5493d9e/materials responded 204 in 0.0702 ms
2026-03-24 21:43:47.445 +06:00 [INF] HTTP GET /api/Materials/courses/4a04c797-2999-4459-960e-e5d8d5493d9e/materials responded 200 in 21.8670 ms
2026-03-24 21:44:22.341 +06:00 [INF] HTTP OPTIONS /api/auth/login responded 204 in 8.3598 ms
2026-03-24 21:44:23.464 +06:00 [INF] HTTP POST /api/auth/login responded 200 in 1073.0982 ms
2026-03-24 21:44:24.229 +06:00 [INF] HTTP OPTIONS /api/Notifications responded 204 in 0.3025 ms
2026-03-24 21:44:24.231 +06:00 [INF] HTTP OPTIONS /api/Courses responded 204 in 0.0690 ms
2026-03-24 21:44:24.234 +06:00 [INF] HTTP OPTIONS /api/Courses responded 204 in 0.0725 ms
2026-03-24 21:44:24.311 +06:00 [INF] HTTP GET /api/Notifications responded 200 in 60.1478 ms
2026-03-24 21:44:24.473 +06:00 [INF] HTTP GET /api/Courses responded 200 in 199.7712 ms
2026-03-24 21:44:24.499 +06:00 [INF] HTTP GET /api/Courses responded 200 in 242.6508 ms
2026-03-24 21:44:40.043 +06:00 [INF] HTTP OPTIONS /api/Notifications/read-all responded 204 in 0.5175 ms
2026-03-24 21:44:40.288 +06:00 [INF] HTTP PATCH /api/Notifications/read-all responded 200 in 225.6205 ms
2026-03-24 21:44:40.305 +06:00 [INF] HTTP OPTIONS /api/Notifications responded 204 in 0.0968 ms
2026-03-24 21:44:40.351 +06:00 [INF] HTTP GET /api/Notifications responded 200 in 23.8960 ms
2026-03-24 21:46:05.519 +06:00 [INF] HTTP OPTIONS /api/auth/login responded 204 in 5.2200 ms
2026-03-24 21:46:06.508 +06:00 [INF] HTTP POST /api/auth/login responded 200 in 933.5743 ms
2026-03-24 21:46:08.407 +06:00 [INF] HTTP OPTIONS /api/Courses responded 204 in 0.3199 ms
2026-03-24 21:46:08.407 +06:00 [INF] HTTP OPTIONS /api/Courses responded 204 in 0.8835 ms
2026-03-24 21:46:08.407 +06:00 [INF] HTTP OPTIONS /api/Notifications responded 204 in 0.5190 ms
2026-03-24 21:46:08.456 +06:00 [INF] HTTP GET /api/Notifications responded 200 in 22.8022 ms
2026-03-24 21:46:08.863 +06:00 [INF] HTTP GET /api/Courses responded 200 in 430.2880 ms
2026-03-24 21:46:08.876 +06:00 [INF] HTTP GET /api/Courses responded 200 in 445.0065 ms
2026-03-24 21:46:18.874 +06:00 [INF] HTTP OPTIONS /api/Courses/create responded 204 in 0.0647 ms
2026-03-24 21:46:18.885 +06:00 [INF] HTTP GET /api/Courses/create responded 404 in 1.6721 ms
2026-03-24 21:46:40.710 +06:00 [INF] HTTP OPTIONS /api/Materials/courses/4a04c797-2999-4459-960e-e5d8d5493d9e/materials responded 204 in 0.4825 ms
2026-03-24 21:46:44.468 +06:00 [INF] HTTP POST /api/Materials/courses/4a04c797-2999-4459-960e-e5d8d5493d9e/materials responded 200 in 3741.8348 ms
2026-03-24 21:46:44.609 +06:00 [INF] HTTP GET /api/Materials/courses/4a04c797-2999-4459-960e-e5d8d5493d9e/materials responded 200 in 42.8780 ms
2026-03-24 21:46:53.169 +06:00 [INF] HTTP OPTIONS /api/Notifications responded 204 in 0.0681 ms
2026-03-24 21:46:53.211 +06:00 [INF] HTTP GET /api/Notifications responded 200 in 19.5771 ms
2026-03-24 21:47:19.250 +06:00 [INF] HTTP OPTIONS /api/auth/login responded 204 in 0.1068 ms
2026-03-24 21:47:19.616 +06:00 [INF] HTTP POST /api/auth/login responded 200 in 350.2970 ms
2026-03-24 21:47:20.165 +06:00 [INF] HTTP OPTIONS /api/Notifications responded 204 in 0.0210 ms
2026-03-24 21:47:20.165 +06:00 [INF] HTTP OPTIONS /api/Courses responded 204 in 0.0121 ms
2026-03-24 21:47:20.165 +06:00 [INF] HTTP OPTIONS /api/Courses responded 204 in 0.0126 ms
2026-03-24 21:47:20.186 +06:00 [INF] HTTP GET /api/Notifications responded 200 in 14.4016 ms
2026-03-24 21:47:20.315 +06:00 [INF] HTTP GET /api/Courses responded 200 in 134.6261 ms
2026-03-24 21:47:20.319 +06:00 [INF] HTTP GET /api/Courses responded 200 in 135.5032 ms
2026-03-24 21:47:29.742 +06:00 [INF] HTTP OPTIONS /api/Notifications/read-all responded 204 in 0.0566 ms
2026-03-24 21:47:29.771 +06:00 [INF] HTTP PATCH /api/Notifications/read-all responded 200 in 23.2815 ms
2026-03-24 21:47:29.781 +06:00 [INF] HTTP OPTIONS /api/Notifications responded 204 in 0.1090 ms
2026-03-24 21:47:29.790 +06:00 [INF] HTTP GET /api/Notifications responded 200 in 3.4739 ms
2026-03-24 21:48:27.111 +06:00 [INF] HTTP OPTIONS /api/Notifications responded 204 in 2.7347 ms
2026-03-24 21:48:27.249 +06:00 [INF] HTTP GET /api/Notifications responded 200 in 118.1104 ms
2026-03-24 21:49:48.513 +06:00 [INF] HTTP OPTIONS /api/Notifications responded 204 in 3.7705 ms
2026-03-24 21:49:48.677 +06:00 [INF] HTTP GET /api/Notifications responded 200 in 143.7470 ms
2026-03-24 21:50:09.610 +06:00 [INF] HTTP OPTIONS /api/Courses responded 204 in 0.0913 ms
2026-03-24 21:50:09.919 +06:00 [INF] HTTP OPTIONS /api/Courses responded 204 in 0.0347 ms
2026-03-24 21:50:10.559 +06:00 [INF] HTTP GET /api/Courses responded 200 in 910.0544 ms
2026-03-24 21:50:10.565 +06:00 [INF] HTTP GET /api/Courses responded 200 in 626.3944 ms
2026-03-24 21:50:18.538 +06:00 [INF] HTTP OPTIONS /api/Courses/join responded 204 in 0.0447 ms
2026-03-24 21:50:18.561 +06:00 [INF] HTTP GET /api/Courses/join responded 404 in 7.5438 ms
2026-03-24 21:50:18.808 +06:00 [INF] HTTP OPTIONS /api/Notifications responded 204 in 0.0406 ms
2026-03-24 21:50:18.837 +06:00 [INF] HTTP GET /api/Notifications responded 200 in 19.7025 ms
2026-03-24 21:50:38.578 +06:00 [INF] HTTP OPTIONS /api/Notifications responded 204 in 0.1520 ms
2026-03-24 21:50:38.602 +06:00 [INF] HTTP GET /api/Notifications responded 200 in 14.9442 ms
2026-03-24 21:51:10.709 +06:00 [INF] HTTP OPTIONS /api/auth/login responded 204 in 0.0506 ms
2026-03-24 21:51:11.153 +06:00 [INF] HTTP POST /api/auth/login responded 200 in 436.5461 ms
2026-03-24 21:51:11.697 +06:00 [INF] HTTP OPTIONS /api/Notifications responded 204 in 0.0415 ms
2026-03-24 21:51:11.698 +06:00 [INF] HTTP OPTIONS /api/Courses responded 204 in 0.0698 ms
2026-03-24 21:51:11.804 +06:00 [INF] HTTP GET /api/Notifications responded 200 in 101.0063 ms
2026-03-24 21:51:11.811 +06:00 [INF] HTTP OPTIONS /api/Courses responded 204 in 0.0511 ms
2026-03-24 21:51:12.062 +06:00 [INF] HTTP GET /api/Courses responded 200 in 298.6507 ms
2026-03-24 21:51:12.064 +06:00 [INF] HTTP GET /api/Courses responded 200 in 237.3782 ms
2026-03-24 21:51:33.100 +06:00 [INF] HTTP OPTIONS /api/auth/login responded 204 in 0.0644 ms
2026-03-24 21:51:33.315 +06:00 [INF] HTTP POST /api/auth/login responded 200 in 205.7210 ms
2026-03-24 21:51:33.754 +06:00 [INF] HTTP OPTIONS /api/Notifications responded 204 in 0.0329 ms
2026-03-24 21:51:33.755 +06:00 [INF] HTTP OPTIONS /api/Courses responded 204 in 0.0259 ms
2026-03-24 21:51:33.771 +06:00 [INF] HTTP GET /api/Notifications responded 200 in 11.3096 ms
2026-03-24 21:51:33.838 +06:00 [INF] HTTP GET /api/Courses responded 200 in 74.5712 ms
2026-03-24 21:51:43.500 +06:00 [INF] HTTP OPTIONS /api/Courses/create responded 204 in 0.0771 ms
2026-03-24 21:51:43.507 +06:00 [INF] HTTP GET /api/Courses/create responded 404 in 0.7090 ms
2026-03-24 21:59:01.391 +06:00 [INF] HTTP OPTIONS /api/Notifications responded 204 in 0.1049 ms
2026-03-24 21:59:01.392 +06:00 [INF] HTTP OPTIONS /api/Courses responded 204 in 0.0181 ms
2026-03-24 21:59:01.392 +06:00 [INF] HTTP OPTIONS /api/Courses responded 204 in 0.0203 ms
2026-03-24 21:59:01.472 +06:00 [INF] HTTP GET /api/Notifications responded 200 in 70.0535 ms
2026-03-24 21:59:01.520 +06:00 [INF] HTTP GET /api/Courses responded 200 in 103.6837 ms
2026-03-24 21:59:01.523 +06:00 [INF] HTTP GET /api/Courses responded 200 in 119.4801 ms
2026-03-24 22:09:57.888 +06:00 [INF] HTTP OPTIONS /api/Courses responded 204 in 0.4393 ms
2026-03-24 22:09:57.888 +06:00 [INF] HTTP OPTIONS /api/Courses responded 204 in 0.4327 ms
2026-03-24 22:09:57.971 +06:00 [INF] HTTP GET /api/Courses responded 200 in 72.4280 ms
2026-03-24 22:09:57.977 +06:00 [INF] HTTP GET /api/Courses responded 200 in 77.9967 ms
2026-03-24 22:10:05.509 +06:00 [INF] HTTP OPTIONS /api/Notifications responded 204 in 0.0560 ms
2026-03-24 22:10:05.581 +06:00 [INF] HTTP GET /api/Notifications responded 200 in 46.7613 ms
2026-03-24 22:10:12.520 +06:00 [INF] HTTP OPTIONS /api/Notifications responded 204 in 0.2411 ms
2026-03-24 22:10:12.521 +06:00 [INF] HTTP OPTIONS /api/Courses responded 204 in 0.0438 ms
2026-03-24 22:10:12.523 +06:00 [INF] HTTP OPTIONS /api/Courses responded 204 in 0.0389 ms
2026-03-24 22:10:12.541 +06:00 [INF] HTTP GET /api/Notifications responded 200 in 11.3759 ms
2026-03-24 22:10:12.617 +06:00 [INF] HTTP GET /api/Courses responded 200 in 80.6050 ms
2026-03-24 22:10:12.617 +06:00 [INF] HTTP GET /api/Courses responded 200 in 81.3449 ms
2026-03-24 22:10:24.686 +06:00 [INF] HTTP OPTIONS /api/Notifications responded 204 in 0.4168 ms
2026-03-24 22:10:24.687 +06:00 [INF] HTTP OPTIONS /api/Courses responded 204 in 0.0235 ms
2026-03-24 22:10:24.688 +06:00 [INF] HTTP OPTIONS /api/Courses responded 204 in 0.0248 ms
2026-03-24 22:10:24.707 +06:00 [INF] HTTP GET /api/Notifications responded 200 in 10.7114 ms
2026-03-24 22:10:24.780 +06:00 [INF] HTTP GET /api/Courses responded 200 in 83.4220 ms
2026-03-24 22:10:24.812 +06:00 [INF] HTTP GET /api/Courses responded 200 in 107.8575 ms
2026-03-24 22:12:31.885 +06:00 [INF] HTTP OPTIONS /api/Courses responded 204 in 0.6057 ms
2026-03-24 22:12:31.885 +06:00 [INF] HTTP OPTIONS /api/Courses responded 204 in 0.5122 ms
2026-03-24 22:12:31.945 +06:00 [INF] HTTP GET /api/Courses responded 200 in 49.6112 ms
2026-03-24 22:12:31.949 +06:00 [INF] HTTP GET /api/Courses responded 200 in 53.3305 ms
2026-03-24 22:12:54.963 +06:00 [INF] HTTP OPTIONS /api/Notifications responded 204 in 1.4416 ms
2026-03-24 22:12:55.111 +06:00 [INF] HTTP GET /api/Notifications responded 200 in 128.6350 ms
2026-03-24 22:13:25.697 +06:00 [INF] HTTP OPTIONS /api/Notifications responded 204 in 6.1976 ms
2026-03-24 22:13:25.995 +06:00 [INF] HTTP GET /api/Notifications responded 200 in 226.0476 ms
2026-03-24 22:13:58.525 +06:00 [INF] HTTP OPTIONS /api/Notifications responded 204 in 7.3270 ms
2026-03-24 22:13:59.781 +06:00 [INF] HTTP GET /api/Notifications responded 200 in 1136.6267 ms
2026-03-24 22:14:33.189 +06:00 [INF] HTTP OPTIONS /api/Notifications responded 204 in 14.0787 ms
2026-03-24 22:14:34.384 +06:00 [INF] HTTP GET /api/Notifications responded 200 in 1053.2377 ms
2026-03-24 22:15:07.136 +06:00 [INF] HTTP OPTIONS /api/Notifications responded 204 in 5.0135 ms
2026-03-24 22:15:07.437 +06:00 [INF] HTTP GET /api/Notifications responded 200 in 262.9248 ms
2026-03-24 22:15:37.658 +06:00 [INF] HTTP OPTIONS /api/Notifications responded 204 in 0.1305 ms
2026-03-24 22:15:37.675 +06:00 [INF] HTTP GET /api/Notifications responded 200 in 10.0909 ms
2026-03-24 22:16:07.692 +06:00 [INF] HTTP OPTIONS /api/Notifications responded 204 in 0.0483 ms
2026-03-24 22:16:07.710 +06:00 [INF] HTTP GET /api/Notifications responded 200 in 12.9203 ms
2026-03-24 22:16:37.728 +06:00 [INF] HTTP OPTIONS /api/Notifications responded 204 in 0.0958 ms
2026-03-24 22:16:37.739 +06:00 [INF] HTTP GET /api/Notifications responded 200 in 2.8268 ms
2026-03-24 22:17:07.772 +06:00 [INF] HTTP OPTIONS /api/Notifications responded 204 in 0.0489 ms
2026-03-24 22:17:07.786 +06:00 [INF] HTTP GET /api/Notifications responded 200 in 9.7138 ms
2026-03-24 22:17:24.020 +06:00 [INF] HTTP OPTIONS /api/Notifications responded 204 in 0.0506 ms
2026-03-24 22:17:24.049 +06:00 [INF] HTTP GET /api/Notifications responded 200 in 22.6053 ms
2026-03-24 23:21:25.332 +06:00 [INF] HTTP OPTIONS /api/Notifications responded 204 in 10.7091 ms
2026-03-24 23:21:26.081 +06:00 [INF] HTTP GET /api/Notifications responded 401 in 714.0145 ms
2026-03-24 23:21:26.221 +06:00 [INF] HTTP OPTIONS /api/auth/refresh responded 204 in 0.0269 ms
2026-03-24 23:21:27.731 +06:00 [INF] HTTP POST /api/auth/refresh responded 200 in 1500.6487 ms
2026-03-24 23:21:28.252 +06:00 [INF] HTTP GET /api/Notifications responded 200 in 43.5982 ms
2026-03-24 23:21:58.894 +06:00 [INF] HTTP OPTIONS /api/Notifications responded 204 in 9.8272 ms
2026-03-24 23:21:59.423 +06:00 [INF] HTTP GET /api/Notifications responded 200 in 449.1804 ms
2026-03-24 23:22:32.345 +06:00 [INF] HTTP OPTIONS /api/Notifications responded 204 in 68.6940 ms
2026-03-24 23:22:33.968 +06:00 [INF] HTTP GET /api/Notifications responded 200 in 1380.4780 ms
2026-03-24 23:22:44.657 +06:00 [INF] HTTP OPTIONS /api/Courses/upload-cover responded 204 in 13.3141 ms
2026-03-24 23:22:44.935 +06:00 [INF] HTTP POST /api/Courses/upload-cover responded 405 in 170.9049 ms
