2026-03-04 00:07:58.006 +06:00 [INF] HTTP OPTIONS /api/Courses responded 204 in 2.8632 ms
2026-03-04 00:07:58.006 +06:00 [INF] HTTP OPTIONS /api/Courses responded 204 in 3.9250 ms
2026-03-04 00:07:58.305 +06:00 [INF] HTTP GET /api/Courses responded 401 in 219.9780 ms
2026-03-04 00:07:58.305 +06:00 [INF] HTTP GET /api/Courses responded 401 in 219.9922 ms
2026-03-04 00:07:58.319 +06:00 [INF] HTTP OPTIONS /api/auth/refresh responded 204 in 0.1229 ms
2026-03-04 00:08:00.495 +06:00 [INF] HTTP OPTIONS /api/Notifications responded 204 in 0.1364 ms
2026-03-04 00:08:00.500 +06:00 [INF] HTTP GET /api/Courses responded 401 in 4.3225 ms
2026-03-04 00:08:00.500 +06:00 [INF] HTTP GET /api/Courses responded 401 in 3.7831 ms
2026-03-04 00:08:00.505 +06:00 [INF] HTTP GET /api/Notifications responded 401 in 1.4692 ms
2026-03-04 00:08:01.540 +06:00 [ERR] HTTP POST /api/auth/refresh responded 500 in 3213.7256 ms
System.OperationCanceledException: The operation was canceled.
   at System.Threading.CancellationToken.ThrowOperationCanceledException()
   at System.Threading.CancellationToken.ThrowIfCancellationRequested()
   at Microsoft.EntityFrameworkCore.Storage.ExecutionStrategy.ExecuteImplementationAsync[TState,TResult](Func`4 operation, Func`4 verifySucceeded, TState state, CancellationToken cancellationToken)
   at Microsoft.EntityFrameworkCore.Storage.ExecutionStrategy.ExecuteAsync[TState,TResult](TState state, Func`4 operation, Func`4 verifySucceeded, CancellationToken cancellationToken)
   at Microsoft.EntityFrameworkCore.Query.Internal.SingleQueryingEnumerable`1.AsyncEnumerator.MoveNextAsync()
   at Microsoft.EntityFrameworkCore.Query.ShapedQueryCompilingExpressionVisitor.SingleOrDefaultAsync[TSource](IAsyncEnumerable`1 asyncEnumerable, CancellationToken cancellationToken)
   at Microsoft.EntityFrameworkCore.Query.ShapedQueryCompilingExpressionVisitor.SingleOrDefaultAsync[TSource](IAsyncEnumerable`1 asyncEnumerable, CancellationToken cancellationToken)
   at EduNexis.Infrastructure.Persistence.Repositories.UserRepository.GetByRefreshTokenAsync(String refreshToken, CancellationToken ct) in D:\Coding\Projects\edunexis-api\src\EduNexis.Infrastructure\Persistence\Repositories\UserRepository.cs:line 17
   at EduNexis.Application.Features.Auth.Commands.RefreshTokenCommandHandler.Handle(RefreshTokenCommand command, CancellationToken ct) in D:\Coding\Projects\edunexis-api\src\EduNexis.Application\Features\Auth\Commands\RefreshTokenCommand.cs:line 26
   at EduNexis.API.Controllers.AuthController.Refresh(RefreshTokenCommand command, CancellationToken ct) in D:\Coding\Projects\edunexis-api\src\EduNexis.API\Controllers\AuthController.cs:line 23
   at Microsoft.AspNetCore.Mvc.Infrastructure.ActionMethodExecutor.TaskOfIActionResultExecutor.Execute(ActionContext actionContext, IActionResultTypeMapper mapper, ObjectMethodExecutor executor, Object controller, Object[] arguments)
   at Microsoft.AspNetCore.Mvc.Infrastructure.ControllerActionInvoker.<InvokeActionMethodAsync>g__Awaited|12_0(ControllerActionInvoker invoker, ValueTask`1 actionResultValueTask)
   at Microsoft.AspNetCore.Mvc.Infrastructure.ControllerActionInvoker.<InvokeNextActionFilterAsync>g__Awaited|10_0(ControllerActionInvoker invoker, Task lastTask, State next, Scope scope, Object state, Boolean isCompleted)
   at Microsoft.AspNetCore.Mvc.Infrastructure.ControllerActionInvoker.Rethrow(ActionExecutedContextSealed context)
   at Microsoft.AspNetCore.Mvc.Infrastructure.ControllerActionInvoker.Next(State& next, Scope& scope, Object& state, Boolean& isCompleted)
   at Microsoft.AspNetCore.Mvc.Infrastructure.ControllerActionInvoker.InvokeInnerFilterAsync()
--- End of stack trace from previous location ---
   at Microsoft.AspNetCore.Mvc.Infrastructure.ResourceInvoker.<InvokeFilterPipelineAsync>g__Awaited|20_0(ResourceInvoker invoker, Task lastTask, State next, Scope scope, Object state, Boolean isCompleted)
   at Microsoft.AspNetCore.Mvc.Infrastructure.ResourceInvoker.<InvokeAsync>g__Awaited|17_0(ResourceInvoker invoker, Task task, IDisposable scope)
   at Microsoft.AspNetCore.Mvc.Infrastructure.ResourceInvoker.<InvokeAsync>g__Awaited|17_0(ResourceInvoker invoker, Task task, IDisposable scope)
   at Microsoft.AspNetCore.Authorization.AuthorizationMiddleware.Invoke(HttpContext context)
   at Microsoft.AspNetCore.Authentication.AuthenticationMiddleware.Invoke(HttpContext context)
   at Serilog.AspNetCore.RequestLoggingMiddleware.Invoke(HttpContext httpContext)
2026-03-04 00:08:01.584 +06:00 [ERR] Unhandled exception: The operation was canceled.
System.OperationCanceledException: The operation was canceled.
   at System.Threading.CancellationToken.ThrowOperationCanceledException()
   at System.Threading.CancellationToken.ThrowIfCancellationRequested()
   at Microsoft.EntityFrameworkCore.Storage.ExecutionStrategy.ExecuteImplementationAsync[TState,TResult](Func`4 operation, Func`4 verifySucceeded, TState state, CancellationToken cancellationToken)
   at Microsoft.EntityFrameworkCore.Storage.ExecutionStrategy.ExecuteAsync[TState,TResult](TState state, Func`4 operation, Func`4 verifySucceeded, CancellationToken cancellationToken)
   at Microsoft.EntityFrameworkCore.Query.Internal.SingleQueryingEnumerable`1.AsyncEnumerator.MoveNextAsync()
   at Microsoft.EntityFrameworkCore.Query.ShapedQueryCompilingExpressionVisitor.SingleOrDefaultAsync[TSource](IAsyncEnumerable`1 asyncEnumerable, CancellationToken cancellationToken)
   at Microsoft.EntityFrameworkCore.Query.ShapedQueryCompilingExpressionVisitor.SingleOrDefaultAsync[TSource](IAsyncEnumerable`1 asyncEnumerable, CancellationToken cancellationToken)
   at EduNexis.Infrastructure.Persistence.Repositories.UserRepository.GetByRefreshTokenAsync(String refreshToken, CancellationToken ct) in D:\Coding\Projects\edunexis-api\src\EduNexis.Infrastructure\Persistence\Repositories\UserRepository.cs:line 17
   at EduNexis.Application.Features.Auth.Commands.RefreshTokenCommandHandler.Handle(RefreshTokenCommand command, CancellationToken ct) in D:\Coding\Projects\edunexis-api\src\EduNexis.Application\Features\Auth\Commands\RefreshTokenCommand.cs:line 26
   at EduNexis.API.Controllers.AuthController.Refresh(RefreshTokenCommand command, CancellationToken ct) in D:\Coding\Projects\edunexis-api\src\EduNexis.API\Controllers\AuthController.cs:line 23
   at Microsoft.AspNetCore.Mvc.Infrastructure.ActionMethodExecutor.TaskOfIActionResultExecutor.Execute(ActionContext actionContext, IActionResultTypeMapper mapper, ObjectMethodExecutor executor, Object controller, Object[] arguments)
   at Microsoft.AspNetCore.Mvc.Infrastructure.ControllerActionInvoker.<InvokeActionMethodAsync>g__Awaited|12_0(ControllerActionInvoker invoker, ValueTask`1 actionResultValueTask)
   at Microsoft.AspNetCore.Mvc.Infrastructure.ControllerActionInvoker.<InvokeNextActionFilterAsync>g__Awaited|10_0(ControllerActionInvoker invoker, Task lastTask, State next, Scope scope, Object state, Boolean isCompleted)
   at Microsoft.AspNetCore.Mvc.Infrastructure.ControllerActionInvoker.Rethrow(ActionExecutedContextSealed context)
   at Microsoft.AspNetCore.Mvc.Infrastructure.ControllerActionInvoker.Next(State& next, Scope& scope, Object& state, Boolean& isCompleted)
   at Microsoft.AspNetCore.Mvc.Infrastructure.ControllerActionInvoker.InvokeInnerFilterAsync()
--- End of stack trace from previous location ---
   at Microsoft.AspNetCore.Mvc.Infrastructure.ResourceInvoker.<InvokeFilterPipelineAsync>g__Awaited|20_0(ResourceInvoker invoker, Task lastTask, State next, Scope scope, Object state, Boolean isCompleted)
   at Microsoft.AspNetCore.Mvc.Infrastructure.ResourceInvoker.<InvokeAsync>g__Awaited|17_0(ResourceInvoker invoker, Task task, IDisposable scope)
   at Microsoft.AspNetCore.Mvc.Infrastructure.ResourceInvoker.<InvokeAsync>g__Awaited|17_0(ResourceInvoker invoker, Task task, IDisposable scope)
   at Microsoft.AspNetCore.Authorization.AuthorizationMiddleware.Invoke(HttpContext context)
   at Microsoft.AspNetCore.Authentication.AuthenticationMiddleware.Invoke(HttpContext context)
   at Serilog.AspNetCore.RequestLoggingMiddleware.Invoke(HttpContext httpContext)
   at Swashbuckle.AspNetCore.SwaggerUI.SwaggerUIMiddleware.Invoke(HttpContext httpContext)
   at Swashbuckle.AspNetCore.Swagger.SwaggerMiddleware.Invoke(HttpContext httpContext, ISwaggerProvider swaggerProvider)
   at EduNexis.API.Middleware.ExceptionMiddleware.InvokeAsync(HttpContext context) in D:\Coding\Projects\edunexis-api\src\EduNexis.API\Middleware\ExceptionMiddleware.cs:line 15
2026-03-04 00:08:02.579 +06:00 [INF] HTTP POST /api/auth/refresh responded 200 in 1944.9439 ms
2026-03-04 00:08:02.858 +06:00 [INF] HTTP GET /api/Notifications responded 200 in 259.3217 ms
2026-03-04 00:08:03.165 +06:00 [INF] HTTP GET /api/Courses responded 200 in 566.6781 ms
2026-03-04 00:08:03.165 +06:00 [INF] HTTP GET /api/Courses responded 200 in 566.6837 ms
2026-03-04 00:08:05.116 +06:00 [INF] HTTP OPTIONS /api/Courses/ac80d30d-540f-4a38-aa5e-22420bf183c7 responded 204 in 0.4337 ms
2026-03-04 00:08:05.360 +06:00 [INF] HTTP GET /api/Courses/ac80d30d-540f-4a38-aa5e-22420bf183c7 responded 200 in 235.9231 ms
2026-03-04 00:08:05.386 +06:00 [INF] HTTP OPTIONS /api/Announcements/courses/ac80d30d-540f-4a38-aa5e-22420bf183c7/announcements responded 204 in 0.1135 ms
2026-03-04 00:08:05.585 +06:00 [INF] HTTP GET /api/Announcements/courses/ac80d30d-540f-4a38-aa5e-22420bf183c7/announcements responded 200 in 189.3226 ms
2026-03-04 00:08:07.629 +06:00 [INF] HTTP OPTIONS /api/Attendance/courses/ac80d30d-540f-4a38-aa5e-22420bf183c7/sessions responded 204 in 0.1705 ms
2026-03-04 00:08:07.629 +06:00 [INF] HTTP OPTIONS /api/courses/ac80d30d-540f-4a38-aa5e-22420bf183c7/presentations responded 204 in 0.1221 ms
2026-03-04 00:08:07.629 +06:00 [INF] HTTP OPTIONS /api/Courses/ac80d30d-540f-4a38-aa5e-22420bf183c7/members responded 204 in 0.0417 ms
2026-03-04 00:08:07.825 +06:00 [ERR] Failed executing DbCommand (15ms) [Parameters=[@__query_CourseId_0='?' (DbType = Guid)], CommandType='"Text"', CommandTimeout='30']
SELECT `p`.`Id`, `p`.`CourseId`, `p`.`CreatedAt`, `p`.`CreatedById`, `p`.`DeletedAt`, `p`.`Description`, `p`.`DurationPerGroupMinutes`, `p`.`Format`, `p`.`IsDeleted`, `p`.`MaxMarks`, `p`.`ScheduledDate`, `p`.`Status`, `p`.`Title`, `p`.`TopicsAllowed`, `p`.`UpdatedAt`, `p`.`Venue`
FROM `PresentationEvents` AS `p`
WHERE `p`.`CourseId` = @__query_CourseId_0
2026-03-04 00:08:07.862 +06:00 [ERR] An exception occurred while iterating over the results of a query for context type 'EduNexis.Infrastructure.Persistence.AppDbContext'.
MySqlConnector.MySqlException (0x80004005): Unknown column 'p.Description' in 'field list'
   at MySqlConnector.Core.ServerSession.ReceiveReplyAsync(IOBehavior ioBehavior, CancellationToken cancellationToken) in /_/src/MySqlConnector/Core/ServerSession.cs:line 1081
   at MySqlConnector.Core.ResultSet.ReadResultSetHeaderAsync(IOBehavior ioBehavior) in /_/src/MySqlConnector/Core/ResultSet.cs:line 37
   at MySqlConnector.MySqlDataReader.ActivateResultSet(CancellationToken cancellationToken) in /_/src/MySqlConnector/MySqlDataReader.cs:line 131
   at MySqlConnector.MySqlDataReader.InitAsync(CommandListPosition commandListPosition, ICommandPayloadCreator payloadCreator, IDictionary`2 cachedProcedures, IMySqlCommand command, CommandBehavior behavior, Activity activity, IOBehavior ioBehavior, CancellationToken cancellationToken) in /_/src/MySqlConnector/MySqlDataReader.cs:line 487
   at MySqlConnector.Core.CommandExecutor.ExecuteReaderAsync(CommandListPosition commandListPosition, ICommandPayloadCreator payloadCreator, CommandBehavior behavior, Activity activity, IOBehavior ioBehavior, CancellationToken cancellationToken) in /_/src/MySqlConnector/Core/CommandExecutor.cs:line 56
   at MySqlConnector.MySqlCommand.ExecuteReaderAsync(CommandBehavior behavior, IOBehavior ioBehavior, CancellationToken cancellationToken) in /_/src/MySqlConnector/MySqlCommand.cs:line 357
   at MySqlConnector.MySqlCommand.ExecuteDbDataReaderAsync(CommandBehavior behavior, CancellationToken cancellationToken) in /_/src/MySqlConnector/MySqlCommand.cs:line 350
   at Microsoft.EntityFrameworkCore.Storage.RelationalCommand.ExecuteReaderAsync(RelationalCommandParameterObject parameterObject, CancellationToken cancellationToken)
   at Microsoft.EntityFrameworkCore.Storage.RelationalCommand.ExecuteReaderAsync(RelationalCommandParameterObject parameterObject, CancellationToken cancellationToken)
   at Microsoft.EntityFrameworkCore.Query.Internal.SingleQueryingEnumerable`1.AsyncEnumerator.InitializeReaderAsync(AsyncEnumerator enumerator, CancellationToken cancellationToken)
   at Microsoft.EntityFrameworkCore.Storage.ExecutionStrategy.<>c__DisplayClass30_0`2.<<ExecuteAsync>b__0>d.MoveNext()
--- End of stack trace from previous location ---
   at Microsoft.EntityFrameworkCore.Storage.ExecutionStrategy.ExecuteImplementationAsync[TState,TResult](Func`4 operation, Func`4 verifySucceeded, TState state, CancellationToken cancellationToken)
   at Microsoft.EntityFrameworkCore.Storage.ExecutionStrategy.ExecuteImplementationAsync[TState,TResult](Func`4 operation, Func`4 verifySucceeded, TState state, CancellationToken cancellationToken)
   at Microsoft.EntityFrameworkCore.Storage.ExecutionStrategy.ExecuteAsync[TState,TResult](TState state, Func`4 operation, Func`4 verifySucceeded, CancellationToken cancellationToken)
   at Microsoft.EntityFrameworkCore.Query.Internal.SingleQueryingEnumerable`1.AsyncEnumerator.MoveNextAsync()
MySqlConnector.MySqlException (0x80004005): Unknown column 'p.Description' in 'field list'
   at MySqlConnector.Core.ServerSession.ReceiveReplyAsync(IOBehavior ioBehavior, CancellationToken cancellationToken) in /_/src/MySqlConnector/Core/ServerSession.cs:line 1081
   at MySqlConnector.Core.ResultSet.ReadResultSetHeaderAsync(IOBehavior ioBehavior) in /_/src/MySqlConnector/Core/ResultSet.cs:line 37
   at MySqlConnector.MySqlDataReader.ActivateResultSet(CancellationToken cancellationToken) in /_/src/MySqlConnector/MySqlDataReader.cs:line 131
   at MySqlConnector.MySqlDataReader.InitAsync(CommandListPosition commandListPosition, ICommandPayloadCreator payloadCreator, IDictionary`2 cachedProcedures, IMySqlCommand command, CommandBehavior behavior, Activity activity, IOBehavior ioBehavior, CancellationToken cancellationToken) in /_/src/MySqlConnector/MySqlDataReader.cs:line 487
   at MySqlConnector.Core.CommandExecutor.ExecuteReaderAsync(CommandListPosition commandListPosition, ICommandPayloadCreator payloadCreator, CommandBehavior behavior, Activity activity, IOBehavior ioBehavior, CancellationToken cancellationToken) in /_/src/MySqlConnector/Core/CommandExecutor.cs:line 56
   at MySqlConnector.MySqlCommand.ExecuteReaderAsync(CommandBehavior behavior, IOBehavior ioBehavior, CancellationToken cancellationToken) in /_/src/MySqlConnector/MySqlCommand.cs:line 357
   at MySqlConnector.MySqlCommand.ExecuteDbDataReaderAsync(CommandBehavior behavior, CancellationToken cancellationToken) in /_/src/MySqlConnector/MySqlCommand.cs:line 350
   at Microsoft.EntityFrameworkCore.Storage.RelationalCommand.ExecuteReaderAsync(RelationalCommandParameterObject parameterObject, CancellationToken cancellationToken)
   at Microsoft.EntityFrameworkCore.Storage.RelationalCommand.ExecuteReaderAsync(RelationalCommandParameterObject parameterObject, CancellationToken cancellationToken)
   at Microsoft.EntityFrameworkCore.Query.Internal.SingleQueryingEnumerable`1.AsyncEnumerator.InitializeReaderAsync(AsyncEnumerator enumerator, CancellationToken cancellationToken)
   at Microsoft.EntityFrameworkCore.Storage.ExecutionStrategy.<>c__DisplayClass30_0`2.<<ExecuteAsync>b__0>d.MoveNext()
--- End of stack trace from previous location ---
   at Microsoft.EntityFrameworkCore.Storage.ExecutionStrategy.ExecuteImplementationAsync[TState,TResult](Func`4 operation, Func`4 verifySucceeded, TState state, CancellationToken cancellationToken)
   at Microsoft.EntityFrameworkCore.Storage.ExecutionStrategy.ExecuteImplementationAsync[TState,TResult](Func`4 operation, Func`4 verifySucceeded, TState state, CancellationToken cancellationToken)
   at Microsoft.EntityFrameworkCore.Storage.ExecutionStrategy.ExecuteAsync[TState,TResult](TState state, Func`4 operation, Func`4 verifySucceeded, CancellationToken cancellationToken)
   at Microsoft.EntityFrameworkCore.Query.Internal.SingleQueryingEnumerable`1.AsyncEnumerator.MoveNextAsync()
2026-03-04 00:08:07.864 +06:00 [INF] HTTP GET /api/Courses/ac80d30d-540f-4a38-aa5e-22420bf183c7/members responded 200 in 219.9874 ms
2026-03-04 00:08:07.893 +06:00 [ERR] HTTP GET /api/courses/ac80d30d-540f-4a38-aa5e-22420bf183c7/presentations responded 500 in 251.4040 ms
MySqlConnector.MySqlException (0x80004005): Unknown column 'p.Description' in 'field list'
   at MySqlConnector.Core.ServerSession.ReceiveReplyAsync(IOBehavior ioBehavior, CancellationToken cancellationToken) in /_/src/MySqlConnector/Core/ServerSession.cs:line 1081
   at MySqlConnector.Core.ResultSet.ReadResultSetHeaderAsync(IOBehavior ioBehavior) in /_/src/MySqlConnector/Core/ResultSet.cs:line 37
   at MySqlConnector.MySqlDataReader.ActivateResultSet(CancellationToken cancellationToken) in /_/src/MySqlConnector/MySqlDataReader.cs:line 131
   at MySqlConnector.MySqlDataReader.InitAsync(CommandListPosition commandListPosition, ICommandPayloadCreator payloadCreator, IDictionary`2 cachedProcedures, IMySqlCommand command, CommandBehavior behavior, Activity activity, IOBehavior ioBehavior, CancellationToken cancellationToken) in /_/src/MySqlConnector/MySqlDataReader.cs:line 487
   at MySqlConnector.Core.CommandExecutor.ExecuteReaderAsync(CommandListPosition commandListPosition, ICommandPayloadCreator payloadCreator, CommandBehavior behavior, Activity activity, IOBehavior ioBehavior, CancellationToken cancellationToken) in /_/src/MySqlConnector/Core/CommandExecutor.cs:line 56
   at MySqlConnector.MySqlCommand.ExecuteReaderAsync(CommandBehavior behavior, IOBehavior ioBehavior, CancellationToken cancellationToken) in /_/src/MySqlConnector/MySqlCommand.cs:line 357
   at MySqlConnector.MySqlCommand.ExecuteDbDataReaderAsync(CommandBehavior behavior, CancellationToken cancellationToken) in /_/src/MySqlConnector/MySqlCommand.cs:line 350
   at Microsoft.EntityFrameworkCore.Storage.RelationalCommand.ExecuteReaderAsync(RelationalCommandParameterObject parameterObject, CancellationToken cancellationToken)
   at Microsoft.EntityFrameworkCore.Storage.RelationalCommand.ExecuteReaderAsync(RelationalCommandParameterObject parameterObject, CancellationToken cancellationToken)
   at Microsoft.EntityFrameworkCore.Query.Internal.SingleQueryingEnumerable`1.AsyncEnumerator.InitializeReaderAsync(AsyncEnumerator enumerator, CancellationToken cancellationToken)
   at Microsoft.EntityFrameworkCore.Storage.ExecutionStrategy.<>c__DisplayClass30_0`2.<<ExecuteAsync>b__0>d.MoveNext()
--- End of stack trace from previous location ---
   at Microsoft.EntityFrameworkCore.Storage.ExecutionStrategy.ExecuteImplementationAsync[TState,TResult](Func`4 operation, Func`4 verifySucceeded, TState state, CancellationToken cancellationToken)
   at Microsoft.EntityFrameworkCore.Storage.ExecutionStrategy.ExecuteImplementationAsync[TState,TResult](Func`4 operation, Func`4 verifySucceeded, TState state, CancellationToken cancellationToken)
   at Microsoft.EntityFrameworkCore.Storage.ExecutionStrategy.ExecuteAsync[TState,TResult](TState state, Func`4 operation, Func`4 verifySucceeded, CancellationToken cancellationToken)
   at Microsoft.EntityFrameworkCore.Query.Internal.SingleQueryingEnumerable`1.AsyncEnumerator.MoveNextAsync()
   at Microsoft.EntityFrameworkCore.EntityFrameworkQueryableExtensions.ToListAsync[TSource](IQueryable`1 source, CancellationToken cancellationToken)
   at Microsoft.EntityFrameworkCore.EntityFrameworkQueryableExtensions.ToListAsync[TSource](IQueryable`1 source, CancellationToken cancellationToken)
   at EduNexis.Infrastructure.Persistence.Repositories.BaseRepository`1.FindAsync(Expression`1 predicate, CancellationToken ct) in D:\Coding\Projects\edunexis-api\src\EduNexis.Infrastructure\Persistence\Repositories\BaseRepository.cs:line 24
   at EduNexis.Application.Features.Presentations.Queries.GetPresentationsQueryHandler.Handle(GetPresentationsQuery query, CancellationToken ct) in D:\Coding\Projects\edunexis-api\src\EduNexis.Application\Features\Presentations\Queries\GetPresentationsQuery.cs:line 69
   at EduNexis.API.Controllers.PresentationsController.GetAll(Guid courseId, CancellationToken ct) in D:\Coding\Projects\edunexis-api\src\EduNexis.API\Controllers\PresentationsController.cs:line 14
   at Microsoft.AspNetCore.Mvc.Infrastructure.ActionMethodExecutor.TaskOfIActionResultExecutor.Execute(ActionContext actionContext, IActionResultTypeMapper mapper, ObjectMethodExecutor executor, Object controller, Object[] arguments)
   at Microsoft.AspNetCore.Mvc.Infrastructure.ControllerActionInvoker.<InvokeActionMethodAsync>g__Awaited|12_0(ControllerActionInvoker invoker, ValueTask`1 actionResultValueTask)
   at Microsoft.AspNetCore.Mvc.Infrastructure.ControllerActionInvoker.<InvokeNextActionFilterAsync>g__Awaited|10_0(ControllerActionInvoker invoker, Task lastTask, State next, Scope scope, Object state, Boolean isCompleted)
   at Microsoft.AspNetCore.Mvc.Infrastructure.ControllerActionInvoker.Rethrow(ActionExecutedContextSealed context)
   at Microsoft.AspNetCore.Mvc.Infrastructure.ControllerActionInvoker.Next(State& next, Scope& scope, Object& state, Boolean& isCompleted)
   at Microsoft.AspNetCore.Mvc.Infrastructure.ControllerActionInvoker.<InvokeInnerFilterAsync>g__Awaited|13_0(ControllerActionInvoker invoker, Task lastTask, State next, Scope scope, Object state, Boolean isCompleted)
   at Microsoft.AspNetCore.Mvc.Infrastructure.ResourceInvoker.<InvokeFilterPipelineAsync>g__Awaited|20_0(ResourceInvoker invoker, Task lastTask, State next, Scope scope, Object state, Boolean isCompleted)
   at Microsoft.AspNetCore.Mvc.Infrastructure.ResourceInvoker.<InvokeAsync>g__Awaited|17_0(ResourceInvoker invoker, Task task, IDisposable scope)
   at Microsoft.AspNetCore.Mvc.Infrastructure.ResourceInvoker.<InvokeAsync>g__Awaited|17_0(ResourceInvoker invoker, Task task, IDisposable scope)
   at Microsoft.AspNetCore.Authorization.AuthorizationMiddleware.Invoke(HttpContext context)
   at Microsoft.AspNetCore.Authentication.AuthenticationMiddleware.Invoke(HttpContext context)
   at Serilog.AspNetCore.RequestLoggingMiddleware.Invoke(HttpContext httpContext)
2026-03-04 00:08:07.929 +06:00 [ERR] Unhandled exception: Unknown column 'p.Description' in 'field list'
MySqlConnector.MySqlException (0x80004005): Unknown column 'p.Description' in 'field list'
   at MySqlConnector.Core.ServerSession.ReceiveReplyAsync(IOBehavior ioBehavior, CancellationToken cancellationToken) in /_/src/MySqlConnector/Core/ServerSession.cs:line 1081
   at MySqlConnector.Core.ResultSet.ReadResultSetHeaderAsync(IOBehavior ioBehavior) in /_/src/MySqlConnector/Core/ResultSet.cs:line 37
   at MySqlConnector.MySqlDataReader.ActivateResultSet(CancellationToken cancellationToken) in /_/src/MySqlConnector/MySqlDataReader.cs:line 131
   at MySqlConnector.MySqlDataReader.InitAsync(CommandListPosition commandListPosition, ICommandPayloadCreator payloadCreator, IDictionary`2 cachedProcedures, IMySqlCommand command, CommandBehavior behavior, Activity activity, IOBehavior ioBehavior, CancellationToken cancellationToken) in /_/src/MySqlConnector/MySqlDataReader.cs:line 487
   at MySqlConnector.Core.CommandExecutor.ExecuteReaderAsync(CommandListPosition commandListPosition, ICommandPayloadCreator payloadCreator, CommandBehavior behavior, Activity activity, IOBehavior ioBehavior, CancellationToken cancellationToken) in /_/src/MySqlConnector/Core/CommandExecutor.cs:line 56
   at MySqlConnector.MySqlCommand.ExecuteReaderAsync(CommandBehavior behavior, IOBehavior ioBehavior, CancellationToken cancellationToken) in /_/src/MySqlConnector/MySqlCommand.cs:line 357
   at MySqlConnector.MySqlCommand.ExecuteDbDataReaderAsync(CommandBehavior behavior, CancellationToken cancellationToken) in /_/src/MySqlConnector/MySqlCommand.cs:line 350
   at Microsoft.EntityFrameworkCore.Storage.RelationalCommand.ExecuteReaderAsync(RelationalCommandParameterObject parameterObject, CancellationToken cancellationToken)
   at Microsoft.EntityFrameworkCore.Storage.RelationalCommand.ExecuteReaderAsync(RelationalCommandParameterObject parameterObject, CancellationToken cancellationToken)
   at Microsoft.EntityFrameworkCore.Query.Internal.SingleQueryingEnumerable`1.AsyncEnumerator.InitializeReaderAsync(AsyncEnumerator enumerator, CancellationToken cancellationToken)
   at Microsoft.EntityFrameworkCore.Storage.ExecutionStrategy.<>c__DisplayClass30_0`2.<<ExecuteAsync>b__0>d.MoveNext()
--- End of stack trace from previous location ---
   at Microsoft.EntityFrameworkCore.Storage.ExecutionStrategy.ExecuteImplementationAsync[TState,TResult](Func`4 operation, Func`4 verifySucceeded, TState state, CancellationToken cancellationToken)
   at Microsoft.EntityFrameworkCore.Storage.ExecutionStrategy.ExecuteImplementationAsync[TState,TResult](Func`4 operation, Func`4 verifySucceeded, TState state, CancellationToken cancellationToken)
   at Microsoft.EntityFrameworkCore.Storage.ExecutionStrategy.ExecuteAsync[TState,TResult](TState state, Func`4 operation, Func`4 verifySucceeded, CancellationToken cancellationToken)
   at Microsoft.EntityFrameworkCore.Query.Internal.SingleQueryingEnumerable`1.AsyncEnumerator.MoveNextAsync()
   at Microsoft.EntityFrameworkCore.EntityFrameworkQueryableExtensions.ToListAsync[TSource](IQueryable`1 source, CancellationToken cancellationToken)
   at Microsoft.EntityFrameworkCore.EntityFrameworkQueryableExtensions.ToListAsync[TSource](IQueryable`1 source, CancellationToken cancellationToken)
   at EduNexis.Infrastructure.Persistence.Repositories.BaseRepository`1.FindAsync(Expression`1 predicate, CancellationToken ct) in D:\Coding\Projects\edunexis-api\src\EduNexis.Infrastructure\Persistence\Repositories\BaseRepository.cs:line 24
   at EduNexis.Application.Features.Presentations.Queries.GetPresentationsQueryHandler.Handle(GetPresentationsQuery query, CancellationToken ct) in D:\Coding\Projects\edunexis-api\src\EduNexis.Application\Features\Presentations\Queries\GetPresentationsQuery.cs:line 69
   at EduNexis.API.Controllers.PresentationsController.GetAll(Guid courseId, CancellationToken ct) in D:\Coding\Projects\edunexis-api\src\EduNexis.API\Controllers\PresentationsController.cs:line 14
   at Microsoft.AspNetCore.Mvc.Infrastructure.ActionMethodExecutor.TaskOfIActionResultExecutor.Execute(ActionContext actionContext, IActionResultTypeMapper mapper, ObjectMethodExecutor executor, Object controller, Object[] arguments)
   at Microsoft.AspNetCore.Mvc.Infrastructure.ControllerActionInvoker.<InvokeActionMethodAsync>g__Awaited|12_0(ControllerActionInvoker invoker, ValueTask`1 actionResultValueTask)
   at Microsoft.AspNetCore.Mvc.Infrastructure.ControllerActionInvoker.<InvokeNextActionFilterAsync>g__Awaited|10_0(ControllerActionInvoker invoker, Task lastTask, State next, Scope scope, Object state, Boolean isCompleted)
   at Microsoft.AspNetCore.Mvc.Infrastructure.ControllerActionInvoker.Rethrow(ActionExecutedContextSealed context)
   at Microsoft.AspNetCore.Mvc.Infrastructure.ControllerActionInvoker.Next(State& next, Scope& scope, Object& state, Boolean& isCompleted)
   at Microsoft.AspNetCore.Mvc.Infrastructure.ControllerActionInvoker.<InvokeInnerFilterAsync>g__Awaited|13_0(ControllerActionInvoker invoker, Task lastTask, State next, Scope scope, Object state, Boolean isCompleted)
   at Microsoft.AspNetCore.Mvc.Infrastructure.ResourceInvoker.<InvokeFilterPipelineAsync>g__Awaited|20_0(ResourceInvoker invoker, Task lastTask, State next, Scope scope, Object state, Boolean isCompleted)
   at Microsoft.AspNetCore.Mvc.Infrastructure.ResourceInvoker.<InvokeAsync>g__Awaited|17_0(ResourceInvoker invoker, Task task, IDisposable scope)
   at Microsoft.AspNetCore.Mvc.Infrastructure.ResourceInvoker.<InvokeAsync>g__Awaited|17_0(ResourceInvoker invoker, Task task, IDisposable scope)
   at Microsoft.AspNetCore.Authorization.AuthorizationMiddleware.Invoke(HttpContext context)
   at Microsoft.AspNetCore.Authentication.AuthenticationMiddleware.Invoke(HttpContext context)
   at Serilog.AspNetCore.RequestLoggingMiddleware.Invoke(HttpContext httpContext)
   at Swashbuckle.AspNetCore.SwaggerUI.SwaggerUIMiddleware.Invoke(HttpContext httpContext)
   at Swashbuckle.AspNetCore.Swagger.SwaggerMiddleware.Invoke(HttpContext httpContext, ISwaggerProvider swaggerProvider)
   at EduNexis.API.Middleware.ExceptionMiddleware.InvokeAsync(HttpContext context) in D:\Coding\Projects\edunexis-api\src\EduNexis.API\Middleware\ExceptionMiddleware.cs:line 15
2026-03-04 00:08:07.945 +06:00 [INF] HTTP GET /api/Attendance/courses/ac80d30d-540f-4a38-aa5e-22420bf183c7/sessions responded 200 in 306.9853 ms
2026-03-04 00:08:09.012 +06:00 [ERR] Failed executing DbCommand (1ms) [Parameters=[@__query_CourseId_0='?' (DbType = Guid)], CommandType='"Text"', CommandTimeout='30']
SELECT `p`.`Id`, `p`.`CourseId`, `p`.`CreatedAt`, `p`.`CreatedById`, `p`.`DeletedAt`, `p`.`Description`, `p`.`DurationPerGroupMinutes`, `p`.`Format`, `p`.`IsDeleted`, `p`.`MaxMarks`, `p`.`ScheduledDate`, `p`.`Status`, `p`.`Title`, `p`.`TopicsAllowed`, `p`.`UpdatedAt`, `p`.`Venue`
FROM `PresentationEvents` AS `p`
WHERE `p`.`CourseId` = @__query_CourseId_0
2026-03-04 00:08:09.020 +06:00 [ERR] An exception occurred while iterating over the results of a query for context type 'EduNexis.Infrastructure.Persistence.AppDbContext'.
MySqlConnector.MySqlException (0x80004005): Unknown column 'p.Description' in 'field list'
   at MySqlConnector.Core.ServerSession.ReceiveReplyAsync(IOBehavior ioBehavior, CancellationToken cancellationToken) in /_/src/MySqlConnector/Core/ServerSession.cs:line 1081
   at MySqlConnector.Core.ResultSet.ReadResultSetHeaderAsync(IOBehavior ioBehavior) in /_/src/MySqlConnector/Core/ResultSet.cs:line 37
   at MySqlConnector.MySqlDataReader.ActivateResultSet(CancellationToken cancellationToken) in /_/src/MySqlConnector/MySqlDataReader.cs:line 131
   at MySqlConnector.MySqlDataReader.InitAsync(CommandListPosition commandListPosition, ICommandPayloadCreator payloadCreator, IDictionary`2 cachedProcedures, IMySqlCommand command, CommandBehavior behavior, Activity activity, IOBehavior ioBehavior, CancellationToken cancellationToken) in /_/src/MySqlConnector/MySqlDataReader.cs:line 487
   at MySqlConnector.Core.CommandExecutor.ExecuteReaderAsync(CommandListPosition commandListPosition, ICommandPayloadCreator payloadCreator, CommandBehavior behavior, Activity activity, IOBehavior ioBehavior, CancellationToken cancellationToken) in /_/src/MySqlConnector/Core/CommandExecutor.cs:line 56
   at MySqlConnector.MySqlCommand.ExecuteReaderAsync(CommandBehavior behavior, IOBehavior ioBehavior, CancellationToken cancellationToken) in /_/src/MySqlConnector/MySqlCommand.cs:line 357
   at MySqlConnector.MySqlCommand.ExecuteDbDataReaderAsync(CommandBehavior behavior, CancellationToken cancellationToken) in /_/src/MySqlConnector/MySqlCommand.cs:line 350
   at Microsoft.EntityFrameworkCore.Storage.RelationalCommand.ExecuteReaderAsync(RelationalCommandParameterObject parameterObject, CancellationToken cancellationToken)
   at Microsoft.EntityFrameworkCore.Storage.RelationalCommand.ExecuteReaderAsync(RelationalCommandParameterObject parameterObject, CancellationToken cancellationToken)
   at Microsoft.EntityFrameworkCore.Query.Internal.SingleQueryingEnumerable`1.AsyncEnumerator.InitializeReaderAsync(AsyncEnumerator enumerator, CancellationToken cancellationToken)
   at Microsoft.EntityFrameworkCore.Storage.ExecutionStrategy.<>c__DisplayClass30_0`2.<<ExecuteAsync>b__0>d.MoveNext()
--- End of stack trace from previous location ---
   at Microsoft.EntityFrameworkCore.Storage.ExecutionStrategy.ExecuteImplementationAsync[TState,TResult](Func`4 operation, Func`4 verifySucceeded, TState state, CancellationToken cancellationToken)
   at Microsoft.EntityFrameworkCore.Storage.ExecutionStrategy.ExecuteImplementationAsync[TState,TResult](Func`4 operation, Func`4 verifySucceeded, TState state, CancellationToken cancellationToken)
   at Microsoft.EntityFrameworkCore.Storage.ExecutionStrategy.ExecuteAsync[TState,TResult](TState state, Func`4 operation, Func`4 verifySucceeded, CancellationToken cancellationToken)
   at Microsoft.EntityFrameworkCore.Query.Internal.SingleQueryingEnumerable`1.AsyncEnumerator.MoveNextAsync()
MySqlConnector.MySqlException (0x80004005): Unknown column 'p.Description' in 'field list'
   at MySqlConnector.Core.ServerSession.ReceiveReplyAsync(IOBehavior ioBehavior, CancellationToken cancellationToken) in /_/src/MySqlConnector/Core/ServerSession.cs:line 1081
   at MySqlConnector.Core.ResultSet.ReadResultSetHeaderAsync(IOBehavior ioBehavior) in /_/src/MySqlConnector/Core/ResultSet.cs:line 37
   at MySqlConnector.MySqlDataReader.ActivateResultSet(CancellationToken cancellationToken) in /_/src/MySqlConnector/MySqlDataReader.cs:line 131
   at MySqlConnector.MySqlDataReader.InitAsync(CommandListPosition commandListPosition, ICommandPayloadCreator payloadCreator, IDictionary`2 cachedProcedures, IMySqlCommand command, CommandBehavior behavior, Activity activity, IOBehavior ioBehavior, CancellationToken cancellationToken) in /_/src/MySqlConnector/MySqlDataReader.cs:line 487
   at MySqlConnector.Core.CommandExecutor.ExecuteReaderAsync(CommandListPosition commandListPosition, ICommandPayloadCreator payloadCreator, CommandBehavior behavior, Activity activity, IOBehavior ioBehavior, CancellationToken cancellationToken) in /_/src/MySqlConnector/Core/CommandExecutor.cs:line 56
   at MySqlConnector.MySqlCommand.ExecuteReaderAsync(CommandBehavior behavior, IOBehavior ioBehavior, CancellationToken cancellationToken) in /_/src/MySqlConnector/MySqlCommand.cs:line 357
   at MySqlConnector.MySqlCommand.ExecuteDbDataReaderAsync(CommandBehavior behavior, CancellationToken cancellationToken) in /_/src/MySqlConnector/MySqlCommand.cs:line 350
   at Microsoft.EntityFrameworkCore.Storage.RelationalCommand.ExecuteReaderAsync(RelationalCommandParameterObject parameterObject, CancellationToken cancellationToken)
   at Microsoft.EntityFrameworkCore.Storage.RelationalCommand.ExecuteReaderAsync(RelationalCommandParameterObject parameterObject, CancellationToken cancellationToken)
   at Microsoft.EntityFrameworkCore.Query.Internal.SingleQueryingEnumerable`1.AsyncEnumerator.InitializeReaderAsync(AsyncEnumerator enumerator, CancellationToken cancellationToken)
   at Microsoft.EntityFrameworkCore.Storage.ExecutionStrategy.<>c__DisplayClass30_0`2.<<ExecuteAsync>b__0>d.MoveNext()
--- End of stack trace from previous location ---
   at Microsoft.EntityFrameworkCore.Storage.ExecutionStrategy.ExecuteImplementationAsync[TState,TResult](Func`4 operation, Func`4 verifySucceeded, TState state, CancellationToken cancellationToken)
   at Microsoft.EntityFrameworkCore.Storage.ExecutionStrategy.ExecuteImplementationAsync[TState,TResult](Func`4 operation, Func`4 verifySucceeded, TState state, CancellationToken cancellationToken)
   at Microsoft.EntityFrameworkCore.Storage.ExecutionStrategy.ExecuteAsync[TState,TResult](TState state, Func`4 operation, Func`4 verifySucceeded, CancellationToken cancellationToken)
   at Microsoft.EntityFrameworkCore.Query.Internal.SingleQueryingEnumerable`1.AsyncEnumerator.MoveNextAsync()
2026-03-04 00:08:09.034 +06:00 [ERR] HTTP GET /api/courses/ac80d30d-540f-4a38-aa5e-22420bf183c7/presentations responded 500 in 64.0899 ms
MySqlConnector.MySqlException (0x80004005): Unknown column 'p.Description' in 'field list'
   at MySqlConnector.Core.ServerSession.ReceiveReplyAsync(IOBehavior ioBehavior, CancellationToken cancellationToken) in /_/src/MySqlConnector/Core/ServerSession.cs:line 1081
   at MySqlConnector.Core.ResultSet.ReadResultSetHeaderAsync(IOBehavior ioBehavior) in /_/src/MySqlConnector/Core/ResultSet.cs:line 37
   at MySqlConnector.MySqlDataReader.ActivateResultSet(CancellationToken cancellationToken) in /_/src/MySqlConnector/MySqlDataReader.cs:line 131
   at MySqlConnector.MySqlDataReader.InitAsync(CommandListPosition commandListPosition, ICommandPayloadCreator payloadCreator, IDictionary`2 cachedProcedures, IMySqlCommand command, CommandBehavior behavior, Activity activity, IOBehavior ioBehavior, CancellationToken cancellationToken) in /_/src/MySqlConnector/MySqlDataReader.cs:line 487
   at MySqlConnector.Core.CommandExecutor.ExecuteReaderAsync(CommandListPosition commandListPosition, ICommandPayloadCreator payloadCreator, CommandBehavior behavior, Activity activity, IOBehavior ioBehavior, CancellationToken cancellationToken) in /_/src/MySqlConnector/Core/CommandExecutor.cs:line 56
   at MySqlConnector.MySqlCommand.ExecuteReaderAsync(CommandBehavior behavior, IOBehavior ioBehavior, CancellationToken cancellationToken) in /_/src/MySqlConnector/MySqlCommand.cs:line 357
   at MySqlConnector.MySqlCommand.ExecuteDbDataReaderAsync(CommandBehavior behavior, CancellationToken cancellationToken) in /_/src/MySqlConnector/MySqlCommand.cs:line 350
   at Microsoft.EntityFrameworkCore.Storage.RelationalCommand.ExecuteReaderAsync(RelationalCommandParameterObject parameterObject, CancellationToken cancellationToken)
   at Microsoft.EntityFrameworkCore.Storage.RelationalCommand.ExecuteReaderAsync(RelationalCommandParameterObject parameterObject, CancellationToken cancellationToken)
   at Microsoft.EntityFrameworkCore.Query.Internal.SingleQueryingEnumerable`1.AsyncEnumerator.InitializeReaderAsync(AsyncEnumerator enumerator, CancellationToken cancellationToken)
   at Microsoft.EntityFrameworkCore.Storage.ExecutionStrategy.<>c__DisplayClass30_0`2.<<ExecuteAsync>b__0>d.MoveNext()
--- End of stack trace from previous location ---
   at Microsoft.EntityFrameworkCore.Storage.ExecutionStrategy.ExecuteImplementationAsync[TState,TResult](Func`4 operation, Func`4 verifySucceeded, TState state, CancellationToken cancellationToken)
   at Microsoft.EntityFrameworkCore.Storage.ExecutionStrategy.ExecuteImplementationAsync[TState,TResult](Func`4 operation, Func`4 verifySucceeded, TState state, CancellationToken cancellationToken)
   at Microsoft.EntityFrameworkCore.Storage.ExecutionStrategy.ExecuteAsync[TState,TResult](TState state, Func`4 operation, Func`4 verifySucceeded, CancellationToken cancellationToken)
   at Microsoft.EntityFrameworkCore.Query.Internal.SingleQueryingEnumerable`1.AsyncEnumerator.MoveNextAsync()
   at Microsoft.EntityFrameworkCore.EntityFrameworkQueryableExtensions.ToListAsync[TSource](IQueryable`1 source, CancellationToken cancellationToken)
   at Microsoft.EntityFrameworkCore.EntityFrameworkQueryableExtensions.ToListAsync[TSource](IQueryable`1 source, CancellationToken cancellationToken)
   at EduNexis.Infrastructure.Persistence.Repositories.BaseRepository`1.FindAsync(Expression`1 predicate, CancellationToken ct) in D:\Coding\Projects\edunexis-api\src\EduNexis.Infrastructure\Persistence\Repositories\BaseRepository.cs:line 24
   at EduNexis.Application.Features.Presentations.Queries.GetPresentationsQueryHandler.Handle(GetPresentationsQuery query, CancellationToken ct) in D:\Coding\Projects\edunexis-api\src\EduNexis.Application\Features\Presentations\Queries\GetPresentationsQuery.cs:line 69
   at EduNexis.API.Controllers.PresentationsController.GetAll(Guid courseId, CancellationToken ct) in D:\Coding\Projects\edunexis-api\src\EduNexis.API\Controllers\PresentationsController.cs:line 14
   at Microsoft.AspNetCore.Mvc.Infrastructure.ActionMethodExecutor.TaskOfIActionResultExecutor.Execute(ActionContext actionContext, IActionResultTypeMapper mapper, ObjectMethodExecutor executor, Object controller, Object[] arguments)
   at Microsoft.AspNetCore.Mvc.Infrastructure.ControllerActionInvoker.<InvokeActionMethodAsync>g__Awaited|12_0(ControllerActionInvoker invoker, ValueTask`1 actionResultValueTask)
   at Microsoft.AspNetCore.Mvc.Infrastructure.ControllerActionInvoker.<InvokeNextActionFilterAsync>g__Awaited|10_0(ControllerActionInvoker invoker, Task lastTask, State next, Scope scope, Object state, Boolean isCompleted)
   at Microsoft.AspNetCore.Mvc.Infrastructure.ControllerActionInvoker.Rethrow(ActionExecutedContextSealed context)
   at Microsoft.AspNetCore.Mvc.Infrastructure.ControllerActionInvoker.Next(State& next, Scope& scope, Object& state, Boolean& isCompleted)
   at Microsoft.AspNetCore.Mvc.Infrastructure.ControllerActionInvoker.<InvokeInnerFilterAsync>g__Awaited|13_0(ControllerActionInvoker invoker, Task lastTask, State next, Scope scope, Object state, Boolean isCompleted)
   at Microsoft.AspNetCore.Mvc.Infrastructure.ResourceInvoker.<InvokeFilterPipelineAsync>g__Awaited|20_0(ResourceInvoker invoker, Task lastTask, State next, Scope scope, Object state, Boolean isCompleted)
   at Microsoft.AspNetCore.Mvc.Infrastructure.ResourceInvoker.<InvokeAsync>g__Awaited|17_0(ResourceInvoker invoker, Task task, IDisposable scope)
   at Microsoft.AspNetCore.Mvc.Infrastructure.ResourceInvoker.<InvokeAsync>g__Awaited|17_0(ResourceInvoker invoker, Task task, IDisposable scope)
   at Microsoft.AspNetCore.Authorization.AuthorizationMiddleware.Invoke(HttpContext context)
   at Microsoft.AspNetCore.Authentication.AuthenticationMiddleware.Invoke(HttpContext context)
   at Serilog.AspNetCore.RequestLoggingMiddleware.Invoke(HttpContext httpContext)
2026-03-04 00:08:09.053 +06:00 [ERR] Unhandled exception: Unknown column 'p.Description' in 'field list'
MySqlConnector.MySqlException (0x80004005): Unknown column 'p.Description' in 'field list'
   at MySqlConnector.Core.ServerSession.ReceiveReplyAsync(IOBehavior ioBehavior, CancellationToken cancellationToken) in /_/src/MySqlConnector/Core/ServerSession.cs:line 1081
   at MySqlConnector.Core.ResultSet.ReadResultSetHeaderAsync(IOBehavior ioBehavior) in /_/src/MySqlConnector/Core/ResultSet.cs:line 37
   at MySqlConnector.MySqlDataReader.ActivateResultSet(CancellationToken cancellationToken) in /_/src/MySqlConnector/MySqlDataReader.cs:line 131
   at MySqlConnector.MySqlDataReader.InitAsync(CommandListPosition commandListPosition, ICommandPayloadCreator payloadCreator, IDictionary`2 cachedProcedures, IMySqlCommand command, CommandBehavior behavior, Activity activity, IOBehavior ioBehavior, CancellationToken cancellationToken) in /_/src/MySqlConnector/MySqlDataReader.cs:line 487
   at MySqlConnector.Core.CommandExecutor.ExecuteReaderAsync(CommandListPosition commandListPosition, ICommandPayloadCreator payloadCreator, CommandBehavior behavior, Activity activity, IOBehavior ioBehavior, CancellationToken cancellationToken) in /_/src/MySqlConnector/Core/CommandExecutor.cs:line 56
   at MySqlConnector.MySqlCommand.ExecuteReaderAsync(CommandBehavior behavior, IOBehavior ioBehavior, CancellationToken cancellationToken) in /_/src/MySqlConnector/MySqlCommand.cs:line 357
   at MySqlConnector.MySqlCommand.ExecuteDbDataReaderAsync(CommandBehavior behavior, CancellationToken cancellationToken) in /_/src/MySqlConnector/MySqlCommand.cs:line 350
   at Microsoft.EntityFrameworkCore.Storage.RelationalCommand.ExecuteReaderAsync(RelationalCommandParameterObject parameterObject, CancellationToken cancellationToken)
   at Microsoft.EntityFrameworkCore.Storage.RelationalCommand.ExecuteReaderAsync(RelationalCommandParameterObject parameterObject, CancellationToken cancellationToken)
   at Microsoft.EntityFrameworkCore.Query.Internal.SingleQueryingEnumerable`1.AsyncEnumerator.InitializeReaderAsync(AsyncEnumerator enumerator, CancellationToken cancellationToken)
   at Microsoft.EntityFrameworkCore.Storage.ExecutionStrategy.<>c__DisplayClass30_0`2.<<ExecuteAsync>b__0>d.MoveNext()
--- End of stack trace from previous location ---
   at Microsoft.EntityFrameworkCore.Storage.ExecutionStrategy.ExecuteImplementationAsync[TState,TResult](Func`4 operation, Func`4 verifySucceeded, TState state, CancellationToken cancellationToken)
   at Microsoft.EntityFrameworkCore.Storage.ExecutionStrategy.ExecuteImplementationAsync[TState,TResult](Func`4 operation, Func`4 verifySucceeded, TState state, CancellationToken cancellationToken)
   at Microsoft.EntityFrameworkCore.Storage.ExecutionStrategy.ExecuteAsync[TState,TResult](TState state, Func`4 operation, Func`4 verifySucceeded, CancellationToken cancellationToken)
   at Microsoft.EntityFrameworkCore.Query.Internal.SingleQueryingEnumerable`1.AsyncEnumerator.MoveNextAsync()
   at Microsoft.EntityFrameworkCore.EntityFrameworkQueryableExtensions.ToListAsync[TSource](IQueryable`1 source, CancellationToken cancellationToken)
   at Microsoft.EntityFrameworkCore.EntityFrameworkQueryableExtensions.ToListAsync[TSource](IQueryable`1 source, CancellationToken cancellationToken)
   at EduNexis.Infrastructure.Persistence.Repositories.BaseRepository`1.FindAsync(Expression`1 predicate, CancellationToken ct) in D:\Coding\Projects\edunexis-api\src\EduNexis.Infrastructure\Persistence\Repositories\BaseRepository.cs:line 24
   at EduNexis.Application.Features.Presentations.Queries.GetPresentationsQueryHandler.Handle(GetPresentationsQuery query, CancellationToken ct) in D:\Coding\Projects\edunexis-api\src\EduNexis.Application\Features\Presentations\Queries\GetPresentationsQuery.cs:line 69
   at EduNexis.API.Controllers.PresentationsController.GetAll(Guid courseId, CancellationToken ct) in D:\Coding\Projects\edunexis-api\src\EduNexis.API\Controllers\PresentationsController.cs:line 14
   at Microsoft.AspNetCore.Mvc.Infrastructure.ActionMethodExecutor.TaskOfIActionResultExecutor.Execute(ActionContext actionContext, IActionResultTypeMapper mapper, ObjectMethodExecutor executor, Object controller, Object[] arguments)
   at Microsoft.AspNetCore.Mvc.Infrastructure.ControllerActionInvoker.<InvokeActionMethodAsync>g__Awaited|12_0(ControllerActionInvoker invoker, ValueTask`1 actionResultValueTask)
   at Microsoft.AspNetCore.Mvc.Infrastructure.ControllerActionInvoker.<InvokeNextActionFilterAsync>g__Awaited|10_0(ControllerActionInvoker invoker, Task lastTask, State next, Scope scope, Object state, Boolean isCompleted)
   at Microsoft.AspNetCore.Mvc.Infrastructure.ControllerActionInvoker.Rethrow(ActionExecutedContextSealed context)
   at Microsoft.AspNetCore.Mvc.Infrastructure.ControllerActionInvoker.Next(State& next, Scope& scope, Object& state, Boolean& isCompleted)
   at Microsoft.AspNetCore.Mvc.Infrastructure.ControllerActionInvoker.<InvokeInnerFilterAsync>g__Awaited|13_0(ControllerActionInvoker invoker, Task lastTask, State next, Scope scope, Object state, Boolean isCompleted)
   at Microsoft.AspNetCore.Mvc.Infrastructure.ResourceInvoker.<InvokeFilterPipelineAsync>g__Awaited|20_0(ResourceInvoker invoker, Task lastTask, State next, Scope scope, Object state, Boolean isCompleted)
   at Microsoft.AspNetCore.Mvc.Infrastructure.ResourceInvoker.<InvokeAsync>g__Awaited|17_0(ResourceInvoker invoker, Task task, IDisposable scope)
   at Microsoft.AspNetCore.Mvc.Infrastructure.ResourceInvoker.<InvokeAsync>g__Awaited|17_0(ResourceInvoker invoker, Task task, IDisposable scope)
   at Microsoft.AspNetCore.Authorization.AuthorizationMiddleware.Invoke(HttpContext context)
   at Microsoft.AspNetCore.Authentication.AuthenticationMiddleware.Invoke(HttpContext context)
   at Serilog.AspNetCore.RequestLoggingMiddleware.Invoke(HttpContext httpContext)
   at Swashbuckle.AspNetCore.SwaggerUI.SwaggerUIMiddleware.Invoke(HttpContext httpContext)
   at Swashbuckle.AspNetCore.Swagger.SwaggerMiddleware.Invoke(HttpContext httpContext, ISwaggerProvider swaggerProvider)
   at EduNexis.API.Middleware.ExceptionMiddleware.InvokeAsync(HttpContext context) in D:\Coding\Projects\edunexis-api\src\EduNexis.API\Middleware\ExceptionMiddleware.cs:line 15
2026-03-04 00:10:16.625 +06:00 [INF] HTTP OPTIONS /api/Notifications responded 204 in 5.1438 ms
2026-03-04 00:10:16.625 +06:00 [INF] HTTP OPTIONS /api/Courses/ac80d30d-540f-4a38-aa5e-22420bf183c7 responded 204 in 5.1090 ms
2026-03-04 00:10:18.605 +06:00 [INF] HTTP GET /api/Notifications responded 200 in 1879.7990 ms
2026-03-04 00:10:18.919 +06:00 [INF] HTTP GET /api/Courses/ac80d30d-540f-4a38-aa5e-22420bf183c7 responded 200 in 2193.4359 ms
2026-03-04 00:10:18.954 +06:00 [INF] HTTP OPTIONS /api/courses/ac80d30d-540f-4a38-aa5e-22420bf183c7/presentations responded 204 in 0.1261 ms
2026-03-04 00:10:18.954 +06:00 [INF] HTTP OPTIONS /api/Attendance/courses/ac80d30d-540f-4a38-aa5e-22420bf183c7/sessions responded 204 in 0.1405 ms
2026-03-04 00:10:18.957 +06:00 [INF] HTTP OPTIONS /api/Courses/ac80d30d-540f-4a38-aa5e-22420bf183c7/members responded 204 in 0.2811 ms
2026-03-04 00:10:19.312 +06:00 [INF] HTTP GET /api/courses/ac80d30d-540f-4a38-aa5e-22420bf183c7/presentations responded 200 in 350.7087 ms
2026-03-04 00:10:19.371 +06:00 [INF] HTTP GET /api/Courses/ac80d30d-540f-4a38-aa5e-22420bf183c7/members responded 200 in 405.4133 ms
2026-03-04 00:10:19.391 +06:00 [INF] HTTP GET /api/Attendance/courses/ac80d30d-540f-4a38-aa5e-22420bf183c7/sessions responded 200 in 425.4927 ms
2026-03-04 00:10:35.384 +06:00 [INF] HTTP OPTIONS /api/courses/ac80d30d-540f-4a38-aa5e-22420bf183c7/presentations responded 204 in 0.2258 ms
2026-03-04 00:10:36.019 +06:00 [INF] HTTP POST /api/courses/ac80d30d-540f-4a38-aa5e-22420bf183c7/presentations responded 200 in 627.4087 ms
2026-03-04 00:10:36.164 +06:00 [INF] HTTP GET /api/courses/ac80d30d-540f-4a38-aa5e-22420bf183c7/presentations responded 200 in 131.4623 ms
2026-03-04 00:10:45.072 +06:00 [INF] HTTP OPTIONS /api/presentations/a9458ccc-e213-45d9-b663-4b64c3ce8d18/status responded 204 in 0.2151 ms
2026-03-04 00:10:45.170 +06:00 [INF] HTTP PATCH /api/presentations/a9458ccc-e213-45d9-b663-4b64c3ce8d18/status responded 200 in 89.9822 ms
2026-03-04 00:10:45.176 +06:00 [INF] HTTP OPTIONS /api/courses/ac80d30d-540f-4a38-aa5e-22420bf183c7/presentations responded 204 in 0.0672 ms
2026-03-04 00:10:45.212 +06:00 [INF] HTTP GET /api/courses/ac80d30d-540f-4a38-aa5e-22420bf183c7/presentations responded 200 in 29.5356 ms
2026-03-04 00:10:48.619 +06:00 [INF] HTTP OPTIONS /api/Notifications responded 204 in 0.2095 ms
2026-03-04 00:10:48.636 +06:00 [INF] HTTP GET /api/Notifications responded 200 in 6.5902 ms
2026-03-04 00:10:58.421 +06:00 [INF] HTTP OPTIONS /api/presentations/a9458ccc-e213-45d9-b663-4b64c3ce8d18/status responded 204 in 0.2134 ms
2026-03-04 00:10:58.484 +06:00 [INF] HTTP PATCH /api/presentations/a9458ccc-e213-45d9-b663-4b64c3ce8d18/status responded 200 in 56.4081 ms
2026-03-04 00:10:58.491 +06:00 [INF] HTTP OPTIONS /api/courses/ac80d30d-540f-4a38-aa5e-22420bf183c7/presentations responded 204 in 0.0755 ms
2026-03-04 00:10:58.517 +06:00 [INF] HTTP GET /api/courses/ac80d30d-540f-4a38-aa5e-22420bf183c7/presentations responded 200 in 20.9353 ms
2026-03-04 00:11:03.823 +06:00 [INF] HTTP OPTIONS /api/presentations/a9458ccc-e213-45d9-b663-4b64c3ce8d18 responded 204 in 0.0541 ms
2026-03-04 00:11:03.973 +06:00 [INF] HTTP DELETE /api/presentations/a9458ccc-e213-45d9-b663-4b64c3ce8d18 responded 200 in 137.6783 ms
2026-03-04 00:11:03.989 +06:00 [INF] HTTP OPTIONS /api/courses/ac80d30d-540f-4a38-aa5e-22420bf183c7/presentations responded 204 in 0.0533 ms
2026-03-04 00:11:04.069 +06:00 [INF] HTTP GET /api/courses/ac80d30d-540f-4a38-aa5e-22420bf183c7/presentations responded 200 in 74.8624 ms
2026-03-04 00:11:16.027 +06:00 [INF] HTTP OPTIONS /api/courses/ac80d30d-540f-4a38-aa5e-22420bf183c7/presentations responded 204 in 0.1090 ms
2026-03-04 00:11:16.128 +06:00 [INF] HTTP POST /api/courses/ac80d30d-540f-4a38-aa5e-22420bf183c7/presentations responded 200 in 95.2960 ms
2026-03-04 00:11:16.226 +06:00 [INF] HTTP GET /api/courses/ac80d30d-540f-4a38-aa5e-22420bf183c7/presentations responded 200 in 92.8056 ms
2026-03-04 00:11:18.659 +06:00 [INF] HTTP OPTIONS /api/Notifications responded 204 in 0.0727 ms
2026-03-04 00:11:18.693 +06:00 [INF] HTTP GET /api/Notifications responded 200 in 16.8079 ms
2026-03-04 00:21:00.345 +06:00 [INF] HTTP OPTIONS /api/Notifications responded 204 in 0.2929 ms
2026-03-04 00:21:00.367 +06:00 [INF] HTTP GET /api/Notifications responded 200 in 11.5807 ms
2026-03-04 00:23:21.678 +06:00 [INF] HTTP OPTIONS /api/Notifications responded 204 in 0.1067 ms
2026-03-04 00:23:21.678 +06:00 [INF] HTTP OPTIONS /api/Courses/ac80d30d-540f-4a38-aa5e-22420bf183c7 responded 204 in 0.0996 ms
2026-03-04 00:23:21.707 +06:00 [INF] HTTP GET /api/Notifications responded 200 in 7.7755 ms
2026-03-04 00:23:21.794 +06:00 [INF] HTTP GET /api/Courses/ac80d30d-540f-4a38-aa5e-22420bf183c7 responded 200 in 89.1108 ms
2026-03-04 00:23:21.947 +06:00 [INF] HTTP OPTIONS /api/courses/ac80d30d-540f-4a38-aa5e-22420bf183c7/presentations responded 204 in 0.0880 ms
2026-03-04 00:23:21.947 +06:00 [INF] HTTP OPTIONS /api/Attendance/courses/ac80d30d-540f-4a38-aa5e-22420bf183c7/sessions responded 204 in 0.0437 ms
2026-03-04 00:23:21.948 +06:00 [INF] HTTP OPTIONS /api/Courses/ac80d30d-540f-4a38-aa5e-22420bf183c7/members responded 204 in 0.0984 ms
2026-03-04 00:23:22.036 +06:00 [INF] HTTP GET /api/courses/ac80d30d-540f-4a38-aa5e-22420bf183c7/presentations responded 200 in 82.5869 ms
2026-03-04 00:23:22.051 +06:00 [INF] HTTP GET /api/Attendance/courses/ac80d30d-540f-4a38-aa5e-22420bf183c7/sessions responded 200 in 93.6436 ms
2026-03-04 00:23:22.063 +06:00 [INF] HTTP GET /api/Courses/ac80d30d-540f-4a38-aa5e-22420bf183c7/members responded 200 in 105.6350 ms
2026-03-04 00:24:22.762 +06:00 [INF] HTTP OPTIONS /api/Notifications responded 204 in 0.1617 ms
2026-03-04 00:24:22.764 +06:00 [INF] HTTP OPTIONS /api/Courses/ac80d30d-540f-4a38-aa5e-22420bf183c7 responded 204 in 0.0534 ms
2026-03-04 00:24:22.776 +06:00 [INF] HTTP GET /api/Notifications responded 200 in 6.5854 ms
2026-03-04 00:24:22.861 +06:00 [INF] HTTP GET /api/Courses/ac80d30d-540f-4a38-aa5e-22420bf183c7 responded 200 in 91.2478 ms
2026-03-04 00:24:23.166 +06:00 [INF] HTTP OPTIONS /api/courses/ac80d30d-540f-4a38-aa5e-22420bf183c7/presentations responded 204 in 0.0627 ms
2026-03-04 00:24:23.168 +06:00 [INF] HTTP OPTIONS /api/Attendance/courses/ac80d30d-540f-4a38-aa5e-22420bf183c7/sessions responded 204 in 0.1045 ms
2026-03-04 00:24:23.168 +06:00 [INF] HTTP OPTIONS /api/Courses/ac80d30d-540f-4a38-aa5e-22420bf183c7/members responded 204 in 0.0369 ms
2026-03-04 00:24:23.226 +06:00 [INF] HTTP GET /api/Attendance/courses/ac80d30d-540f-4a38-aa5e-22420bf183c7/sessions responded 200 in 51.2952 ms
2026-03-04 00:24:23.238 +06:00 [INF] HTTP GET /api/courses/ac80d30d-540f-4a38-aa5e-22420bf183c7/presentations responded 200 in 64.3373 ms
2026-03-04 00:24:23.260 +06:00 [INF] HTTP GET /api/Courses/ac80d30d-540f-4a38-aa5e-22420bf183c7/members responded 200 in 84.0407 ms
2026-03-04 00:24:26.649 +06:00 [INF] HTTP GET /api/Notifications responded 200 in 4.6977 ms
2026-03-04 00:24:26.702 +06:00 [INF] HTTP GET /api/Courses/ac80d30d-540f-4a38-aa5e-22420bf183c7 responded 200 in 58.0542 ms
2026-03-04 00:24:26.886 +06:00 [INF] HTTP GET /api/courses/ac80d30d-540f-4a38-aa5e-22420bf183c7/presentations responded 200 in 20.6155 ms
2026-03-04 00:24:26.899 +06:00 [INF] HTTP GET /api/Attendance/courses/ac80d30d-540f-4a38-aa5e-22420bf183c7/sessions responded 200 in 33.0418 ms
2026-03-04 00:24:26.909 +06:00 [INF] HTTP GET /api/Courses/ac80d30d-540f-4a38-aa5e-22420bf183c7/members responded 200 in 42.9110 ms
2026-03-04 00:24:28.447 +06:00 [INF] HTTP OPTIONS /api/presentations/f1f17f7c-554d-48d7-b51b-314151da6892/results responded 204 in 0.0411 ms
2026-03-04 00:24:28.540 +06:00 [INF] HTTP GET /api/presentations/f1f17f7c-554d-48d7-b51b-314151da6892/results responded 200 in 84.6157 ms
2026-03-04 00:24:55.859 +06:00 [INF] HTTP OPTIONS /api/Notifications responded 204 in 0.0680 ms
2026-03-04 00:24:55.859 +06:00 [INF] HTTP OPTIONS /api/Courses/ac80d30d-540f-4a38-aa5e-22420bf183c7 responded 204 in 0.0412 ms
2026-03-04 00:24:55.903 +06:00 [INF] HTTP GET /api/Notifications responded 200 in 37.5810 ms
2026-03-04 00:24:55.965 +06:00 [INF] HTTP GET /api/Courses/ac80d30d-540f-4a38-aa5e-22420bf183c7 responded 200 in 97.3531 ms
2026-03-04 00:24:56.098 +06:00 [INF] HTTP OPTIONS /api/courses/ac80d30d-540f-4a38-aa5e-22420bf183c7/presentations responded 204 in 0.0604 ms
2026-03-04 00:24:56.099 +06:00 [INF] HTTP OPTIONS /api/Attendance/courses/ac80d30d-540f-4a38-aa5e-22420bf183c7/sessions responded 204 in 0.0395 ms
2026-03-04 00:24:56.100 +06:00 [INF] HTTP OPTIONS /api/Courses/ac80d30d-540f-4a38-aa5e-22420bf183c7/members responded 204 in 0.0246 ms
2026-03-04 00:24:56.179 +06:00 [INF] HTTP GET /api/Attendance/courses/ac80d30d-540f-4a38-aa5e-22420bf183c7/sessions responded 200 in 68.9639 ms
2026-03-04 00:24:56.243 +06:00 [INF] HTTP GET /api/courses/ac80d30d-540f-4a38-aa5e-22420bf183c7/presentations responded 200 in 135.5564 ms
2026-03-04 00:24:56.256 +06:00 [INF] HTTP GET /api/Courses/ac80d30d-540f-4a38-aa5e-22420bf183c7/members responded 200 in 143.0981 ms
2026-03-04 00:25:37.419 +06:00 [INF] HTTP OPTIONS /api/presentations/f1f17f7c-554d-48d7-b51b-314151da6892/results responded 204 in 0.0486 ms
2026-03-04 00:25:37.480 +06:00 [INF] HTTP GET /api/presentations/f1f17f7c-554d-48d7-b51b-314151da6892/results responded 200 in 54.6194 ms
2026-03-04 00:27:45.992 +06:00 [INF] HTTP OPTIONS /api/courses/ac80d30d-540f-4a38-aa5e-22420bf183c7/grading-formula responded 204 in 0.3353 ms
2026-03-04 00:27:45.993 +06:00 [INF] HTTP OPTIONS /api/courses/ac80d30d-540f-4a38-aa5e-22420bf183c7/marks responded 204 in 0.0327 ms
2026-03-04 00:27:46.152 +06:00 [INF] HTTP GET /api/courses/ac80d30d-540f-4a38-aa5e-22420bf183c7/marks responded 200 in 151.0871 ms
2026-03-04 00:27:46.160 +06:00 [INF] HTTP GET /api/courses/ac80d30d-540f-4a38-aa5e-22420bf183c7/grading-formula responded 200 in 161.4231 ms
2026-03-04 00:27:55.947 +06:00 [INF] HTTP OPTIONS /api/Notifications responded 204 in 0.0712 ms
2026-03-04 00:27:55.961 +06:00 [INF] HTTP GET /api/Notifications responded 200 in 3.0413 ms
2026-03-04 00:28:55.987 +06:00 [INF] HTTP OPTIONS /api/Notifications responded 204 in 0.0552 ms
2026-03-04 00:28:56.000 +06:00 [INF] HTTP GET /api/Notifications responded 200 in 5.8334 ms
2026-03-04 00:29:56.030 +06:00 [INF] HTTP OPTIONS /api/Notifications responded 204 in 0.1072 ms
2026-03-04 00:29:56.043 +06:00 [INF] HTTP GET /api/Notifications responded 200 in 4.5465 ms
2026-03-04 00:30:56.691 +06:00 [INF] HTTP OPTIONS /api/Notifications responded 204 in 2.7959 ms
2026-03-04 00:30:56.708 +06:00 [INF] HTTP GET /api/Notifications responded 200 in 6.0173 ms
2026-03-04 00:31:54.630 +06:00 [INF] HTTP OPTIONS /api/Notifications responded 204 in 0.0702 ms
2026-03-04 00:31:54.631 +06:00 [INF] HTTP OPTIONS /api/Courses/ac80d30d-540f-4a38-aa5e-22420bf183c7 responded 204 in 0.0260 ms
2026-03-04 00:31:54.641 +06:00 [INF] HTTP GET /api/Notifications responded 200 in 4.7688 ms
2026-03-04 00:31:54.679 +06:00 [INF] HTTP GET /api/Courses/ac80d30d-540f-4a38-aa5e-22420bf183c7 responded 200 in 42.0682 ms
2026-03-04 00:31:54.963 +06:00 [INF] HTTP OPTIONS /api/courses/ac80d30d-540f-4a38-aa5e-22420bf183c7/presentations responded 204 in 0.0319 ms
2026-03-04 00:31:54.964 +06:00 [INF] HTTP OPTIONS /api/Attendance/courses/ac80d30d-540f-4a38-aa5e-22420bf183c7/sessions responded 204 in 0.0280 ms
2026-03-04 00:31:54.965 +06:00 [INF] HTTP OPTIONS /api/Courses/ac80d30d-540f-4a38-aa5e-22420bf183c7/members responded 204 in 0.0232 ms
2026-03-04 00:31:55.019 +06:00 [INF] HTTP GET /api/courses/ac80d30d-540f-4a38-aa5e-22420bf183c7/presentations responded 200 in 50.0914 ms
2026-03-04 00:31:55.035 +06:00 [INF] HTTP GET /api/Attendance/courses/ac80d30d-540f-4a38-aa5e-22420bf183c7/sessions responded 200 in 64.3519 ms
2026-03-04 00:31:55.069 +06:00 [INF] HTTP GET /api/Courses/ac80d30d-540f-4a38-aa5e-22420bf183c7/members responded 200 in 91.4175 ms
2026-03-04 00:31:59.987 +06:00 [INF] HTTP OPTIONS /api/Notifications responded 204 in 0.0466 ms
2026-03-04 00:31:59.987 +06:00 [INF] HTTP OPTIONS /api/Courses/ac80d30d-540f-4a38-aa5e-22420bf183c7 responded 204 in 0.0167 ms
2026-03-04 00:31:59.999 +06:00 [INF] HTTP GET /api/Notifications responded 200 in 4.7935 ms
2026-03-04 00:32:00.080 +06:00 [INF] HTTP GET /api/Courses/ac80d30d-540f-4a38-aa5e-22420bf183c7 responded 200 in 85.9438 ms
2026-03-04 00:32:00.167 +06:00 [INF] HTTP OPTIONS /api/Attendance/courses/ac80d30d-540f-4a38-aa5e-22420bf183c7/sessions responded 204 in 0.0646 ms
2026-03-04 00:32:00.166 +06:00 [INF] HTTP OPTIONS /api/courses/ac80d30d-540f-4a38-aa5e-22420bf183c7/presentations responded 204 in 0.0454 ms
2026-03-04 00:32:00.169 +06:00 [INF] HTTP OPTIONS /api/Courses/ac80d30d-540f-4a38-aa5e-22420bf183c7/members responded 204 in 0.0455 ms
2026-03-04 00:32:00.217 +06:00 [INF] HTTP GET /api/Attendance/courses/ac80d30d-540f-4a38-aa5e-22420bf183c7/sessions responded 200 in 38.9922 ms
2026-03-04 00:32:00.247 +06:00 [INF] HTTP GET /api/courses/ac80d30d-540f-4a38-aa5e-22420bf183c7/presentations responded 200 in 68.0756 ms
2026-03-04 00:32:00.258 +06:00 [INF] HTTP GET /api/Courses/ac80d30d-540f-4a38-aa5e-22420bf183c7/members responded 200 in 75.6816 ms
2026-03-04 00:32:01.219 +06:00 [INF] HTTP OPTIONS /api/presentations/f1f17f7c-554d-48d7-b51b-314151da6892/results responded 204 in 0.0578 ms
2026-03-04 00:32:01.271 +06:00 [INF] HTTP GET /api/presentations/f1f17f7c-554d-48d7-b51b-314151da6892/results responded 200 in 46.7189 ms
2026-03-04 00:32:17.094 +06:00 [INF] HTTP OPTIONS /api/presentations/f1f17f7c-554d-48d7-b51b-314151da6892/marks responded 204 in 0.2035 ms
2026-03-04 00:32:17.238 +06:00 [INF] HTTP POST /api/presentations/f1f17f7c-554d-48d7-b51b-314151da6892/marks responded 200 in 140.0800 ms
2026-03-04 00:32:17.247 +06:00 [INF] HTTP OPTIONS /api/presentations/f1f17f7c-554d-48d7-b51b-314151da6892/results responded 204 in 0.0384 ms
2026-03-04 00:32:17.247 +06:00 [INF] HTTP OPTIONS /api/courses/ac80d30d-540f-4a38-aa5e-22420bf183c7/presentations responded 204 in 0.0132 ms
2026-03-04 00:32:17.286 +06:00 [INF] HTTP GET /api/courses/ac80d30d-540f-4a38-aa5e-22420bf183c7/presentations responded 200 in 29.5245 ms
2026-03-04 00:32:17.338 +06:00 [INF] HTTP GET /api/presentations/f1f17f7c-554d-48d7-b51b-314151da6892/results responded 200 in 84.0494 ms
2026-03-04 00:32:29.528 +06:00 [INF] HTTP OPTIONS /api/ct/courses/ac80d30d-540f-4a38-aa5e-22420bf183c7/events responded 204 in 0.0412 ms
2026-03-04 00:32:29.813 +06:00 [INF] HTTP GET /api/ct/courses/ac80d30d-540f-4a38-aa5e-22420bf183c7/events responded 200 in 261.7601 ms
2026-03-04 00:32:30.048 +06:00 [INF] HTTP OPTIONS /api/Notifications responded 204 in 0.0253 ms
2026-03-04 00:32:30.059 +06:00 [INF] HTTP GET /api/Notifications responded 200 in 5.6800 ms
2026-03-04 00:32:30.830 +06:00 [INF] HTTP OPTIONS /api/ct/events/c96d3e9e-bb43-4a0e-ab67-be6274ed9a4a/marks responded 204 in 0.0414 ms
2026-03-04 00:32:31.026 +06:00 [INF] HTTP GET /api/ct/events/c96d3e9e-bb43-4a0e-ab67-be6274ed9a4a/marks responded 200 in 189.1490 ms
2026-03-04 00:32:33.660 +06:00 [INF] HTTP OPTIONS /api/Courses/ac80d30d-540f-4a38-aa5e-22420bf183c7/members responded 204 in 0.0332 ms
2026-03-04 00:32:33.660 +06:00 [INF] HTTP OPTIONS /api/Courses/ac80d30d-540f-4a38-aa5e-22420bf183c7/join-requests responded 204 in 0.0106 ms
2026-03-04 00:32:33.736 +06:00 [INF] HTTP GET /api/Courses/ac80d30d-540f-4a38-aa5e-22420bf183c7/members responded 200 in 70.1176 ms
2026-03-04 00:32:33.773 +06:00 [INF] HTTP GET /api/Courses/ac80d30d-540f-4a38-aa5e-22420bf183c7/join-requests responded 200 in 103.2342 ms
2026-03-04 00:32:34.546 +06:00 [INF] HTTP OPTIONS /api/courses/ac80d30d-540f-4a38-aa5e-22420bf183c7/grading-formula responded 204 in 0.0284 ms
2026-03-04 00:32:34.548 +06:00 [INF] HTTP OPTIONS /api/courses/ac80d30d-540f-4a38-aa5e-22420bf183c7/marks responded 204 in 0.0364 ms
2026-03-04 00:32:34.560 +06:00 [INF] HTTP GET /api/courses/ac80d30d-540f-4a38-aa5e-22420bf183c7/grading-formula responded 200 in 8.4388 ms
2026-03-04 00:32:34.616 +06:00 [INF] HTTP GET /api/courses/ac80d30d-540f-4a38-aa5e-22420bf183c7/marks responded 200 in 59.4684 ms
2026-03-04 00:32:43.915 +06:00 [INF] HTTP OPTIONS /api/courses/ac80d30d-540f-4a38-aa5e-22420bf183c7/grading-formula responded 204 in 0.0441 ms
2026-03-04 00:32:44.105 +06:00 [INF] HTTP POST /api/courses/ac80d30d-540f-4a38-aa5e-22420bf183c7/grading-formula responded 200 in 184.3514 ms
2026-03-04 00:32:44.119 +06:00 [INF] HTTP GET /api/courses/ac80d30d-540f-4a38-aa5e-22420bf183c7/grading-formula responded 200 in 6.1618 ms
2026-03-04 00:32:53.110 +06:00 [INF] HTTP OPTIONS /api/courses/ac80d30d-540f-4a38-aa5e-22420bf183c7/grading-formula/calculate responded 204 in 0.0500 ms
2026-03-04 00:32:53.477 +06:00 [INF] HTTP POST /api/courses/ac80d30d-540f-4a38-aa5e-22420bf183c7/grading-formula/calculate responded 200 in 361.5311 ms
2026-03-04 00:32:53.484 +06:00 [INF] HTTP OPTIONS /api/courses/ac80d30d-540f-4a38-aa5e-22420bf183c7/marks responded 204 in 0.0358 ms
2026-03-04 00:32:53.505 +06:00 [INF] HTTP GET /api/courses/ac80d30d-540f-4a38-aa5e-22420bf183c7/marks responded 200 in 15.6664 ms
2026-03-04 00:33:00.080 +06:00 [INF] HTTP OPTIONS /api/Notifications responded 204 in 0.0352 ms
2026-03-04 00:33:00.093 +06:00 [INF] HTTP GET /api/Notifications responded 200 in 5.2213 ms
2026-03-04 00:33:08.526 +06:00 [INF] HTTP OPTIONS /api/courses/ac80d30d-540f-4a38-aa5e-22420bf183c7/grading-formula responded 204 in 0.1841 ms
2026-03-04 00:33:08.599 +06:00 [INF] HTTP POST /api/courses/ac80d30d-540f-4a38-aa5e-22420bf183c7/grading-formula responded 200 in 67.1620 ms
2026-03-04 00:33:08.611 +06:00 [INF] HTTP GET /api/courses/ac80d30d-540f-4a38-aa5e-22420bf183c7/grading-formula responded 200 in 4.6608 ms
2026-03-04 00:33:10.901 +06:00 [INF] HTTP OPTIONS /api/courses/ac80d30d-540f-4a38-aa5e-22420bf183c7/grading-formula/calculate responded 204 in 0.0235 ms
2026-03-04 00:33:10.976 +06:00 [INF] HTTP POST /api/courses/ac80d30d-540f-4a38-aa5e-22420bf183c7/grading-formula/calculate responded 200 in 69.9483 ms
2026-03-04 00:33:10.982 +06:00 [INF] HTTP OPTIONS /api/courses/ac80d30d-540f-4a38-aa5e-22420bf183c7/marks responded 204 in 0.0245 ms
2026-03-04 00:33:11.007 +06:00 [INF] HTTP GET /api/courses/ac80d30d-540f-4a38-aa5e-22420bf183c7/marks responded 200 in 20.1693 ms
2026-03-04 00:33:21.209 +06:00 [INF] HTTP OPTIONS /api/courses/ac80d30d-540f-4a38-aa5e-22420bf183c7/grading-formula responded 204 in 0.0389 ms
2026-03-04 00:33:21.279 +06:00 [INF] HTTP POST /api/courses/ac80d30d-540f-4a38-aa5e-22420bf183c7/grading-formula responded 200 in 63.2713 ms
2026-03-04 00:33:21.292 +06:00 [INF] HTTP GET /api/courses/ac80d30d-540f-4a38-aa5e-22420bf183c7/grading-formula responded 200 in 5.0323 ms
2026-03-04 00:33:22.944 +06:00 [INF] HTTP OPTIONS /api/courses/ac80d30d-540f-4a38-aa5e-22420bf183c7/grading-formula/calculate responded 204 in 0.0210 ms
2026-03-04 00:33:23.027 +06:00 [INF] HTTP POST /api/courses/ac80d30d-540f-4a38-aa5e-22420bf183c7/grading-formula/calculate responded 200 in 77.5678 ms
2026-03-04 00:33:23.034 +06:00 [INF] HTTP OPTIONS /api/courses/ac80d30d-540f-4a38-aa5e-22420bf183c7/marks responded 204 in 0.0868 ms
2026-03-04 00:33:23.084 +06:00 [INF] HTTP GET /api/courses/ac80d30d-540f-4a38-aa5e-22420bf183c7/marks responded 200 in 45.1487 ms
2026-03-04 00:33:30.110 +06:00 [INF] HTTP OPTIONS /api/Notifications responded 204 in 0.0504 ms
2026-03-04 00:33:30.121 +06:00 [INF] HTTP GET /api/Notifications responded 200 in 3.4562 ms
2026-03-04 00:33:33.065 +06:00 [INF] HTTP OPTIONS /api/Courses/ac80d30d-540f-4a38-aa5e-22420bf183c7 responded 204 in 0.0408 ms
2026-03-04 00:33:33.069 +06:00 [INF] HTTP GET /api/Notifications responded 200 in 3.0581 ms
2026-03-04 00:33:33.148 +06:00 [INF] HTTP GET /api/Courses/ac80d30d-540f-4a38-aa5e-22420bf183c7 responded 200 in 75.9621 ms
2026-03-04 00:33:33.241 +06:00 [INF] HTTP OPTIONS /api/courses/ac80d30d-540f-4a38-aa5e-22420bf183c7/grading-formula responded 204 in 0.0277 ms
2026-03-04 00:33:33.241 +06:00 [INF] HTTP OPTIONS /api/courses/ac80d30d-540f-4a38-aa5e-22420bf183c7/marks responded 204 in 0.0355 ms
2026-03-04 00:33:33.248 +06:00 [INF] HTTP GET /api/courses/ac80d30d-540f-4a38-aa5e-22420bf183c7/grading-formula responded 200 in 3.7263 ms
2026-03-04 00:33:33.302 +06:00 [INF] HTTP GET /api/courses/ac80d30d-540f-4a38-aa5e-22420bf183c7/marks responded 200 in 55.0983 ms
2026-03-04 00:33:38.730 +06:00 [INF] HTTP OPTIONS /api/courses/ac80d30d-540f-4a38-aa5e-22420bf183c7/grading-formula responded 204 in 0.0377 ms
2026-03-04 00:33:38.791 +06:00 [INF] HTTP POST /api/courses/ac80d30d-540f-4a38-aa5e-22420bf183c7/grading-formula responded 200 in 55.8744 ms
2026-03-04 00:33:38.802 +06:00 [INF] HTTP GET /api/courses/ac80d30d-540f-4a38-aa5e-22420bf183c7/grading-formula responded 200 in 3.5588 ms
2026-03-04 00:33:40.209 +06:00 [INF] HTTP OPTIONS /api/courses/ac80d30d-540f-4a38-aa5e-22420bf183c7/grading-formula/calculate responded 204 in 0.0223 ms
2026-03-04 00:33:40.285 +06:00 [INF] HTTP POST /api/courses/ac80d30d-540f-4a38-aa5e-22420bf183c7/grading-formula/calculate responded 200 in 69.8048 ms
2026-03-04 00:33:40.293 +06:00 [INF] HTTP OPTIONS /api/courses/ac80d30d-540f-4a38-aa5e-22420bf183c7/marks responded 204 in 0.0350 ms
2026-03-04 00:33:40.322 +06:00 [INF] HTTP GET /api/courses/ac80d30d-540f-4a38-aa5e-22420bf183c7/marks responded 200 in 21.0463 ms
2026-03-04 00:33:56.235 +06:00 [INF] HTTP OPTIONS /api/courses/ac80d30d-540f-4a38-aa5e-22420bf183c7/grading-formula responded 204 in 0.0602 ms
2026-03-04 00:33:56.286 +06:00 [INF] HTTP POST /api/courses/ac80d30d-540f-4a38-aa5e-22420bf183c7/grading-formula responded 200 in 45.5037 ms
2026-03-04 00:33:56.301 +06:00 [INF] HTTP GET /api/courses/ac80d30d-540f-4a38-aa5e-22420bf183c7/grading-formula responded 200 in 4.3159 ms
2026-03-04 00:34:00.488 +06:00 [INF] HTTP OPTIONS /api/courses/ac80d30d-540f-4a38-aa5e-22420bf183c7/grading-formula/calculate responded 204 in 0.0205 ms
2026-03-04 00:34:00.626 +06:00 [INF] HTTP POST /api/courses/ac80d30d-540f-4a38-aa5e-22420bf183c7/grading-formula/calculate responded 200 in 133.2918 ms
2026-03-04 00:34:00.635 +06:00 [INF] HTTP OPTIONS /api/courses/ac80d30d-540f-4a38-aa5e-22420bf183c7/marks responded 204 in 0.0189 ms
2026-03-04 00:34:00.658 +06:00 [INF] HTTP GET /api/courses/ac80d30d-540f-4a38-aa5e-22420bf183c7/marks responded 200 in 18.6802 ms
2026-03-04 00:34:03.116 +06:00 [INF] HTTP OPTIONS /api/Notifications responded 204 in 0.0281 ms
2026-03-04 00:34:03.128 +06:00 [INF] HTTP GET /api/Notifications responded 200 in 3.2960 ms
2026-03-04 00:35:15.866 +06:00 [INF] HTTP OPTIONS /api/courses/ac80d30d-540f-4a38-aa5e-22420bf183c7/grading-formula responded 204 in 0.0311 ms
2026-03-04 00:35:15.944 +06:00 [INF] HTTP POST /api/courses/ac80d30d-540f-4a38-aa5e-22420bf183c7/grading-formula responded 200 in 72.6523 ms
2026-03-04 00:35:15.957 +06:00 [INF] HTTP GET /api/courses/ac80d30d-540f-4a38-aa5e-22420bf183c7/grading-formula responded 200 in 3.4091 ms
2026-03-04 00:35:17.816 +06:00 [INF] HTTP OPTIONS /api/courses/ac80d30d-540f-4a38-aa5e-22420bf183c7/grading-formula/calculate responded 204 in 0.0219 ms
2026-03-04 00:35:17.886 +06:00 [INF] HTTP POST /api/courses/ac80d30d-540f-4a38-aa5e-22420bf183c7/grading-formula/calculate responded 200 in 64.4775 ms
2026-03-04 00:35:17.892 +06:00 [INF] HTTP OPTIONS /api/courses/ac80d30d-540f-4a38-aa5e-22420bf183c7/marks responded 204 in 0.0200 ms
2026-03-04 00:35:17.916 +06:00 [INF] HTTP GET /api/courses/ac80d30d-540f-4a38-aa5e-22420bf183c7/marks responded 200 in 18.9078 ms
2026-03-04 00:35:18.779 +06:00 [INF] HTTP POST /api/courses/ac80d30d-540f-4a38-aa5e-22420bf183c7/grading-formula/calculate responded 200 in 67.4648 ms
2026-03-04 00:35:18.807 +06:00 [INF] HTTP GET /api/courses/ac80d30d-540f-4a38-aa5e-22420bf183c7/marks responded 200 in 21.2800 ms
2026-03-04 00:35:18.974 +06:00 [INF] HTTP POST /api/courses/ac80d30d-540f-4a38-aa5e-22420bf183c7/grading-formula/calculate responded 200 in 30.4454 ms
2026-03-04 00:35:19.012 +06:00 [INF] HTTP GET /api/courses/ac80d30d-540f-4a38-aa5e-22420bf183c7/marks responded 200 in 24.7222 ms
2026-03-04 00:36:44.781 +06:00 [INF] HTTP OPTIONS /api/courses/ac80d30d-540f-4a38-aa5e-22420bf183c7/grading-formula responded 204 in 0.0453 ms
2026-03-04 00:36:44.836 +06:00 [INF] HTTP POST /api/courses/ac80d30d-540f-4a38-aa5e-22420bf183c7/grading-formula responded 200 in 50.5124 ms
2026-03-04 00:36:44.850 +06:00 [INF] HTTP GET /api/courses/ac80d30d-540f-4a38-aa5e-22420bf183c7/grading-formula responded 200 in 2.5778 ms
2026-03-04 00:36:46.043 +06:00 [INF] HTTP OPTIONS /api/courses/ac80d30d-540f-4a38-aa5e-22420bf183c7/grading-formula/calculate responded 204 in 0.0367 ms
2026-03-04 00:36:46.107 +06:00 [INF] HTTP POST /api/courses/ac80d30d-540f-4a38-aa5e-22420bf183c7/grading-formula/calculate responded 200 in 59.2957 ms
2026-03-04 00:36:46.113 +06:00 [INF] HTTP OPTIONS /api/courses/ac80d30d-540f-4a38-aa5e-22420bf183c7/marks responded 204 in 0.0348 ms
2026-03-04 00:36:46.139 +06:00 [INF] HTTP GET /api/courses/ac80d30d-540f-4a38-aa5e-22420bf183c7/marks responded 200 in 20.9954 ms
2026-03-04 00:36:51.386 +06:00 [INF] HTTP OPTIONS /api/courses/ac80d30d-540f-4a38-aa5e-22420bf183c7/grading-formula responded 204 in 0.0311 ms
2026-03-04 00:36:51.440 +06:00 [INF] HTTP POST /api/courses/ac80d30d-540f-4a38-aa5e-22420bf183c7/grading-formula responded 200 in 49.0587 ms
2026-03-04 00:36:51.454 +06:00 [INF] HTTP GET /api/courses/ac80d30d-540f-4a38-aa5e-22420bf183c7/grading-formula responded 200 in 5.0941 ms
2026-03-04 00:36:52.609 +06:00 [INF] HTTP OPTIONS /api/courses/ac80d30d-540f-4a38-aa5e-22420bf183c7/grading-formula/calculate responded 204 in 0.0212 ms
2026-03-04 00:36:52.671 +06:00 [INF] HTTP POST /api/courses/ac80d30d-540f-4a38-aa5e-22420bf183c7/grading-formula/calculate responded 200 in 56.7778 ms
2026-03-04 00:36:52.677 +06:00 [INF] HTTP OPTIONS /api/courses/ac80d30d-540f-4a38-aa5e-22420bf183c7/marks responded 204 in 0.0331 ms
2026-03-04 00:36:52.699 +06:00 [INF] HTTP GET /api/courses/ac80d30d-540f-4a38-aa5e-22420bf183c7/marks responded 200 in 16.5241 ms
2026-03-04 00:36:53.615 +06:00 [INF] HTTP POST /api/courses/ac80d30d-540f-4a38-aa5e-22420bf183c7/grading-formula/calculate responded 200 in 55.6084 ms
2026-03-04 00:36:53.643 +06:00 [INF] HTTP GET /api/courses/ac80d30d-540f-4a38-aa5e-22420bf183c7/marks responded 200 in 20.5427 ms
2026-03-04 00:36:53.771 +06:00 [INF] HTTP POST /api/courses/ac80d30d-540f-4a38-aa5e-22420bf183c7/grading-formula/calculate responded 200 in 27.8256 ms
2026-03-04 00:36:53.802 +06:00 [INF] HTTP GET /api/courses/ac80d30d-540f-4a38-aa5e-22420bf183c7/marks responded 200 in 23.9389 ms
2026-03-04 00:36:58.638 +06:00 [INF] HTTP OPTIONS /api/courses/ac80d30d-540f-4a38-aa5e-22420bf183c7/grading-formula responded 204 in 0.0276 ms
2026-03-04 00:36:58.691 +06:00 [INF] HTTP POST /api/courses/ac80d30d-540f-4a38-aa5e-22420bf183c7/grading-formula responded 200 in 46.9696 ms
2026-03-04 00:36:58.703 +06:00 [INF] HTTP GET /api/courses/ac80d30d-540f-4a38-aa5e-22420bf183c7/grading-formula responded 200 in 3.1173 ms
2026-03-04 00:36:59.389 +06:00 [INF] HTTP OPTIONS /api/courses/ac80d30d-540f-4a38-aa5e-22420bf183c7/grading-formula/calculate responded 204 in 0.0399 ms
2026-03-04 00:36:59.441 +06:00 [INF] HTTP POST /api/courses/ac80d30d-540f-4a38-aa5e-22420bf183c7/grading-formula/calculate responded 200 in 46.0506 ms
2026-03-04 00:36:59.450 +06:00 [INF] HTTP OPTIONS /api/courses/ac80d30d-540f-4a38-aa5e-22420bf183c7/marks responded 204 in 0.0315 ms
2026-03-04 00:36:59.473 +06:00 [INF] HTTP GET /api/courses/ac80d30d-540f-4a38-aa5e-22420bf183c7/marks responded 200 in 18.4809 ms
2026-03-04 00:37:09.825 +06:00 [INF] HTTP OPTIONS /api/courses/ac80d30d-540f-4a38-aa5e-22420bf183c7/grading-formula/calculate responded 204 in 0.0286 ms
2026-03-04 00:37:09.885 +06:00 [INF] HTTP POST /api/courses/ac80d30d-540f-4a38-aa5e-22420bf183c7/grading-formula/calculate responded 200 in 54.3213 ms
2026-03-04 00:37:09.892 +06:00 [INF] HTTP OPTIONS /api/courses/ac80d30d-540f-4a38-aa5e-22420bf183c7/marks responded 204 in 0.0301 ms
2026-03-04 00:37:09.920 +06:00 [INF] HTTP GET /api/courses/ac80d30d-540f-4a38-aa5e-22420bf183c7/marks responded 200 in 21.3866 ms
2026-03-04 00:37:10.405 +06:00 [INF] HTTP POST /api/courses/ac80d30d-540f-4a38-aa5e-22420bf183c7/grading-formula/calculate responded 200 in 44.9369 ms
2026-03-04 00:37:10.430 +06:00 [INF] HTTP GET /api/courses/ac80d30d-540f-4a38-aa5e-22420bf183c7/marks responded 200 in 17.5016 ms
2026-03-04 00:37:17.453 +06:00 [INF] HTTP OPTIONS /api/courses/ac80d30d-540f-4a38-aa5e-22420bf183c7/grading-formula responded 204 in 0.1675 ms
2026-03-04 00:37:17.512 +06:00 [INF] HTTP POST /api/courses/ac80d30d-540f-4a38-aa5e-22420bf183c7/grading-formula responded 200 in 51.4202 ms
2026-03-04 00:37:17.522 +06:00 [INF] HTTP GET /api/courses/ac80d30d-540f-4a38-aa5e-22420bf183c7/grading-formula responded 200 in 3.1680 ms
2026-03-04 00:37:22.308 +06:00 [INF] HTTP OPTIONS /api/courses/ac80d30d-540f-4a38-aa5e-22420bf183c7/grading-formula/calculate responded 204 in 0.0486 ms
2026-03-04 00:37:22.378 +06:00 [INF] HTTP POST /api/courses/ac80d30d-540f-4a38-aa5e-22420bf183c7/grading-formula/calculate responded 200 in 64.8814 ms
2026-03-04 00:37:22.385 +06:00 [INF] HTTP OPTIONS /api/courses/ac80d30d-540f-4a38-aa5e-22420bf183c7/marks responded 204 in 0.0257 ms
2026-03-04 00:37:22.429 +06:00 [INF] HTTP GET /api/courses/ac80d30d-540f-4a38-aa5e-22420bf183c7/marks responded 200 in 38.2202 ms
2026-03-04 00:37:33.148 +06:00 [INF] HTTP OPTIONS /api/Notifications responded 204 in 0.0285 ms
2026-03-04 00:37:33.157 +06:00 [INF] HTTP GET /api/Notifications responded 200 in 3.0967 ms
2026-03-04 00:38:59.625 +06:00 [INF] HTTP OPTIONS /api/Notifications responded 204 in 6.6909 ms
2026-03-04 00:38:59.625 +06:00 [INF] HTTP OPTIONS /api/Courses/ac80d30d-540f-4a38-aa5e-22420bf183c7 responded 204 in 5.5321 ms
2026-03-04 00:39:02.143 +06:00 [INF] HTTP GET /api/Notifications responded 200 in 2401.1217 ms
2026-03-04 00:39:02.446 +06:00 [INF] HTTP GET /api/Courses/ac80d30d-540f-4a38-aa5e-22420bf183c7 responded 200 in 2704.1852 ms
2026-03-04 00:39:02.478 +06:00 [INF] HTTP OPTIONS /api/courses/ac80d30d-540f-4a38-aa5e-22420bf183c7/marks responded 204 in 0.0873 ms
2026-03-04 00:39:02.478 +06:00 [INF] HTTP OPTIONS /api/courses/ac80d30d-540f-4a38-aa5e-22420bf183c7/grading-formula responded 204 in 0.0810 ms
2026-03-04 00:39:02.751 +06:00 [INF] HTTP GET /api/courses/ac80d30d-540f-4a38-aa5e-22420bf183c7/grading-formula responded 200 in 260.1627 ms
2026-03-04 00:39:02.766 +06:00 [INF] HTTP GET /api/courses/ac80d30d-540f-4a38-aa5e-22420bf183c7/marks responded 200 in 278.8606 ms
2026-03-04 00:39:10.579 +06:00 [INF] HTTP OPTIONS /api/courses/ac80d30d-540f-4a38-aa5e-22420bf183c7/grading-formula responded 204 in 0.2478 ms
2026-03-04 00:39:11.003 +06:00 [INF] HTTP POST /api/courses/ac80d30d-540f-4a38-aa5e-22420bf183c7/grading-formula responded 200 in 418.0907 ms
2026-03-04 00:39:11.023 +06:00 [INF] HTTP GET /api/courses/ac80d30d-540f-4a38-aa5e-22420bf183c7/grading-formula responded 200 in 11.4274 ms
2026-03-04 00:39:12.014 +06:00 [INF] HTTP OPTIONS /api/courses/ac80d30d-540f-4a38-aa5e-22420bf183c7/grading-formula/calculate responded 204 in 0.0794 ms
2026-03-04 00:39:12.388 +06:00 [INF] HTTP POST /api/courses/ac80d30d-540f-4a38-aa5e-22420bf183c7/grading-formula/calculate responded 200 in 367.2144 ms
2026-03-04 00:39:12.396 +06:00 [INF] HTTP OPTIONS /api/courses/ac80d30d-540f-4a38-aa5e-22420bf183c7/marks responded 204 in 0.0629 ms
2026-03-04 00:39:12.450 +06:00 [INF] HTTP GET /api/courses/ac80d30d-540f-4a38-aa5e-22420bf183c7/marks responded 200 in 47.0039 ms
2026-03-04 00:39:18.645 +06:00 [INF] HTTP OPTIONS /api/courses/ac80d30d-540f-4a38-aa5e-22420bf183c7/grading-formula responded 204 in 0.2206 ms
2026-03-04 00:39:18.703 +06:00 [INF] HTTP POST /api/courses/ac80d30d-540f-4a38-aa5e-22420bf183c7/grading-formula responded 200 in 53.3564 ms
2026-03-04 00:39:18.723 +06:00 [INF] HTTP GET /api/courses/ac80d30d-540f-4a38-aa5e-22420bf183c7/grading-formula responded 200 in 10.0075 ms
2026-03-04 00:39:19.859 +06:00 [INF] HTTP OPTIONS /api/courses/ac80d30d-540f-4a38-aa5e-22420bf183c7/grading-formula/calculate responded 204 in 0.0996 ms
2026-03-04 00:39:19.938 +06:00 [INF] HTTP POST /api/courses/ac80d30d-540f-4a38-aa5e-22420bf183c7/grading-formula/calculate responded 200 in 72.3070 ms
2026-03-04 00:39:19.945 +06:00 [INF] HTTP OPTIONS /api/courses/ac80d30d-540f-4a38-aa5e-22420bf183c7/marks responded 204 in 0.0881 ms
2026-03-04 00:39:19.977 +06:00 [INF] HTTP GET /api/courses/ac80d30d-540f-4a38-aa5e-22420bf183c7/marks responded 200 in 26.0108 ms
2026-03-04 00:39:43.013 +06:00 [INF] HTTP OPTIONS /api/courses/ac80d30d-540f-4a38-aa5e-22420bf183c7/grading-formula/publish responded 204 in 0.0774 ms
2026-03-04 00:39:43.094 +06:00 [INF] HTTP POST /api/courses/ac80d30d-540f-4a38-aa5e-22420bf183c7/grading-formula/publish responded 200 in 74.6657 ms
2026-03-04 00:39:43.104 +06:00 [INF] HTTP OPTIONS /api/courses/ac80d30d-540f-4a38-aa5e-22420bf183c7/grading-formula responded 204 in 0.0817 ms
2026-03-04 00:39:43.104 +06:00 [INF] HTTP OPTIONS /api/courses/ac80d30d-540f-4a38-aa5e-22420bf183c7/marks responded 204 in 0.0237 ms
2026-03-04 00:39:43.113 +06:00 [INF] HTTP GET /api/courses/ac80d30d-540f-4a38-aa5e-22420bf183c7/grading-formula responded 200 in 4.5009 ms
2026-03-04 00:39:43.132 +06:00 [INF] HTTP GET /api/courses/ac80d30d-540f-4a38-aa5e-22420bf183c7/marks responded 200 in 20.9468 ms
2026-03-04 00:40:13.614 +06:00 [INF] HTTP OPTIONS /api/Courses/ac80d30d-540f-4a38-aa5e-22420bf183c7/join-requests responded 204 in 0.1715 ms
2026-03-04 00:40:13.614 +06:00 [INF] HTTP OPTIONS /api/Courses/ac80d30d-540f-4a38-aa5e-22420bf183c7/members responded 204 in 0.1792 ms
2026-03-04 00:40:13.827 +06:00 [INF] HTTP GET /api/Courses/ac80d30d-540f-4a38-aa5e-22420bf183c7/join-requests responded 200 in 205.0403 ms
2026-03-04 00:40:13.854 +06:00 [INF] HTTP GET /api/Courses/ac80d30d-540f-4a38-aa5e-22420bf183c7/members responded 200 in 231.4717 ms
2026-03-04 00:40:26.247 +06:00 [INF] HTTP OPTIONS /api/courses/ac80d30d-540f-4a38-aa5e-22420bf183c7/grading-formula responded 204 in 0.1837 ms
2026-03-04 00:40:26.311 +06:00 [INF] HTTP POST /api/courses/ac80d30d-540f-4a38-aa5e-22420bf183c7/grading-formula responded 200 in 59.4759 ms
2026-03-04 00:40:26.323 +06:00 [INF] HTTP GET /api/courses/ac80d30d-540f-4a38-aa5e-22420bf183c7/grading-formula responded 200 in 3.6957 ms
2026-03-04 00:40:27.175 +06:00 [INF] HTTP OPTIONS /api/courses/ac80d30d-540f-4a38-aa5e-22420bf183c7/grading-formula/calculate responded 204 in 0.1074 ms
2026-03-04 00:40:27.246 +06:00 [INF] HTTP POST /api/courses/ac80d30d-540f-4a38-aa5e-22420bf183c7/grading-formula/calculate responded 200 in 64.5387 ms
2026-03-04 00:40:27.253 +06:00 [INF] HTTP OPTIONS /api/courses/ac80d30d-540f-4a38-aa5e-22420bf183c7/marks responded 204 in 0.0785 ms
2026-03-04 00:40:27.281 +06:00 [INF] HTTP GET /api/courses/ac80d30d-540f-4a38-aa5e-22420bf183c7/marks responded 200 in 19.5570 ms
2026-03-04 00:40:31.238 +06:00 [INF] HTTP OPTIONS /api/courses/ac80d30d-540f-4a38-aa5e-22420bf183c7/grading-formula/publish responded 204 in 0.0716 ms
2026-03-04 00:40:31.290 +06:00 [INF] HTTP POST /api/courses/ac80d30d-540f-4a38-aa5e-22420bf183c7/grading-formula/publish responded 200 in 45.9699 ms
2026-03-04 00:40:31.301 +06:00 [INF] HTTP OPTIONS /api/courses/ac80d30d-540f-4a38-aa5e-22420bf183c7/grading-formula responded 204 in 0.0725 ms
2026-03-04 00:40:31.316 +06:00 [INF] HTTP GET /api/courses/ac80d30d-540f-4a38-aa5e-22420bf183c7/grading-formula responded 200 in 7.8183 ms
2026-03-04 00:40:31.324 +06:00 [INF] HTTP GET /api/courses/ac80d30d-540f-4a38-aa5e-22420bf183c7/marks responded 200 in 21.7903 ms
2026-03-04 00:40:32.159 +06:00 [INF] HTTP OPTIONS /api/Notifications responded 204 in 0.0438 ms
2026-03-04 00:40:32.172 +06:00 [INF] HTTP GET /api/Notifications responded 200 in 7.9771 ms
2026-03-04 00:40:39.306 +06:00 [INF] HTTP OPTIONS /api/courses/ac80d30d-540f-4a38-aa5e-22420bf183c7/grading-formula responded 204 in 0.0566 ms
2026-03-04 00:40:39.369 +06:00 [INF] HTTP POST /api/courses/ac80d30d-540f-4a38-aa5e-22420bf183c7/grading-formula responded 200 in 57.7375 ms
2026-03-04 00:40:39.380 +06:00 [INF] HTTP GET /api/courses/ac80d30d-540f-4a38-aa5e-22420bf183c7/grading-formula responded 200 in 3.5430 ms
2026-03-04 00:40:42.297 +06:00 [INF] HTTP OPTIONS /api/courses/ac80d30d-540f-4a38-aa5e-22420bf183c7/grading-formula/calculate responded 204 in 0.0463 ms
2026-03-04 00:40:42.351 +06:00 [INF] HTTP POST /api/courses/ac80d30d-540f-4a38-aa5e-22420bf183c7/grading-formula/calculate responded 200 in 49.1406 ms
2026-03-04 00:40:42.358 +06:00 [INF] HTTP OPTIONS /api/courses/ac80d30d-540f-4a38-aa5e-22420bf183c7/marks responded 204 in 0.0479 ms
2026-03-04 00:40:42.392 +06:00 [INF] HTTP GET /api/courses/ac80d30d-540f-4a38-aa5e-22420bf183c7/marks responded 200 in 25.9289 ms
2026-03-04 00:40:46.834 +06:00 [INF] HTTP OPTIONS /api/courses/ac80d30d-540f-4a38-aa5e-22420bf183c7/grading-formula/publish responded 204 in 0.0569 ms
2026-03-04 00:40:46.888 +06:00 [INF] HTTP POST /api/courses/ac80d30d-540f-4a38-aa5e-22420bf183c7/grading-formula/publish responded 200 in 49.0070 ms
2026-03-04 00:40:46.899 +06:00 [INF] HTTP OPTIONS /api/courses/ac80d30d-540f-4a38-aa5e-22420bf183c7/grading-formula responded 204 in 0.0601 ms
2026-03-04 00:40:46.909 +06:00 [INF] HTTP GET /api/courses/ac80d30d-540f-4a38-aa5e-22420bf183c7/grading-formula responded 200 in 5.4864 ms
2026-03-04 00:40:46.928 +06:00 [INF] HTTP GET /api/courses/ac80d30d-540f-4a38-aa5e-22420bf183c7/marks responded 200 in 28.9970 ms
2026-03-04 10:44:31.772 +06:00 [INF] HTTP OPTIONS /api/Courses responded 204 in 3.9490 ms
2026-03-04 10:44:31.772 +06:00 [INF] HTTP OPTIONS /api/Courses responded 204 in 4.0316 ms
2026-03-04 10:44:31.772 +06:00 [INF] HTTP OPTIONS /api/Notifications responded 204 in 4.0012 ms
2026-03-04 10:44:32.037 +06:00 [INF] HTTP GET /api/Courses responded 401 in 245.0252 ms
2026-03-04 10:44:32.037 +06:00 [INF] HTTP GET /api/Notifications responded 401 in 245.4547 ms
2026-03-04 10:44:32.037 +06:00 [INF] HTTP GET /api/Courses responded 401 in 245.0252 ms
2026-03-04 10:44:33.169 +06:00 [INF] HTTP GET /api/Courses responded 401 in 10.6147 ms
2026-03-04 10:44:33.169 +06:00 [INF] HTTP GET /api/Courses responded 401 in 8.0194 ms
2026-03-04 10:44:33.169 +06:00 [INF] HTTP GET /api/Notifications responded 401 in 11.0026 ms
2026-03-04 10:44:33.223 +06:00 [INF] HTTP OPTIONS /api/auth/refresh responded 204 in 0.0961 ms
2026-03-04 10:44:34.101 +06:00 [INF] HTTP POST /api/auth/refresh responded 200 in 839.6123 ms
2026-03-04 10:44:34.149 +06:00 [INF] HTTP GET /api/Notifications responded 200 in 12.2506 ms
2026-03-04 10:44:34.297 +06:00 [INF] HTTP GET /api/Courses responded 200 in 160.3240 ms
2026-03-04 10:44:34.297 +06:00 [INF] HTTP GET /api/Courses responded 200 in 160.5457 ms
2026-03-04 10:44:45.793 +06:00 [INF] HTTP OPTIONS /api/Courses/ac80d30d-540f-4a38-aa5e-22420bf183c7 responded 204 in 0.0984 ms
2026-03-04 10:44:45.848 +06:00 [INF] HTTP GET /api/Courses/ac80d30d-540f-4a38-aa5e-22420bf183c7 responded 200 in 43.1050 ms
2026-03-04 10:44:45.877 +06:00 [INF] HTTP OPTIONS /api/Announcements/courses/ac80d30d-540f-4a38-aa5e-22420bf183c7/announcements responded 204 in 0.0266 ms
2026-03-04 10:44:46.013 +06:00 [INF] HTTP GET /api/Announcements/courses/ac80d30d-540f-4a38-aa5e-22420bf183c7/announcements responded 200 in 131.8377 ms
2026-03-04 10:44:47.955 +06:00 [INF] HTTP OPTIONS /api/Notifications responded 204 in 0.0421 ms
2026-03-04 10:44:47.964 +06:00 [INF] HTTP GET /api/Notifications responded 200 in 3.8262 ms
2026-03-04 10:44:48.042 +06:00 [INF] HTTP GET /api/Courses/ac80d30d-540f-4a38-aa5e-22420bf183c7 responded 200 in 85.7097 ms
2026-03-04 10:44:48.144 +06:00 [INF] HTTP GET /api/Announcements/courses/ac80d30d-540f-4a38-aa5e-22420bf183c7/announcements responded 200 in 8.4471 ms
2026-03-04 10:44:50.578 +06:00 [INF] HTTP OPTIONS /api/courses/ac80d30d-540f-4a38-aa5e-22420bf183c7/presentations responded 204 in 0.0655 ms
2026-03-04 10:44:50.578 +06:00 [INF] HTTP OPTIONS /api/Attendance/courses/ac80d30d-540f-4a38-aa5e-22420bf183c7/sessions responded 204 in 0.0321 ms
2026-03-04 10:44:50.579 +06:00 [INF] HTTP OPTIONS /api/Courses/ac80d30d-540f-4a38-aa5e-22420bf183c7/members responded 204 in 0.0301 ms
2026-03-04 10:44:50.727 +06:00 [INF] HTTP GET /api/Courses/ac80d30d-540f-4a38-aa5e-22420bf183c7/members responded 200 in 134.9893 ms
2026-03-04 10:44:50.894 +06:00 [INF] HTTP GET /api/Attendance/courses/ac80d30d-540f-4a38-aa5e-22420bf183c7/sessions responded 200 in 303.8631 ms
2026-03-04 10:44:50.921 +06:00 [INF] HTTP GET /api/courses/ac80d30d-540f-4a38-aa5e-22420bf183c7/presentations responded 200 in 332.0692 ms
2026-03-04 10:44:53.481 +06:00 [INF] HTTP OPTIONS /api/ct/courses/ac80d30d-540f-4a38-aa5e-22420bf183c7/events responded 204 in 0.0844 ms
2026-03-04 10:44:53.604 +06:00 [INF] HTTP GET /api/ct/courses/ac80d30d-540f-4a38-aa5e-22420bf183c7/events responded 200 in 117.5796 ms
2026-03-04 10:45:01.576 +06:00 [INF] HTTP OPTIONS /api/ct/events/c96d3e9e-bb43-4a0e-ab67-be6274ed9a4a/marks responded 204 in 0.0278 ms
2026-03-04 10:45:01.676 +06:00 [INF] HTTP GET /api/ct/events/c96d3e9e-bb43-4a0e-ab67-be6274ed9a4a/marks responded 200 in 93.3363 ms
2026-03-04 10:47:38.504 +06:00 [INF] HTTP OPTIONS /api/Courses/ac80d30d-540f-4a38-aa5e-22420bf183c7 responded 204 in 4.0270 ms
2026-03-04 10:47:38.504 +06:00 [INF] HTTP OPTIONS /api/Notifications responded 204 in 4.0421 ms
2026-03-04 10:47:41.426 +06:00 [INF] HTTP GET /api/Notifications responded 200 in 2752.3374 ms
2026-03-04 10:47:41.863 +06:00 [INF] HTTP GET /api/Courses/ac80d30d-540f-4a38-aa5e-22420bf183c7 responded 200 in 3189.9659 ms
2026-03-04 10:47:41.900 +06:00 [INF] HTTP OPTIONS /api/courses/ac80d30d-540f-4a38-aa5e-22420bf183c7/marks responded 204 in 0.2423 ms
2026-03-04 10:47:41.900 +06:00 [INF] HTTP OPTIONS /api/courses/ac80d30d-540f-4a38-aa5e-22420bf183c7/grading-formula responded 204 in 0.2232 ms
2026-03-04 10:47:42.329 +06:00 [INF] HTTP GET /api/courses/ac80d30d-540f-4a38-aa5e-22420bf183c7/grading-formula responded 200 in 416.4708 ms
2026-03-04 10:47:42.338 +06:00 [INF] HTTP GET /api/courses/ac80d30d-540f-4a38-aa5e-22420bf183c7/marks responded 200 in 425.4299 ms
2026-03-04 10:47:56.219 +06:00 [INF] HTTP OPTIONS /api/Notifications responded 204 in 0.2009 ms
2026-03-04 10:47:56.219 +06:00 [INF] HTTP OPTIONS /api/Courses/ac80d30d-540f-4a38-aa5e-22420bf183c7 responded 204 in 0.2017 ms
2026-03-04 10:47:56.238 +06:00 [INF] HTTP GET /api/Notifications responded 200 in 14.7530 ms
2026-03-04 10:47:56.309 +06:00 [INF] HTTP GET /api/Courses/ac80d30d-540f-4a38-aa5e-22420bf183c7 responded 200 in 83.8800 ms
2026-03-04 10:47:56.424 +06:00 [INF] HTTP OPTIONS /api/courses/ac80d30d-540f-4a38-aa5e-22420bf183c7/grading-formula responded 204 in 0.0902 ms
2026-03-04 10:47:56.424 +06:00 [INF] HTTP OPTIONS /api/courses/ac80d30d-540f-4a38-aa5e-22420bf183c7/marks responded 204 in 0.0649 ms
2026-03-04 10:47:56.451 +06:00 [INF] HTTP GET /api/courses/ac80d30d-540f-4a38-aa5e-22420bf183c7/grading-formula responded 200 in 21.2205 ms
2026-03-04 10:47:56.549 +06:00 [INF] HTTP GET /api/courses/ac80d30d-540f-4a38-aa5e-22420bf183c7/marks responded 200 in 116.8218 ms
2026-03-04 10:49:38.127 +06:00 [INF] HTTP OPTIONS /api/Notifications responded 204 in 0.1176 ms
2026-03-04 10:49:38.148 +06:00 [INF] HTTP GET /api/Notifications responded 200 in 12.4120 ms
2026-03-04 10:49:42.205 +06:00 [INF] HTTP OPTIONS /api/Courses/ac80d30d-540f-4a38-aa5e-22420bf183c7 responded 204 in 0.1179 ms
2026-03-04 10:49:42.212 +06:00 [INF] HTTP GET /api/Notifications responded 200 in 7.0215 ms
2026-03-04 10:49:42.292 +06:00 [INF] HTTP GET /api/Courses/ac80d30d-540f-4a38-aa5e-22420bf183c7 responded 200 in 78.7215 ms
2026-03-04 10:49:42.400 +06:00 [INF] HTTP OPTIONS /api/courses/ac80d30d-540f-4a38-aa5e-22420bf183c7/grading-formula responded 204 in 0.0852 ms
2026-03-04 10:49:42.400 +06:00 [INF] HTTP OPTIONS /api/courses/ac80d30d-540f-4a38-aa5e-22420bf183c7/marks responded 204 in 0.0861 ms
2026-03-04 10:49:42.415 +06:00 [INF] HTTP GET /api/courses/ac80d30d-540f-4a38-aa5e-22420bf183c7/grading-formula responded 200 in 9.6993 ms
2026-03-04 10:49:42.473 +06:00 [INF] HTTP GET /api/courses/ac80d30d-540f-4a38-aa5e-22420bf183c7/marks responded 200 in 65.0825 ms
2026-03-04 10:49:50.023 +06:00 [INF] HTTP OPTIONS /api/courses/ac80d30d-540f-4a38-aa5e-22420bf183c7/grading-formula/calculate responded 204 in 0.1979 ms
2026-03-04 10:49:50.619 +06:00 [INF] HTTP POST /api/courses/ac80d30d-540f-4a38-aa5e-22420bf183c7/grading-formula/calculate responded 200 in 588.9605 ms
2026-03-04 10:49:50.626 +06:00 [INF] HTTP OPTIONS /api/courses/ac80d30d-540f-4a38-aa5e-22420bf183c7/marks responded 204 in 0.0763 ms
2026-03-04 10:49:50.654 +06:00 [INF] HTTP GET /api/courses/ac80d30d-540f-4a38-aa5e-22420bf183c7/marks responded 200 in 23.4827 ms
2026-03-04 10:49:58.803 +06:00 [INF] HTTP OPTIONS /api/courses/ac80d30d-540f-4a38-aa5e-22420bf183c7/grading-formula/publish responded 204 in 0.3213 ms
2026-03-04 10:49:58.889 +06:00 [INF] HTTP POST /api/courses/ac80d30d-540f-4a38-aa5e-22420bf183c7/grading-formula/publish responded 200 in 80.3391 ms
2026-03-04 10:49:58.898 +06:00 [INF] HTTP OPTIONS /api/courses/ac80d30d-540f-4a38-aa5e-22420bf183c7/marks responded 204 in 0.0800 ms
2026-03-04 10:49:58.898 +06:00 [INF] HTTP OPTIONS /api/courses/ac80d30d-540f-4a38-aa5e-22420bf183c7/grading-formula responded 204 in 0.1174 ms
2026-03-04 10:49:58.911 +06:00 [INF] HTTP GET /api/courses/ac80d30d-540f-4a38-aa5e-22420bf183c7/grading-formula responded 200 in 6.2317 ms
2026-03-04 10:49:58.934 +06:00 [INF] HTTP GET /api/courses/ac80d30d-540f-4a38-aa5e-22420bf183c7/marks responded 200 in 31.4425 ms
2026-03-04 10:50:14.068 +06:00 [INF] HTTP OPTIONS /api/Notifications responded 204 in 0.2657 ms
2026-03-04 10:50:14.089 +06:00 [INF] HTTP GET /api/Notifications responded 200 in 10.1294 ms
2026-03-04 10:50:53.569 +06:00 [INF] HTTP OPTIONS /api/Notifications responded 204 in 0.1336 ms
2026-03-04 10:50:53.586 +06:00 [INF] HTTP GET /api/Notifications responded 200 in 8.4131 ms
2026-03-04 10:51:23.609 +06:00 [INF] HTTP OPTIONS /api/Notifications responded 204 in 0.0518 ms
2026-03-04 10:51:23.629 +06:00 [INF] HTTP GET /api/Notifications responded 200 in 6.5512 ms
2026-03-04 10:54:36.208 +06:00 [INF] HTTP OPTIONS /api/Courses/ac80d30d-540f-4a38-aa5e-22420bf183c7 responded 204 in 2.9373 ms
2026-03-04 10:54:39.099 +06:00 [INF] HTTP GET /api/Courses/ac80d30d-540f-4a38-aa5e-22420bf183c7 responded 200 in 2795.4003 ms
2026-03-04 10:54:39.138 +06:00 [INF] HTTP OPTIONS /api/courses/ac80d30d-540f-4a38-aa5e-22420bf183c7/grading-formula responded 204 in 0.4328 ms
2026-03-04 10:54:39.139 +06:00 [INF] HTTP OPTIONS /api/courses/ac80d30d-540f-4a38-aa5e-22420bf183c7/marks responded 204 in 0.1637 ms
2026-03-04 10:54:39.445 +06:00 [INF] HTTP GET /api/courses/ac80d30d-540f-4a38-aa5e-22420bf183c7/marks responded 200 in 296.9912 ms
2026-03-04 10:54:39.449 +06:00 [INF] HTTP GET /api/courses/ac80d30d-540f-4a38-aa5e-22420bf183c7/grading-formula responded 200 in 302.3690 ms
2026-03-04 10:54:42.354 +06:00 [INF] HTTP OPTIONS /api/Notifications responded 204 in 0.1621 ms
2026-03-04 10:54:42.433 +06:00 [INF] HTTP GET /api/Notifications responded 200 in 72.2156 ms
2026-03-04 10:55:12.085 +06:00 [INF] HTTP OPTIONS /api/Notifications responded 204 in 0.1399 ms
2026-03-04 10:55:12.085 +06:00 [INF] HTTP OPTIONS /api/Courses/ac80d30d-540f-4a38-aa5e-22420bf183c7 responded 204 in 0.1064 ms
2026-03-04 10:55:12.101 +06:00 [INF] HTTP GET /api/Notifications responded 200 in 8.2760 ms
2026-03-04 10:55:12.264 +06:00 [INF] HTTP GET /api/Courses/ac80d30d-540f-4a38-aa5e-22420bf183c7 responded 200 in 170.2940 ms
2026-03-04 10:55:12.415 +06:00 [INF] HTTP OPTIONS /api/courses/ac80d30d-540f-4a38-aa5e-22420bf183c7/grading-formula responded 204 in 0.1012 ms
2026-03-04 10:55:12.415 +06:00 [INF] HTTP OPTIONS /api/courses/ac80d30d-540f-4a38-aa5e-22420bf183c7/marks responded 204 in 0.0619 ms
2026-03-04 10:55:12.434 +06:00 [INF] HTTP GET /api/courses/ac80d30d-540f-4a38-aa5e-22420bf183c7/grading-formula responded 200 in 9.5226 ms
2026-03-04 10:55:12.459 +06:00 [INF] HTTP GET /api/courses/ac80d30d-540f-4a38-aa5e-22420bf183c7/marks responded 200 in 31.9246 ms
2026-03-04 10:55:22.514 +06:00 [INF] HTTP OPTIONS /api/auth/logout responded 204 in 0.1671 ms
2026-03-04 10:55:22.733 +06:00 [INF] HTTP POST /api/auth/logout responded 200 in 211.3812 ms
2026-03-04 10:55:36.131 +06:00 [INF] HTTP OPTIONS /api/auth/login responded 204 in 1.1848 ms
2026-03-04 10:55:37.101 +06:00 [INF] HTTP POST /api/auth/login responded 200 in 954.4360 ms
2026-03-04 10:55:37.254 +06:00 [INF] HTTP OPTIONS /api/Notifications responded 204 in 0.1063 ms
2026-03-04 10:55:37.254 +06:00 [INF] HTTP OPTIONS /api/Courses responded 204 in 0.0572 ms
2026-03-04 10:55:37.256 +06:00 [INF] HTTP OPTIONS /api/Courses responded 204 in 0.0864 ms
2026-03-04 10:55:37.334 +06:00 [INF] HTTP GET /api/Notifications responded 200 in 74.9905 ms
2026-03-04 10:55:37.484 +06:00 [INF] HTTP GET /api/Courses responded 200 in 220.1747 ms
2026-03-04 10:55:37.494 +06:00 [INF] HTTP GET /api/Courses responded 200 in 230.9614 ms
2026-03-04 10:55:45.501 +06:00 [INF] HTTP OPTIONS /api/Courses/90d7ab00-c743-4253-8d9f-e69759d0be36 responded 204 in 0.1255 ms
2026-03-04 10:55:45.548 +06:00 [INF] HTTP GET /api/Courses/90d7ab00-c743-4253-8d9f-e69759d0be36 responded 200 in 41.1152 ms
2026-03-04 10:55:45.557 +06:00 [INF] HTTP OPTIONS /api/Courses/90d7ab00-c743-4253-8d9f-e69759d0be36/members responded 204 in 0.0433 ms
2026-03-04 10:55:45.712 +06:00 [INF] HTTP GET /api/Courses/90d7ab00-c743-4253-8d9f-e69759d0be36/members responded 200 in 148.4327 ms
2026-03-04 10:55:45.737 +06:00 [INF] HTTP OPTIONS /api/Announcements/courses/90d7ab00-c743-4253-8d9f-e69759d0be36/announcements responded 204 in 0.0549 ms
2026-03-04 10:55:45.883 +06:00 [INF] HTTP GET /api/Announcements/courses/90d7ab00-c743-4253-8d9f-e69759d0be36/announcements responded 200 in 141.2984 ms
2026-03-04 10:55:57.219 +06:00 [INF] HTTP OPTIONS /api/Notifications/read-all responded 204 in 0.1832 ms
2026-03-04 10:55:57.354 +06:00 [INF] HTTP PATCH /api/Notifications/read-all responded 200 in 130.4914 ms
2026-03-04 10:55:57.361 +06:00 [INF] HTTP OPTIONS /api/Notifications responded 204 in 0.0655 ms
2026-03-04 10:55:57.369 +06:00 [INF] HTTP GET /api/Notifications responded 200 in 4.1769 ms
2026-03-04 10:56:16.958 +06:00 [INF] HTTP OPTIONS /api/profile responded 204 in 0.0989 ms
2026-03-04 10:56:17.009 +06:00 [INF] HTTP GET /api/profile responded 200 in 28.9595 ms
2026-03-04 10:56:21.280 +06:00 [INF] HTTP OPTIONS /api/Courses/ac80d30d-540f-4a38-aa5e-22420bf183c7/members responded 204 in 0.1143 ms
2026-03-04 10:56:21.366 +06:00 [INF] HTTP GET /api/Courses/ac80d30d-540f-4a38-aa5e-22420bf183c7/members responded 200 in 80.2629 ms
2026-03-04 10:56:21.388 +06:00 [INF] HTTP OPTIONS /api/Announcements/courses/ac80d30d-540f-4a38-aa5e-22420bf183c7/announcements responded 204 in 0.0378 ms
2026-03-04 10:56:21.437 +06:00 [INF] HTTP GET /api/Announcements/courses/ac80d30d-540f-4a38-aa5e-22420bf183c7/announcements responded 200 in 42.9514 ms
2026-03-04 10:56:24.625 +06:00 [INF] HTTP OPTIONS /api/Attendance/courses/ac80d30d-540f-4a38-aa5e-22420bf183c7/summary responded 204 in 0.0756 ms
2026-03-04 10:56:24.628 +06:00 [INF] HTTP OPTIONS /api/Attendance/courses/ac80d30d-540f-4a38-aa5e-22420bf183c7/sessions responded 204 in 0.0625 ms
2026-03-04 10:56:24.628 +06:00 [INF] HTTP OPTIONS /api/Attendance/courses/ac80d30d-540f-4a38-aa5e-22420bf183c7/sessions responded 204 in 0.0622 ms
2026-03-04 10:56:24.704 +06:00 [INF] HTTP GET /api/Courses/ac80d30d-540f-4a38-aa5e-22420bf183c7/members responded 200 in 75.5260 ms
2026-03-04 10:56:24.787 +06:00 [INF] HTTP GET /api/Attendance/courses/ac80d30d-540f-4a38-aa5e-22420bf183c7/summary responded 200 in 151.9880 ms
2026-03-04 10:56:24.851 +06:00 [INF] HTTP GET /api/Attendance/courses/ac80d30d-540f-4a38-aa5e-22420bf183c7/sessions responded 200 in 211.8708 ms
2026-03-04 10:56:24.886 +06:00 [INF] HTTP GET /api/Attendance/courses/ac80d30d-540f-4a38-aa5e-22420bf183c7/sessions responded 200 in 33.3461 ms
2026-03-04 10:56:42.192 +06:00 [INF] HTTP OPTIONS /api/Courses/ac80d30d-540f-4a38-aa5e-22420bf183c7 responded 204 in 0.0958 ms
2026-03-04 10:56:42.192 +06:00 [INF] HTTP OPTIONS /api/Notifications responded 204 in 0.0219 ms
2026-03-04 10:56:42.209 +06:00 [INF] HTTP GET /api/Notifications responded 200 in 8.1991 ms
2026-03-04 10:56:42.273 +06:00 [INF] HTTP GET /api/Courses/ac80d30d-540f-4a38-aa5e-22420bf183c7 responded 200 in 72.9032 ms
2026-03-04 10:56:42.373 +06:00 [INF] HTTP OPTIONS /api/Courses/ac80d30d-540f-4a38-aa5e-22420bf183c7/members responded 204 in 0.0367 ms
2026-03-04 10:56:42.441 +06:00 [INF] HTTP GET /api/Courses/ac80d30d-540f-4a38-aa5e-22420bf183c7/members responded 200 in 61.8281 ms
2026-03-04 10:56:42.517 +06:00 [INF] HTTP OPTIONS /api/Attendance/courses/ac80d30d-540f-4a38-aa5e-22420bf183c7/summary responded 204 in 0.0537 ms
2026-03-04 10:56:42.518 +06:00 [INF] HTTP OPTIONS /api/Attendance/courses/ac80d30d-540f-4a38-aa5e-22420bf183c7/sessions responded 204 in 0.0525 ms
2026-03-04 10:56:42.518 +06:00 [INF] HTTP OPTIONS /api/Attendance/courses/ac80d30d-540f-4a38-aa5e-22420bf183c7/sessions responded 204 in 0.0377 ms
2026-03-04 10:56:42.596 +06:00 [INF] HTTP GET /api/Attendance/courses/ac80d30d-540f-4a38-aa5e-22420bf183c7/summary responded 200 in 73.1470 ms
2026-03-04 10:56:42.604 +06:00 [INF] HTTP GET /api/Courses/ac80d30d-540f-4a38-aa5e-22420bf183c7/members responded 200 in 85.8272 ms
2026-03-04 10:56:42.607 +06:00 [INF] HTTP GET /api/Attendance/courses/ac80d30d-540f-4a38-aa5e-22420bf183c7/sessions responded 200 in 80.5065 ms
2026-03-04 10:56:42.641 +06:00 [INF] HTTP GET /api/Attendance/courses/ac80d30d-540f-4a38-aa5e-22420bf183c7/sessions responded 200 in 28.8836 ms
2026-03-04 10:58:33.378 +06:00 [INF] HTTP OPTIONS /api/Courses/ac80d30d-540f-4a38-aa5e-22420bf183c7 responded 204 in 0.0836 ms
2026-03-04 10:58:33.378 +06:00 [INF] HTTP OPTIONS /api/Notifications responded 204 in 0.0169 ms
2026-03-04 10:58:33.391 +06:00 [INF] HTTP GET /api/Notifications responded 200 in 6.0780 ms
2026-03-04 10:58:33.463 +06:00 [INF] HTTP GET /api/Courses/ac80d30d-540f-4a38-aa5e-22420bf183c7 responded 200 in 78.8551 ms
2026-03-04 10:58:33.502 +06:00 [INF] HTTP OPTIONS /api/Courses/ac80d30d-540f-4a38-aa5e-22420bf183c7/members responded 204 in 0.0637 ms
2026-03-04 10:58:33.569 +06:00 [INF] HTTP GET /api/Courses/ac80d30d-540f-4a38-aa5e-22420bf183c7/members responded 200 in 57.7066 ms
2026-03-04 10:58:33.657 +06:00 [INF] HTTP OPTIONS /api/Attendance/courses/ac80d30d-540f-4a38-aa5e-22420bf183c7/summary responded 204 in 0.0596 ms
2026-03-04 10:58:33.657 +06:00 [INF] HTTP OPTIONS /api/Attendance/courses/ac80d30d-540f-4a38-aa5e-22420bf183c7/sessions responded 204 in 0.0440 ms
2026-03-04 10:58:33.658 +06:00 [INF] HTTP OPTIONS /api/Attendance/courses/ac80d30d-540f-4a38-aa5e-22420bf183c7/sessions responded 204 in 0.0204 ms
2026-03-04 10:58:33.691 +06:00 [INF] HTTP GET /api/Attendance/courses/ac80d30d-540f-4a38-aa5e-22420bf183c7/summary responded 200 in 28.4845 ms
2026-03-04 10:58:33.701 +06:00 [INF] HTTP GET /api/Courses/ac80d30d-540f-4a38-aa5e-22420bf183c7/members responded 200 in 42.5898 ms
2026-03-04 10:58:33.758 +06:00 [INF] HTTP GET /api/Attendance/courses/ac80d30d-540f-4a38-aa5e-22420bf183c7/sessions responded 200 in 90.8929 ms
2026-03-04 10:58:33.795 +06:00 [INF] HTTP GET /api/Attendance/courses/ac80d30d-540f-4a38-aa5e-22420bf183c7/sessions responded 200 in 29.9808 ms
2026-03-04 10:59:44.109 +06:00 [INF] HTTP OPTIONS /api/Notifications responded 204 in 0.1473 ms
2026-03-04 10:59:44.125 +06:00 [INF] HTTP GET /api/Notifications responded 200 in 7.6180 ms
2026-03-04 10:59:49.003 +06:00 [INF] HTTP OPTIONS /api/Courses/ac80d30d-540f-4a38-aa5e-22420bf183c7 responded 204 in 0.0281 ms
2026-03-04 10:59:49.007 +06:00 [INF] HTTP GET /api/Notifications responded 200 in 4.5596 ms
2026-03-04 10:59:49.063 +06:00 [INF] HTTP GET /api/Courses/ac80d30d-540f-4a38-aa5e-22420bf183c7 responded 200 in 52.9662 ms
2026-03-04 10:59:49.113 +06:00 [INF] HTTP OPTIONS /api/Courses/ac80d30d-540f-4a38-aa5e-22420bf183c7/members responded 204 in 0.0338 ms
2026-03-04 10:59:49.159 +06:00 [INF] HTTP GET /api/Courses/ac80d30d-540f-4a38-aa5e-22420bf183c7/members responded 200 in 40.6756 ms
2026-03-04 10:59:49.217 +06:00 [INF] HTTP OPTIONS /api/Attendance/courses/ac80d30d-540f-4a38-aa5e-22420bf183c7/summary responded 204 in 0.0326 ms
2026-03-04 10:59:49.218 +06:00 [INF] HTTP OPTIONS /api/Attendance/courses/ac80d30d-540f-4a38-aa5e-22420bf183c7/sessions responded 204 in 0.0247 ms
2026-03-04 10:59:49.218 +06:00 [INF] HTTP OPTIONS /api/Attendance/courses/ac80d30d-540f-4a38-aa5e-22420bf183c7/sessions responded 204 in 0.0142 ms
2026-03-04 10:59:49.241 +06:00 [INF] HTTP GET /api/Attendance/courses/ac80d30d-540f-4a38-aa5e-22420bf183c7/summary responded 200 in 16.8025 ms
2026-03-04 10:59:49.267 +06:00 [INF] HTTP GET /api/Courses/ac80d30d-540f-4a38-aa5e-22420bf183c7/members responded 200 in 47.6873 ms
2026-03-04 10:59:49.290 +06:00 [INF] HTTP GET /api/Attendance/courses/ac80d30d-540f-4a38-aa5e-22420bf183c7/sessions responded 200 in 64.2120 ms
2026-03-04 10:59:49.338 +06:00 [INF] HTTP GET /api/Attendance/courses/ac80d30d-540f-4a38-aa5e-22420bf183c7/sessions responded 200 in 43.8379 ms
2026-03-04 11:00:10.978 +06:00 [INF] HTTP OPTIONS /api/Materials/courses/ac80d30d-540f-4a38-aa5e-22420bf183c7/materials responded 204 in 0.0563 ms
2026-03-04 11:00:11.245 +06:00 [INF] HTTP GET /api/Materials/courses/ac80d30d-540f-4a38-aa5e-22420bf183c7/materials responded 200 in 258.2439 ms
2026-03-04 11:00:15.444 +06:00 [INF] HTTP OPTIONS /api/Materials/courses/ac80d30d-540f-4a38-aa5e-22420bf183c7/materials responded 204 in 0.0407 ms
2026-03-04 11:00:15.489 +06:00 [INF] HTTP GET /api/Materials/courses/ac80d30d-540f-4a38-aa5e-22420bf183c7/materials responded 200 in 38.7257 ms
2026-03-04 11:00:17.891 +06:00 [INF] HTTP OPTIONS /api/Materials/courses/ac80d30d-540f-4a38-aa5e-22420bf183c7/materials responded 204 in 0.0532 ms
2026-03-04 11:00:17.912 +06:00 [INF] HTTP GET /api/Materials/courses/ac80d30d-540f-4a38-aa5e-22420bf183c7/materials responded 200 in 12.4715 ms
2026-03-04 11:00:19.076 +06:00 [INF] HTTP OPTIONS /api/Notifications responded 204 in 0.0217 ms
2026-03-04 11:00:19.086 +06:00 [INF] HTTP GET /api/Notifications responded 200 in 3.7069 ms
2026-03-04 11:00:22.620 +06:00 [INF] HTTP OPTIONS /api/Assignments/courses/ac80d30d-540f-4a38-aa5e-22420bf183c7/assignments responded 204 in 0.0424 ms
2026-03-04 11:00:22.685 +06:00 [INF] HTTP GET /api/Assignments/courses/ac80d30d-540f-4a38-aa5e-22420bf183c7/assignments responded 200 in 57.0151 ms
2026-03-04 11:00:29.403 +06:00 [INF] HTTP OPTIONS /api/ct/courses/ac80d30d-540f-4a38-aa5e-22420bf183c7/events responded 204 in 0.0781 ms
2026-03-04 11:00:29.628 +06:00 [INF] HTTP GET /api/ct/courses/ac80d30d-540f-4a38-aa5e-22420bf183c7/events responded 200 in 217.5282 ms
2026-03-04 11:00:31.732 +06:00 [INF] HTTP OPTIONS /api/courses/ac80d30d-540f-4a38-aa5e-22420bf183c7/presentations responded 204 in 0.0441 ms
2026-03-04 11:00:32.034 +06:00 [INF] HTTP GET /api/courses/ac80d30d-540f-4a38-aa5e-22420bf183c7/presentations responded 200 in 296.0998 ms
2026-03-04 11:00:37.146 +06:00 [INF] HTTP OPTIONS /api/presentations/f1f17f7c-554d-48d7-b51b-314151da6892/results responded 204 in 0.0329 ms
2026-03-04 11:00:37.248 +06:00 [INF] HTTP GET /api/presentations/f1f17f7c-554d-48d7-b51b-314151da6892/results responded 200 in 95.2071 ms
2026-03-04 11:00:45.733 +06:00 [INF] HTTP OPTIONS /api/courses/ac80d30d-540f-4a38-aa5e-22420bf183c7/grading-formula responded 204 in 0.0293 ms
2026-03-04 11:00:45.735 +06:00 [INF] HTTP OPTIONS /api/courses/ac80d30d-540f-4a38-aa5e-22420bf183c7/marks responded 204 in 0.0481 ms
2026-03-04 11:00:45.745 +06:00 [INF] HTTP GET /api/courses/ac80d30d-540f-4a38-aa5e-22420bf183c7/grading-formula responded 200 in 5.3357 ms
2026-03-04 11:00:45.803 +06:00 [INF] HTTP GET /api/courses/ac80d30d-540f-4a38-aa5e-22420bf183c7/marks responded 200 in 61.2537 ms
2026-03-04 11:00:49.098 +06:00 [INF] HTTP OPTIONS /api/Notifications responded 204 in 0.0187 ms
2026-03-04 11:00:49.111 +06:00 [INF] HTTP GET /api/Notifications responded 200 in 4.1193 ms
2026-03-04 11:00:55.842 +06:00 [INF] HTTP OPTIONS /api/Notifications responded 204 in 0.0470 ms
2026-03-04 11:00:55.842 +06:00 [INF] HTTP OPTIONS /api/Courses/ac80d30d-540f-4a38-aa5e-22420bf183c7 responded 204 in 0.0061 ms
2026-03-04 11:00:55.850 +06:00 [INF] HTTP GET /api/Notifications responded 200 in 2.6668 ms
2026-03-04 11:00:55.927 +06:00 [INF] HTTP GET /api/Courses/ac80d30d-540f-4a38-aa5e-22420bf183c7 responded 200 in 78.6440 ms
2026-03-04 11:00:55.989 +06:00 [INF] HTTP OPTIONS /api/Courses/ac80d30d-540f-4a38-aa5e-22420bf183c7/members responded 204 in 0.0544 ms
2026-03-04 11:00:56.069 +06:00 [INF] HTTP GET /api/Courses/ac80d30d-540f-4a38-aa5e-22420bf183c7/members responded 200 in 69.5932 ms
2026-03-04 11:00:57.736 +06:00 [INF] HTTP OPTIONS /api/courses/ac80d30d-540f-4a38-aa5e-22420bf183c7/grading-formula responded 204 in 0.0678 ms
2026-03-04 11:00:57.737 +06:00 [INF] HTTP OPTIONS /api/courses/ac80d30d-540f-4a38-aa5e-22420bf183c7/marks responded 204 in 0.0194 ms
2026-03-04 11:00:57.749 +06:00 [INF] HTTP GET /api/courses/ac80d30d-540f-4a38-aa5e-22420bf183c7/grading-formula responded 200 in 5.9269 ms
2026-03-04 11:00:57.817 +06:00 [INF] HTTP GET /api/courses/ac80d30d-540f-4a38-aa5e-22420bf183c7/marks responded 200 in 71.3714 ms
2026-03-04 11:00:59.072 +06:00 [INF] HTTP OPTIONS /api/Attendance/courses/ac80d30d-540f-4a38-aa5e-22420bf183c7/sessions responded 204 in 0.0144 ms
2026-03-04 11:00:59.072 +06:00 [INF] HTTP OPTIONS /api/courses/ac80d30d-540f-4a38-aa5e-22420bf183c7/presentations responded 204 in 0.2928 ms
2026-03-04 11:00:59.165 +06:00 [INF] HTTP GET /api/Attendance/courses/ac80d30d-540f-4a38-aa5e-22420bf183c7/sessions responded 200 in 82.9030 ms
2026-03-04 11:00:59.188 +06:00 [INF] HTTP GET /api/courses/ac80d30d-540f-4a38-aa5e-22420bf183c7/presentations responded 200 in 97.6108 ms
2026-03-04 11:00:59.195 +06:00 [INF] HTTP GET /api/Courses/ac80d30d-540f-4a38-aa5e-22420bf183c7/members responded 200 in 120.0261 ms
2026-03-04 11:01:05.602 +06:00 [INF] HTTP OPTIONS /api/ct/courses/ac80d30d-540f-4a38-aa5e-22420bf183c7/events responded 204 in 0.0476 ms
2026-03-04 11:01:05.694 +06:00 [INF] HTTP GET /api/ct/courses/ac80d30d-540f-4a38-aa5e-22420bf183c7/events responded 200 in 69.9604 ms
2026-03-04 11:05:38.994 +06:00 [INF] HTTP OPTIONS /api/Courses responded 204 in 0.1294 ms
2026-03-04 11:05:38.994 +06:00 [INF] HTTP OPTIONS /api/Courses responded 204 in 0.2436 ms
2026-03-04 11:05:39.081 +06:00 [INF] HTTP GET /api/Courses responded 200 in 76.1966 ms
2026-03-04 11:05:39.081 +06:00 [INF] HTTP GET /api/Courses responded 200 in 73.8026 ms
2026-03-04 11:05:40.499 +06:00 [INF] HTTP OPTIONS /api/Announcements/courses/ac80d30d-540f-4a38-aa5e-22420bf183c7/announcements responded 204 in 0.0425 ms
2026-03-04 11:05:40.539 +06:00 [INF] HTTP GET /api/Announcements/courses/ac80d30d-540f-4a38-aa5e-22420bf183c7/announcements responded 200 in 32.3962 ms
2026-03-04 11:05:55.899 +06:00 [INF] HTTP OPTIONS /api/Notifications responded 204 in 0.0430 ms
2026-03-04 11:05:55.908 +06:00 [INF] HTTP GET /api/Notifications responded 200 in 4.6799 ms
2026-03-04 11:07:42.334 +06:00 [INF] HTTP OPTIONS /api/Courses/ac80d30d-540f-4a38-aa5e-22420bf183c7 responded 204 in 0.0516 ms
2026-03-04 11:07:42.411 +06:00 [INF] HTTP GET /api/Courses/ac80d30d-540f-4a38-aa5e-22420bf183c7 responded 200 in 63.4252 ms
2026-03-04 11:07:47.123 +06:00 [INF] HTTP OPTIONS /api/Notifications responded 204 in 0.1919 ms
2026-03-04 11:07:47.134 +06:00 [INF] HTTP GET /api/Notifications responded 200 in 5.8659 ms
2026-03-04 11:07:47.184 +06:00 [INF] HTTP GET /api/Courses/ac80d30d-540f-4a38-aa5e-22420bf183c7 responded 200 in 60.8774 ms
2026-03-04 11:07:47.289 +06:00 [INF] HTTP OPTIONS /api/Courses/ac80d30d-540f-4a38-aa5e-22420bf183c7/members responded 204 in 0.0694 ms
2026-03-04 11:07:47.360 +06:00 [INF] HTTP GET /api/Courses/ac80d30d-540f-4a38-aa5e-22420bf183c7/members responded 200 in 65.1529 ms
2026-03-04 11:08:10.644 +06:00 [INF] HTTP OPTIONS /api/Notifications responded 204 in 0.0584 ms
2026-03-04 11:08:10.645 +06:00 [INF] HTTP OPTIONS /api/Courses/ac80d30d-540f-4a38-aa5e-22420bf183c7 responded 204 in 0.0275 ms
2026-03-04 11:08:10.654 +06:00 [INF] HTTP GET /api/Notifications responded 200 in 3.2741 ms
2026-03-04 11:08:10.755 +06:00 [INF] HTTP GET /api/Courses/ac80d30d-540f-4a38-aa5e-22420bf183c7 responded 200 in 103.3190 ms
2026-03-04 11:08:10.834 +06:00 [INF] HTTP OPTIONS /api/Courses/ac80d30d-540f-4a38-aa5e-22420bf183c7/members responded 204 in 0.0360 ms
2026-03-04 11:08:10.920 +06:00 [INF] HTTP GET /api/Courses/ac80d30d-540f-4a38-aa5e-22420bf183c7/members responded 200 in 81.3122 ms
2026-03-04 11:09:12.368 +06:00 [INF] HTTP OPTIONS /api/Notifications responded 204 in 0.0727 ms
2026-03-04 11:09:12.370 +06:00 [INF] HTTP OPTIONS /api/Courses/ac80d30d-540f-4a38-aa5e-22420bf183c7 responded 204 in 0.0334 ms
2026-03-04 11:09:12.378 +06:00 [INF] HTTP GET /api/Notifications responded 200 in 3.9501 ms
2026-03-04 11:09:12.468 +06:00 [INF] HTTP GET /api/Courses/ac80d30d-540f-4a38-aa5e-22420bf183c7 responded 200 in 92.7567 ms
2026-03-04 11:09:12.565 +06:00 [INF] HTTP OPTIONS /api/Courses/ac80d30d-540f-4a38-aa5e-22420bf183c7/members responded 204 in 0.0402 ms
2026-03-04 11:09:12.667 +06:00 [INF] HTTP GET /api/Courses/ac80d30d-540f-4a38-aa5e-22420bf183c7/members responded 200 in 96.3003 ms
2026-03-04 11:09:41.315 +06:00 [INF] HTTP OPTIONS /api/Assignments/courses/ac80d30d-540f-4a38-aa5e-22420bf183c7/assignments responded 204 in 0.0549 ms
2026-03-04 11:09:41.324 +06:00 [INF] HTTP GET /api/Assignments/courses/ac80d30d-540f-4a38-aa5e-22420bf183c7/assignments responded 200 in 4.8177 ms
2026-03-04 11:09:41.894 +06:00 [INF] HTTP OPTIONS /api/ct/courses/ac80d30d-540f-4a38-aa5e-22420bf183c7/events responded 204 in 0.0248 ms
2026-03-04 11:09:41.984 +06:00 [INF] HTTP GET /api/ct/courses/ac80d30d-540f-4a38-aa5e-22420bf183c7/events responded 200 in 80.5616 ms
2026-03-04 11:09:42.334 +06:00 [INF] HTTP OPTIONS /api/courses/ac80d30d-540f-4a38-aa5e-22420bf183c7/presentations responded 204 in 0.0257 ms
2026-03-04 11:09:42.335 +06:00 [INF] HTTP OPTIONS /api/Attendance/courses/ac80d30d-540f-4a38-aa5e-22420bf183c7/sessions responded 204 in 0.0238 ms
2026-03-04 11:09:42.336 +06:00 [INF] HTTP OPTIONS /api/Courses/ac80d30d-540f-4a38-aa5e-22420bf183c7/members responded 204 in 0.0221 ms
2026-03-04 11:09:42.397 +06:00 [INF] HTTP GET /api/Attendance/courses/ac80d30d-540f-4a38-aa5e-22420bf183c7/sessions responded 200 in 51.1143 ms
2026-03-04 11:09:42.410 +06:00 [INF] HTTP OPTIONS /api/Notifications responded 204 in 0.0185 ms
2026-03-04 11:09:42.429 +06:00 [INF] HTTP GET /api/Notifications responded 200 in 5.8777 ms
2026-03-04 11:09:42.440 +06:00 [INF] HTTP GET /api/courses/ac80d30d-540f-4a38-aa5e-22420bf183c7/presentations responded 200 in 93.4955 ms
2026-03-04 11:09:42.460 +06:00 [INF] HTTP GET /api/Courses/ac80d30d-540f-4a38-aa5e-22420bf183c7/members responded 200 in 115.3071 ms
2026-03-04 11:09:42.925 +06:00 [INF] HTTP OPTIONS /api/courses/ac80d30d-540f-4a38-aa5e-22420bf183c7/grading-formula responded 204 in 0.0358 ms
2026-03-04 11:09:42.925 +06:00 [INF] HTTP OPTIONS /api/courses/ac80d30d-540f-4a38-aa5e-22420bf183c7/marks responded 204 in 0.0263 ms
2026-03-04 11:09:42.957 +06:00 [INF] HTTP GET /api/courses/ac80d30d-540f-4a38-aa5e-22420bf183c7/grading-formula responded 200 in 21.9856 ms
2026-03-04 11:09:42.966 +06:00 [INF] HTTP GET /api/courses/ac80d30d-540f-4a38-aa5e-22420bf183c7/marks responded 200 in 30.1729 ms
2026-03-04 11:09:53.764 +06:00 [INF] HTTP OPTIONS /api/Attendance/courses/ac80d30d-540f-4a38-aa5e-22420bf183c7/summary responded 204 in 0.0316 ms
2026-03-04 11:09:53.766 +06:00 [INF] HTTP OPTIONS /api/Attendance/courses/ac80d30d-540f-4a38-aa5e-22420bf183c7/sessions responded 204 in 0.0235 ms
2026-03-04 11:09:53.805 +06:00 [INF] HTTP GET /api/Attendance/courses/ac80d30d-540f-4a38-aa5e-22420bf183c7/sessions responded 200 in 35.4158 ms
2026-03-04 11:09:53.811 +06:00 [INF] HTTP GET /api/Attendance/courses/ac80d30d-540f-4a38-aa5e-22420bf183c7/summary responded 200 in 41.2559 ms
2026-03-04 11:09:57.047 +06:00 [INF] HTTP OPTIONS /api/Materials/courses/ac80d30d-540f-4a38-aa5e-22420bf183c7/materials responded 204 in 0.0322 ms
2026-03-04 11:09:57.064 +06:00 [INF] HTTP GET /api/Materials/courses/ac80d30d-540f-4a38-aa5e-22420bf183c7/materials responded 200 in 11.1553 ms
2026-03-04 11:10:25.051 +06:00 [INF] HTTP OPTIONS /api/Courses/ac80d30d-540f-4a38-aa5e-22420bf183c7/join-requests responded 204 in 0.0713 ms
2026-03-04 11:10:25.084 +06:00 [INF] HTTP GET /api/Courses/ac80d30d-540f-4a38-aa5e-22420bf183c7/join-requests responded 403 in 20.8338 ms
2026-03-04 11:10:26.098 +06:00 [INF] HTTP GET /api/Courses/ac80d30d-540f-4a38-aa5e-22420bf183c7/join-requests responded 403 in 0.5074 ms
2026-03-04 11:10:26.790 +06:00 [INF] HTTP OPTIONS /api/Notifications responded 204 in 0.0633 ms
2026-03-04 11:10:26.790 +06:00 [INF] HTTP OPTIONS /api/Courses/ac80d30d-540f-4a38-aa5e-22420bf183c7 responded 204 in 0.0188 ms
2026-03-04 11:10:26.799 +06:00 [INF] HTTP GET /api/Notifications responded 200 in 3.0310 ms
2026-03-04 11:10:26.872 +06:00 [INF] HTTP GET /api/Courses/ac80d30d-540f-4a38-aa5e-22420bf183c7 responded 200 in 74.6914 ms
2026-03-04 11:10:26.950 +06:00 [INF] HTTP OPTIONS /api/Courses/ac80d30d-540f-4a38-aa5e-22420bf183c7/members responded 204 in 0.0191 ms
2026-03-04 11:10:27.019 +06:00 [INF] HTTP GET /api/Courses/ac80d30d-540f-4a38-aa5e-22420bf183c7/members responded 200 in 65.1110 ms
2026-03-04 11:10:27.061 +06:00 [INF] HTTP GET /api/Courses/ac80d30d-540f-4a38-aa5e-22420bf183c7/join-requests responded 403 in 1.1555 ms
2026-03-04 11:10:28.078 +06:00 [INF] HTTP GET /api/Courses/ac80d30d-540f-4a38-aa5e-22420bf183c7/join-requests responded 403 in 0.1715 ms
2026-03-04 11:10:31.604 +06:00 [INF] HTTP OPTIONS /api/Courses/ac80d30d-540f-4a38-aa5e-22420bf183c7/join-requests responded 204 in 0.0328 ms
2026-03-04 11:10:31.611 +06:00 [INF] HTTP GET /api/Courses/ac80d30d-540f-4a38-aa5e-22420bf183c7/join-requests responded 403 in 0.3090 ms
2026-03-04 11:10:32.627 +06:00 [INF] HTTP GET /api/Courses/ac80d30d-540f-4a38-aa5e-22420bf183c7/join-requests responded 403 in 0.2935 ms
2026-03-04 11:10:40.678 +06:00 [INF] HTTP OPTIONS /api/Notifications responded 204 in 0.2924 ms
2026-03-04 11:10:40.689 +06:00 [INF] HTTP GET /api/Notifications responded 200 in 2.5821 ms
2026-03-04 11:10:43.841 +06:00 [INF] HTTP OPTIONS /api/Courses/ac80d30d-540f-4a38-aa5e-22420bf183c7 responded 204 in 0.0388 ms
2026-03-04 11:10:43.897 +06:00 [INF] HTTP GET /api/Courses/ac80d30d-540f-4a38-aa5e-22420bf183c7 responded 200 in 49.6171 ms
2026-03-04 11:10:43.908 +06:00 [INF] HTTP OPTIONS /api/Courses/ac80d30d-540f-4a38-aa5e-22420bf183c7/members responded 204 in 0.0456 ms
2026-03-04 11:10:43.956 +06:00 [INF] HTTP GET /api/Courses/ac80d30d-540f-4a38-aa5e-22420bf183c7/members responded 200 in 40.4798 ms
2026-03-04 11:10:43.991 +06:00 [INF] HTTP OPTIONS /api/Courses/ac80d30d-540f-4a38-aa5e-22420bf183c7/join-requests responded 204 in 0.0213 ms
2026-03-04 11:10:43.998 +06:00 [INF] HTTP GET /api/Courses/ac80d30d-540f-4a38-aa5e-22420bf183c7/join-requests responded 403 in 0.4258 ms
2026-03-04 11:10:45.022 +06:00 [INF] HTTP GET /api/Courses/ac80d30d-540f-4a38-aa5e-22420bf183c7/join-requests responded 403 in 0.1726 ms
2026-03-04 11:10:47.051 +06:00 [INF] HTTP OPTIONS /api/Notifications responded 204 in 0.0379 ms
2026-03-04 11:10:47.059 +06:00 [INF] HTTP GET /api/Notifications responded 200 in 3.1449 ms
2026-03-04 11:10:47.103 +06:00 [INF] HTTP GET /api/Courses/ac80d30d-540f-4a38-aa5e-22420bf183c7 responded 200 in 51.6282 ms
2026-03-04 11:10:47.268 +06:00 [INF] HTTP GET /api/Courses/ac80d30d-540f-4a38-aa5e-22420bf183c7/members responded 200 in 31.2802 ms
2026-03-04 11:10:47.355 +06:00 [INF] HTTP GET /api/Courses/ac80d30d-540f-4a38-aa5e-22420bf183c7/join-requests responded 403 in 0.2977 ms
2026-03-04 11:10:48.425 +06:00 [INF] HTTP GET /api/Courses/ac80d30d-540f-4a38-aa5e-22420bf183c7/join-requests responded 403 in 0.4816 ms
2026-03-04 11:11:31.340 +06:00 [INF] HTTP OPTIONS /api/Attendance/courses/ac80d30d-540f-4a38-aa5e-22420bf183c7/summary responded 204 in 0.0538 ms
2026-03-04 11:11:31.342 +06:00 [INF] HTTP OPTIONS /api/Attendance/courses/ac80d30d-540f-4a38-aa5e-22420bf183c7/sessions responded 204 in 0.0292 ms
2026-03-04 11:11:31.343 +06:00 [INF] HTTP OPTIONS /api/Courses/ac80d30d-540f-4a38-aa5e-22420bf183c7/members responded 204 in 0.0364 ms
2026-03-04 11:11:31.344 +06:00 [INF] HTTP OPTIONS /api/Attendance/courses/ac80d30d-540f-4a38-aa5e-22420bf183c7/sessions responded 204 in 0.0214 ms
2026-03-04 11:11:31.402 +06:00 [INF] HTTP GET /api/Attendance/courses/ac80d30d-540f-4a38-aa5e-22420bf183c7/sessions responded 200 in 52.5703 ms
2026-03-04 11:11:31.404 +06:00 [INF] HTTP GET /api/Attendance/courses/ac80d30d-540f-4a38-aa5e-22420bf183c7/summary responded 200 in 57.5888 ms
2026-03-04 11:11:31.445 +06:00 [INF] HTTP GET /api/Courses/ac80d30d-540f-4a38-aa5e-22420bf183c7/members responded 200 in 88.5105 ms
2026-03-04 11:11:31.478 +06:00 [INF] HTTP GET /api/Attendance/courses/ac80d30d-540f-4a38-aa5e-22420bf183c7/sessions responded 200 in 71.5833 ms
2026-03-04 11:11:32.679 +06:00 [INF] HTTP OPTIONS /api/Courses/ac80d30d-540f-4a38-aa5e-22420bf183c7/join-requests responded 204 in 0.1326 ms
2026-03-04 11:11:32.686 +06:00 [INF] HTTP GET /api/Courses/ac80d30d-540f-4a38-aa5e-22420bf183c7/join-requests responded 403 in 0.5612 ms
2026-03-04 11:11:33.742 +06:00 [INF] HTTP GET /api/Courses/ac80d30d-540f-4a38-aa5e-22420bf183c7/join-requests responded 403 in 0.3280 ms
2026-03-04 11:11:53.516 +06:00 [INF] HTTP OPTIONS /api/Courses/ac80d30d-540f-4a38-aa5e-22420bf183c7 responded 204 in 0.0498 ms
2026-03-04 11:11:53.517 +06:00 [INF] HTTP OPTIONS /api/Notifications responded 204 in 0.0334 ms
2026-03-04 11:11:53.530 +06:00 [INF] HTTP GET /api/Notifications responded 200 in 3.1614 ms
2026-03-04 11:11:53.610 +06:00 [INF] HTTP GET /api/Courses/ac80d30d-540f-4a38-aa5e-22420bf183c7 responded 200 in 83.8795 ms
2026-03-04 11:11:53.644 +06:00 [INF] HTTP OPTIONS /api/Courses/ac80d30d-540f-4a38-aa5e-22420bf183c7/members responded 204 in 0.0216 ms
2026-03-04 11:11:53.707 +06:00 [INF] HTTP GET /api/Courses/ac80d30d-540f-4a38-aa5e-22420bf183c7/members responded 200 in 59.8646 ms
2026-03-04 11:12:05.128 +06:00 [INF] HTTP OPTIONS /api/Notifications responded 204 in 0.0617 ms
2026-03-04 11:12:05.128 +06:00 [INF] HTTP OPTIONS /api/Courses/ac80d30d-540f-4a38-aa5e-22420bf183c7 responded 204 in 0.0616 ms
2026-03-04 11:12:05.136 +06:00 [INF] HTTP GET /api/Notifications responded 200 in 3.6931 ms
2026-03-04 11:12:05.269 +06:00 [INF] HTTP GET /api/Courses/ac80d30d-540f-4a38-aa5e-22420bf183c7 responded 200 in 135.3724 ms
2026-03-04 11:12:05.314 +06:00 [INF] HTTP OPTIONS /api/Courses/ac80d30d-540f-4a38-aa5e-22420bf183c7/members responded 204 in 0.0481 ms
2026-03-04 11:12:05.421 +06:00 [INF] HTTP GET /api/Courses/ac80d30d-540f-4a38-aa5e-22420bf183c7/members responded 200 in 90.3817 ms
2026-03-04 11:12:35.172 +06:00 [INF] HTTP OPTIONS /api/Notifications responded 204 in 0.0413 ms
2026-03-04 11:12:35.188 +06:00 [INF] HTTP GET /api/Notifications responded 200 in 4.7109 ms
2026-03-04 11:13:35.201 +06:00 [INF] HTTP OPTIONS /api/Notifications responded 204 in 0.0267 ms
2026-03-04 11:13:35.210 +06:00 [INF] HTTP GET /api/Notifications responded 200 in 3.7905 ms
2026-03-04 11:13:37.848 +06:00 [INF] HTTP OPTIONS /api/Courses/ac80d30d-540f-4a38-aa5e-22420bf183c7 responded 204 in 0.0254 ms
2026-03-04 11:13:37.851 +06:00 [INF] HTTP GET /api/Notifications responded 200 in 3.3793 ms
2026-03-04 11:13:37.984 +06:00 [INF] HTTP GET /api/Courses/ac80d30d-540f-4a38-aa5e-22420bf183c7 responded 200 in 130.9976 ms
2026-03-04 11:13:38.094 +06:00 [INF] HTTP OPTIONS /api/Courses/ac80d30d-540f-4a38-aa5e-22420bf183c7/members responded 204 in 0.4316 ms
2026-03-04 11:13:38.174 +06:00 [INF] HTTP GET /api/Courses/ac80d30d-540f-4a38-aa5e-22420bf183c7/members responded 200 in 74.4419 ms
2026-03-04 11:14:44.221 +06:00 [INF] HTTP OPTIONS /api/Notifications responded 204 in 0.0720 ms
2026-03-04 11:14:44.221 +06:00 [INF] HTTP OPTIONS /api/Courses/ac80d30d-540f-4a38-aa5e-22420bf183c7 responded 204 in 0.0207 ms
2026-03-04 11:14:44.232 +06:00 [INF] HTTP GET /api/Notifications responded 200 in 5.0896 ms
2026-03-04 11:14:44.311 +06:00 [INF] HTTP GET /api/Courses/ac80d30d-540f-4a38-aa5e-22420bf183c7 responded 200 in 82.9239 ms
2026-03-04 11:14:44.415 +06:00 [INF] HTTP OPTIONS /api/Courses/ac80d30d-540f-4a38-aa5e-22420bf183c7/members responded 204 in 0.0333 ms
2026-03-04 11:14:44.492 +06:00 [INF] HTTP GET /api/Courses/ac80d30d-540f-4a38-aa5e-22420bf183c7/members responded 200 in 66.4372 ms
2026-03-04 11:14:45.539 +06:00 [INF] HTTP OPTIONS /api/profile responded 204 in 0.0313 ms
2026-03-04 11:14:45.549 +06:00 [INF] HTTP GET /api/profile responded 200 in 4.1688 ms
2026-03-04 11:14:49.954 +06:00 [INF] HTTP OPTIONS /api/auth/logout responded 204 in 0.0296 ms
2026-03-04 11:14:50.027 +06:00 [INF] HTTP POST /api/auth/logout responded 200 in 66.6070 ms
2026-03-04 11:15:24.581 +06:00 [INF] HTTP OPTIONS /api/auth/register responded 204 in 0.0598 ms
2026-03-04 11:15:24.764 +06:00 [INF] HTTP POST /api/auth/register responded 200 in 175.5539 ms
2026-03-04 11:15:31.223 +06:00 [INF] HTTP OPTIONS /api/auth/register responded 204 in 0.0338 ms
2026-03-04 11:15:31.933 +06:00 [INF] HTTP POST /api/auth/register responded 200 in 692.4174 ms
2026-03-04 11:16:25.250 +06:00 [INF] HTTP OPTIONS /api/profile responded 204 in 1.6630 ms
2026-03-04 11:16:25.447 +06:00 [INF] HTTP PUT /api/profile responded 200 in 174.2073 ms
2026-03-04 11:16:25.524 +06:00 [INF] HTTP GET /api/profile responded 200 in 5.3622 ms
2026-03-04 11:16:25.667 +06:00 [INF] HTTP OPTIONS /api/Notifications responded 204 in 0.0779 ms
2026-03-04 11:16:25.668 +06:00 [INF] HTTP OPTIONS /api/Courses responded 204 in 0.0544 ms
2026-03-04 11:16:25.677 +06:00 [INF] HTTP OPTIONS /api/Courses responded 204 in 0.5896 ms
2026-03-04 11:16:25.703 +06:00 [INF] HTTP GET /api/Notifications responded 200 in 12.4962 ms
2026-03-04 11:16:25.772 +06:00 [INF] HTTP GET /api/Courses responded 200 in 69.9819 ms
2026-03-04 11:16:26.023 +06:00 [INF] HTTP GET /api/Courses responded 200 in 321.1647 ms
2026-03-04 11:16:55.716 +06:00 [INF] HTTP OPTIONS /api/Notifications responded 204 in 0.0204 ms
2026-03-04 11:16:55.724 +06:00 [INF] HTTP GET /api/Notifications responded 200 in 2.5835 ms
2026-03-04 11:21:58.777 +06:00 [INF] HTTP OPTIONS /api/Notifications responded 204 in 0.0614 ms
2026-03-04 11:21:58.791 +06:00 [INF] HTTP GET /api/Notifications responded 200 in 6.8575 ms
2026-03-04 11:43:22.148 +06:00 [INF] HTTP OPTIONS /api/Courses responded 204 in 3.4772 ms
2026-03-04 11:43:22.148 +06:00 [INF] HTTP OPTIONS /api/Notifications responded 204 in 3.4623 ms
2026-03-04 11:43:22.148 +06:00 [INF] HTTP OPTIONS /api/Courses responded 204 in 3.4582 ms
2026-03-04 11:43:25.010 +06:00 [INF] HTTP GET /api/Notifications responded 200 in 2721.1165 ms
2026-03-04 11:43:25.010 +06:00 [INF] HTTP GET /api/Courses responded 200 in 2719.8914 ms
2026-03-04 11:43:25.311 +06:00 [INF] HTTP GET /api/Courses responded 200 in 3021.6989 ms
2026-03-04 11:43:27.682 +06:00 [INF] HTTP OPTIONS /api/Notifications responded 204 in 0.4080 ms
2026-03-04 11:43:27.688 +06:00 [INF] HTTP OPTIONS /api/Courses responded 204 in 0.1065 ms
2026-03-04 11:43:27.689 +06:00 [INF] HTTP OPTIONS /api/Courses responded 204 in 0.1148 ms
2026-03-04 11:43:27.903 +06:00 [INF] HTTP GET /api/Notifications responded 200 in 212.1202 ms
2026-03-04 11:43:27.952 +06:00 [INF] HTTP GET /api/Courses responded 200 in 259.0793 ms
2026-03-04 11:43:27.955 +06:00 [INF] HTTP GET /api/Courses responded 200 in 260.1425 ms
2026-03-04 11:43:44.089 +06:00 [INF] HTTP OPTIONS /api/Notifications responded 204 in 0.0871 ms
2026-03-04 11:43:44.102 +06:00 [INF] HTTP GET /api/Notifications responded 200 in 5.6515 ms
2026-03-04 11:43:47.479 +06:00 [INF] HTTP OPTIONS /api/profile responded 204 in 0.1296 ms
2026-03-04 11:43:47.479 +06:00 [INF] HTTP OPTIONS /api/profile/e87aab8a-c88e-4010-b7ae-48b629499788 responded 204 in 0.0635 ms
2026-03-04 11:43:47.603 +06:00 [INF] HTTP GET /api/profile responded 200 in 81.3858 ms
2026-03-04 11:43:47.666 +06:00 [INF] HTTP GET /api/profile/e87aab8a-c88e-4010-b7ae-48b629499788 responded 200 in 146.0585 ms
2026-03-04 11:44:02.425 +06:00 [INF] HTTP OPTIONS /api/profile/photo responded 204 in 0.2108 ms
2026-03-04 11:44:06.187 +06:00 [INF] HTTP POST /api/profile/photo responded 200 in 3750.5511 ms
2026-03-04 11:44:06.196 +06:00 [INF] HTTP OPTIONS /api/profile responded 204 in 0.0764 ms
2026-03-04 11:44:06.208 +06:00 [INF] HTTP GET /api/profile responded 200 in 6.1968 ms
2026-03-04 11:44:14.122 +06:00 [INF] HTTP OPTIONS /api/Notifications responded 204 in 0.1662 ms
2026-03-04 11:44:14.141 +06:00 [INF] HTTP GET /api/Notifications responded 200 in 8.2001 ms
2026-03-04 11:44:26.534 +06:00 [INF] HTTP OPTIONS /api/profile responded 204 in 0.5825 ms
2026-03-04 11:44:26.723 +06:00 [INF] HTTP PUT /api/profile responded 200 in 176.2164 ms
2026-03-04 11:44:26.759 +06:00 [INF] HTTP GET /api/profile responded 200 in 5.8049 ms
2026-03-04 11:44:33.023 +06:00 [INF] HTTP OPTIONS /api/profile responded 204 in 0.2051 ms
2026-03-04 11:44:33.056 +06:00 [INF] HTTP PUT /api/profile responded 200 in 24.9381 ms
2026-03-04 11:44:33.083 +06:00 [INF] HTTP GET /api/profile responded 200 in 3.6174 ms
2026-03-04 11:45:14.165 +06:00 [INF] HTTP OPTIONS /api/Notifications responded 204 in 0.0797 ms
2026-03-04 11:45:14.183 +06:00 [INF] HTTP GET /api/Notifications responded 200 in 6.6955 ms
2026-03-04 11:45:34.971 +06:00 [INF] HTTP OPTIONS /api/profile/education responded 204 in 0.0783 ms
2026-03-04 11:45:35.122 +06:00 [INF] HTTP POST /api/profile/education responded 200 in 144.1261 ms
2026-03-04 11:45:35.135 +06:00 [INF] HTTP OPTIONS /api/profile responded 204 in 0.0725 ms
2026-03-04 11:45:35.136 +06:00 [INF] HTTP OPTIONS /api/profile/e87aab8a-c88e-4010-b7ae-48b629499788 responded 204 in 0.0782 ms
2026-03-04 11:45:35.148 +06:00 [INF] HTTP GET /api/profile responded 200 in 6.5983 ms
2026-03-04 11:45:35.168 +06:00 [INF] HTTP GET /api/profile/e87aab8a-c88e-4010-b7ae-48b629499788 responded 200 in 21.2702 ms
2026-03-04 11:45:40.992 +06:00 [INF] HTTP OPTIONS /api/profile/education/105756b2-01a1-4457-8869-ba05db6c9d4f responded 204 in 0.1047 ms
2026-03-04 11:45:41.048 +06:00 [INF] HTTP DELETE /api/profile/education/105756b2-01a1-4457-8869-ba05db6c9d4f responded 200 in 49.6679 ms
2026-03-04 11:45:41.056 +06:00 [INF] HTTP OPTIONS /api/profile responded 204 in 0.0470 ms
2026-03-04 11:45:41.056 +06:00 [INF] HTTP OPTIONS /api/profile/e87aab8a-c88e-4010-b7ae-48b629499788 responded 204 in 0.0157 ms
2026-03-04 11:45:41.065 +06:00 [INF] HTTP GET /api/profile responded 200 in 3.4989 ms
2026-03-04 11:45:41.073 +06:00 [INF] HTTP GET /api/profile/e87aab8a-c88e-4010-b7ae-48b629499788 responded 200 in 10.5333 ms
2026-03-04 11:45:44.195 +06:00 [INF] HTTP OPTIONS /api/Notifications responded 204 in 0.0540 ms
2026-03-04 11:45:44.207 +06:00 [INF] HTTP GET /api/Notifications responded 200 in 5.5382 ms
2026-03-04 11:46:29.133 +06:00 [INF] HTTP OPTIONS /api/Notifications responded 204 in 0.1759 ms
2026-03-04 11:46:29.133 +06:00 [INF] HTTP OPTIONS /api/profile responded 204 in 0.0342 ms
2026-03-04 11:46:29.135 +06:00 [INF] HTTP OPTIONS /api/profile/e87aab8a-c88e-4010-b7ae-48b629499788 responded 204 in 0.0531 ms
2026-03-04 11:46:29.203 +06:00 [INF] HTTP GET /api/Notifications responded 200 in 58.0470 ms
2026-03-04 11:46:29.219 +06:00 [INF] HTTP GET /api/profile responded 200 in 72.5358 ms
2026-03-04 11:46:29.228 +06:00 [INF] HTTP GET /api/profile/e87aab8a-c88e-4010-b7ae-48b629499788 responded 200 in 82.0107 ms
2026-03-04 11:55:57.307 +06:00 [INF] HTTP OPTIONS /api/Notifications responded 204 in 2.5639 ms
2026-03-04 11:55:57.307 +06:00 [INF] HTTP OPTIONS /api/profile/e87aab8a-c88e-4010-b7ae-48b629499788 responded 204 in 2.5811 ms
2026-03-04 11:55:57.307 +06:00 [INF] HTTP OPTIONS /api/profile responded 204 in 2.5730 ms
2026-03-04 11:55:59.049 +06:00 [ERR] Failed executing DbCommand (75ms) [Parameters=[@__userId_0='?' (DbType = Guid)], CommandType='"Text"', CommandTimeout='30']
SELECT `u`.`Id`, `u`.`CreatedAt`, `u`.`DeletedAt`, `u`.`Email`, `u`.`IsActive`, `u`.`IsDeleted`, `u`.`IsProfileComplete`, `u`.`PasswordHash`, `u`.`RefreshToken`, `u`.`RefreshTokenExpiry`, `u`.`Role`, `u`.`UpdatedAt`, `u0`.`Id`, `u0`.`Bio`, `u0`.`CoverPhotoUrl`, `u0`.`CreatedAt`, `u0`.`DeletedAt`, `u0`.`Department`, `u0`.`Designation`, `u0`.`FacebookUrl`, `u0`.`FullName`, `u0`.`GitHubUrl`, `u0`.`IsDeleted`, `u0`.`LinkedInUrl`, `u0`.`PhoneNumber`, `u0`.`ProfileCompletionPercent`, `u0`.`ProfilePhotoUrl`, `u0`.`StudentId`, `u0`.`TwitterUrl`, `u0`.`UpdatedAt`, `u0`.`UserId`, `u0`.`WebsiteUrl`
FROM `Users` AS `u`
LEFT JOIN `UserProfiles` AS `u0` ON `u`.`Id` = `u0`.`UserId`
WHERE `u`.`Id` = @__userId_0
LIMIT 1
2026-03-04 11:55:59.049 +06:00 [ERR] Failed executing DbCommand (75ms) [Parameters=[@__userId_0='?' (DbType = Guid)], CommandType='"Text"', CommandTimeout='30']
SELECT `u`.`Id`, `u`.`Bio`, `u`.`CoverPhotoUrl`, `u`.`CreatedAt`, `u`.`DeletedAt`, `u`.`Department`, `u`.`Designation`, `u`.`FacebookUrl`, `u`.`FullName`, `u`.`GitHubUrl`, `u`.`IsDeleted`, `u`.`LinkedInUrl`, `u`.`PhoneNumber`, `u`.`ProfileCompletionPercent`, `u`.`ProfilePhotoUrl`, `u`.`StudentId`, `u`.`TwitterUrl`, `u`.`UpdatedAt`, `u`.`UserId`, `u`.`WebsiteUrl`
FROM `UserProfiles` AS `u`
WHERE `u`.`UserId` = @__userId_0
LIMIT 1
2026-03-04 11:55:59.105 +06:00 [ERR] An exception occurred while iterating over the results of a query for context type 'EduNexis.Infrastructure.Persistence.AppDbContext'.
MySqlConnector.MySqlException (0x80004005): Unknown column 'u.CoverPhotoUrl' in 'field list'
   at MySqlConnector.Core.ServerSession.ReceiveReplyAsync(IOBehavior ioBehavior, CancellationToken cancellationToken) in /_/src/MySqlConnector/Core/ServerSession.cs:line 1081
   at MySqlConnector.Core.ResultSet.ReadResultSetHeaderAsync(IOBehavior ioBehavior) in /_/src/MySqlConnector/Core/ResultSet.cs:line 37
   at MySqlConnector.MySqlDataReader.ActivateResultSet(CancellationToken cancellationToken) in /_/src/MySqlConnector/MySqlDataReader.cs:line 131
   at MySqlConnector.MySqlDataReader.InitAsync(CommandListPosition commandListPosition, ICommandPayloadCreator payloadCreator, IDictionary`2 cachedProcedures, IMySqlCommand command, CommandBehavior behavior, Activity activity, IOBehavior ioBehavior, CancellationToken cancellationToken) in /_/src/MySqlConnector/MySqlDataReader.cs:line 487
   at MySqlConnector.Core.CommandExecutor.ExecuteReaderAsync(CommandListPosition commandListPosition, ICommandPayloadCreator payloadCreator, CommandBehavior behavior, Activity activity, IOBehavior ioBehavior, CancellationToken cancellationToken) in /_/src/MySqlConnector/Core/CommandExecutor.cs:line 56
   at MySqlConnector.MySqlCommand.ExecuteReaderAsync(CommandBehavior behavior, IOBehavior ioBehavior, CancellationToken cancellationToken) in /_/src/MySqlConnector/MySqlCommand.cs:line 357
   at MySqlConnector.MySqlCommand.ExecuteDbDataReaderAsync(CommandBehavior behavior, CancellationToken cancellationToken) in /_/src/MySqlConnector/MySqlCommand.cs:line 350
   at Microsoft.EntityFrameworkCore.Storage.RelationalCommand.ExecuteReaderAsync(RelationalCommandParameterObject parameterObject, CancellationToken cancellationToken)
   at Microsoft.EntityFrameworkCore.Storage.RelationalCommand.ExecuteReaderAsync(RelationalCommandParameterObject parameterObject, CancellationToken cancellationToken)
   at Microsoft.EntityFrameworkCore.Query.Internal.SingleQueryingEnumerable`1.AsyncEnumerator.InitializeReaderAsync(AsyncEnumerator enumerator, CancellationToken cancellationToken)
   at Microsoft.EntityFrameworkCore.Storage.ExecutionStrategy.<>c__DisplayClass30_0`2.<<ExecuteAsync>b__0>d.MoveNext()
--- End of stack trace from previous location ---
   at Microsoft.EntityFrameworkCore.Storage.ExecutionStrategy.ExecuteImplementationAsync[TState,TResult](Func`4 operation, Func`4 verifySucceeded, TState state, CancellationToken cancellationToken)
   at Microsoft.EntityFrameworkCore.Storage.ExecutionStrategy.ExecuteImplementationAsync[TState,TResult](Func`4 operation, Func`4 verifySucceeded, TState state, CancellationToken cancellationToken)
   at Microsoft.EntityFrameworkCore.Storage.ExecutionStrategy.ExecuteAsync[TState,TResult](TState state, Func`4 operation, Func`4 verifySucceeded, CancellationToken cancellationToken)
   at Microsoft.EntityFrameworkCore.Query.Internal.SingleQueryingEnumerable`1.AsyncEnumerator.MoveNextAsync()
MySqlConnector.MySqlException (0x80004005): Unknown column 'u.CoverPhotoUrl' in 'field list'
   at MySqlConnector.Core.ServerSession.ReceiveReplyAsync(IOBehavior ioBehavior, CancellationToken cancellationToken) in /_/src/MySqlConnector/Core/ServerSession.cs:line 1081
   at MySqlConnector.Core.ResultSet.ReadResultSetHeaderAsync(IOBehavior ioBehavior) in /_/src/MySqlConnector/Core/ResultSet.cs:line 37
   at MySqlConnector.MySqlDataReader.ActivateResultSet(CancellationToken cancellationToken) in /_/src/MySqlConnector/MySqlDataReader.cs:line 131
   at MySqlConnector.MySqlDataReader.InitAsync(CommandListPosition commandListPosition, ICommandPayloadCreator payloadCreator, IDictionary`2 cachedProcedures, IMySqlCommand command, CommandBehavior behavior, Activity activity, IOBehavior ioBehavior, CancellationToken cancellationToken) in /_/src/MySqlConnector/MySqlDataReader.cs:line 487
   at MySqlConnector.Core.CommandExecutor.ExecuteReaderAsync(CommandListPosition commandListPosition, ICommandPayloadCreator payloadCreator, CommandBehavior behavior, Activity activity, IOBehavior ioBehavior, CancellationToken cancellationToken) in /_/src/MySqlConnector/Core/CommandExecutor.cs:line 56
   at MySqlConnector.MySqlCommand.ExecuteReaderAsync(CommandBehavior behavior, IOBehavior ioBehavior, CancellationToken cancellationToken) in /_/src/MySqlConnector/MySqlCommand.cs:line 357
   at MySqlConnector.MySqlCommand.ExecuteDbDataReaderAsync(CommandBehavior behavior, CancellationToken cancellationToken) in /_/src/MySqlConnector/MySqlCommand.cs:line 350
   at Microsoft.EntityFrameworkCore.Storage.RelationalCommand.ExecuteReaderAsync(RelationalCommandParameterObject parameterObject, CancellationToken cancellationToken)
   at Microsoft.EntityFrameworkCore.Storage.RelationalCommand.ExecuteReaderAsync(RelationalCommandParameterObject parameterObject, CancellationToken cancellationToken)
   at Microsoft.EntityFrameworkCore.Query.Internal.SingleQueryingEnumerable`1.AsyncEnumerator.InitializeReaderAsync(AsyncEnumerator enumerator, CancellationToken cancellationToken)
   at Microsoft.EntityFrameworkCore.Storage.ExecutionStrategy.<>c__DisplayClass30_0`2.<<ExecuteAsync>b__0>d.MoveNext()
--- End of stack trace from previous location ---
   at Microsoft.EntityFrameworkCore.Storage.ExecutionStrategy.ExecuteImplementationAsync[TState,TResult](Func`4 operation, Func`4 verifySucceeded, TState state, CancellationToken cancellationToken)
   at Microsoft.EntityFrameworkCore.Storage.ExecutionStrategy.ExecuteImplementationAsync[TState,TResult](Func`4 operation, Func`4 verifySucceeded, TState state, CancellationToken cancellationToken)
   at Microsoft.EntityFrameworkCore.Storage.ExecutionStrategy.ExecuteAsync[TState,TResult](TState state, Func`4 operation, Func`4 verifySucceeded, CancellationToken cancellationToken)
   at Microsoft.EntityFrameworkCore.Query.Internal.SingleQueryingEnumerable`1.AsyncEnumerator.MoveNextAsync()
2026-03-04 11:55:59.106 +06:00 [ERR] An exception occurred while iterating over the results of a query for context type 'EduNexis.Infrastructure.Persistence.AppDbContext'.
MySqlConnector.MySqlException (0x80004005): Unknown column 'u0.CoverPhotoUrl' in 'field list'
   at MySqlConnector.Core.ServerSession.ReceiveReplyAsync(IOBehavior ioBehavior, CancellationToken cancellationToken) in /_/src/MySqlConnector/Core/ServerSession.cs:line 1081
   at MySqlConnector.Core.ResultSet.ReadResultSetHeaderAsync(IOBehavior ioBehavior) in /_/src/MySqlConnector/Core/ResultSet.cs:line 37
   at MySqlConnector.MySqlDataReader.ActivateResultSet(CancellationToken cancellationToken) in /_/src/MySqlConnector/MySqlDataReader.cs:line 131
   at MySqlConnector.MySqlDataReader.InitAsync(CommandListPosition commandListPosition, ICommandPayloadCreator payloadCreator, IDictionary`2 cachedProcedures, IMySqlCommand command, CommandBehavior behavior, Activity activity, IOBehavior ioBehavior, CancellationToken cancellationToken) in /_/src/MySqlConnector/MySqlDataReader.cs:line 487
   at MySqlConnector.Core.CommandExecutor.ExecuteReaderAsync(CommandListPosition commandListPosition, ICommandPayloadCreator payloadCreator, CommandBehavior behavior, Activity activity, IOBehavior ioBehavior, CancellationToken cancellationToken) in /_/src/MySqlConnector/Core/CommandExecutor.cs:line 56
   at MySqlConnector.MySqlCommand.ExecuteReaderAsync(CommandBehavior behavior, IOBehavior ioBehavior, CancellationToken cancellationToken) in /_/src/MySqlConnector/MySqlCommand.cs:line 357
   at MySqlConnector.MySqlCommand.ExecuteDbDataReaderAsync(CommandBehavior behavior, CancellationToken cancellationToken) in /_/src/MySqlConnector/MySqlCommand.cs:line 350
   at Microsoft.EntityFrameworkCore.Storage.RelationalCommand.ExecuteReaderAsync(RelationalCommandParameterObject parameterObject, CancellationToken cancellationToken)
   at Microsoft.EntityFrameworkCore.Storage.RelationalCommand.ExecuteReaderAsync(RelationalCommandParameterObject parameterObject, CancellationToken cancellationToken)
   at Microsoft.EntityFrameworkCore.Query.Internal.SingleQueryingEnumerable`1.AsyncEnumerator.InitializeReaderAsync(AsyncEnumerator enumerator, CancellationToken cancellationToken)
   at Microsoft.EntityFrameworkCore.Storage.ExecutionStrategy.<>c__DisplayClass30_0`2.<<ExecuteAsync>b__0>d.MoveNext()
--- End of stack trace from previous location ---
   at Microsoft.EntityFrameworkCore.Storage.ExecutionStrategy.ExecuteImplementationAsync[TState,TResult](Func`4 operation, Func`4 verifySucceeded, TState state, CancellationToken cancellationToken)
   at Microsoft.EntityFrameworkCore.Storage.ExecutionStrategy.ExecuteImplementationAsync[TState,TResult](Func`4 operation, Func`4 verifySucceeded, TState state, CancellationToken cancellationToken)
   at Microsoft.EntityFrameworkCore.Storage.ExecutionStrategy.ExecuteAsync[TState,TResult](TState state, Func`4 operation, Func`4 verifySucceeded, CancellationToken cancellationToken)
   at Microsoft.EntityFrameworkCore.Query.Internal.SingleQueryingEnumerable`1.AsyncEnumerator.MoveNextAsync()
MySqlConnector.MySqlException (0x80004005): Unknown column 'u0.CoverPhotoUrl' in 'field list'
   at MySqlConnector.Core.ServerSession.ReceiveReplyAsync(IOBehavior ioBehavior, CancellationToken cancellationToken) in /_/src/MySqlConnector/Core/ServerSession.cs:line 1081
   at MySqlConnector.Core.ResultSet.ReadResultSetHeaderAsync(IOBehavior ioBehavior) in /_/src/MySqlConnector/Core/ResultSet.cs:line 37
   at MySqlConnector.MySqlDataReader.ActivateResultSet(CancellationToken cancellationToken) in /_/src/MySqlConnector/MySqlDataReader.cs:line 131
   at MySqlConnector.MySqlDataReader.InitAsync(CommandListPosition commandListPosition, ICommandPayloadCreator payloadCreator, IDictionary`2 cachedProcedures, IMySqlCommand command, CommandBehavior behavior, Activity activity, IOBehavior ioBehavior, CancellationToken cancellationToken) in /_/src/MySqlConnector/MySqlDataReader.cs:line 487
   at MySqlConnector.Core.CommandExecutor.ExecuteReaderAsync(CommandListPosition commandListPosition, ICommandPayloadCreator payloadCreator, CommandBehavior behavior, Activity activity, IOBehavior ioBehavior, CancellationToken cancellationToken) in /_/src/MySqlConnector/Core/CommandExecutor.cs:line 56
   at MySqlConnector.MySqlCommand.ExecuteReaderAsync(CommandBehavior behavior, IOBehavior ioBehavior, CancellationToken cancellationToken) in /_/src/MySqlConnector/MySqlCommand.cs:line 357
   at MySqlConnector.MySqlCommand.ExecuteDbDataReaderAsync(CommandBehavior behavior, CancellationToken cancellationToken) in /_/src/MySqlConnector/MySqlCommand.cs:line 350
   at Microsoft.EntityFrameworkCore.Storage.RelationalCommand.ExecuteReaderAsync(RelationalCommandParameterObject parameterObject, CancellationToken cancellationToken)
   at Microsoft.EntityFrameworkCore.Storage.RelationalCommand.ExecuteReaderAsync(RelationalCommandParameterObject parameterObject, CancellationToken cancellationToken)
   at Microsoft.EntityFrameworkCore.Query.Internal.SingleQueryingEnumerable`1.AsyncEnumerator.InitializeReaderAsync(AsyncEnumerator enumerator, CancellationToken cancellationToken)
   at Microsoft.EntityFrameworkCore.Storage.ExecutionStrategy.<>c__DisplayClass30_0`2.<<ExecuteAsync>b__0>d.MoveNext()
--- End of stack trace from previous location ---
   at Microsoft.EntityFrameworkCore.Storage.ExecutionStrategy.ExecuteImplementationAsync[TState,TResult](Func`4 operation, Func`4 verifySucceeded, TState state, CancellationToken cancellationToken)
   at Microsoft.EntityFrameworkCore.Storage.ExecutionStrategy.ExecuteImplementationAsync[TState,TResult](Func`4 operation, Func`4 verifySucceeded, TState state, CancellationToken cancellationToken)
   at Microsoft.EntityFrameworkCore.Storage.ExecutionStrategy.ExecuteAsync[TState,TResult](TState state, Func`4 operation, Func`4 verifySucceeded, CancellationToken cancellationToken)
   at Microsoft.EntityFrameworkCore.Query.Internal.SingleQueryingEnumerable`1.AsyncEnumerator.MoveNextAsync()
2026-03-04 11:55:59.125 +06:00 [ERR] HTTP GET /api/profile responded 500 in 1752.3785 ms
MySqlConnector.MySqlException (0x80004005): Unknown column 'u.CoverPhotoUrl' in 'field list'
   at MySqlConnector.Core.ServerSession.ReceiveReplyAsync(IOBehavior ioBehavior, CancellationToken cancellationToken) in /_/src/MySqlConnector/Core/ServerSession.cs:line 1081
   at MySqlConnector.Core.ResultSet.ReadResultSetHeaderAsync(IOBehavior ioBehavior) in /_/src/MySqlConnector/Core/ResultSet.cs:line 37
   at MySqlConnector.MySqlDataReader.ActivateResultSet(CancellationToken cancellationToken) in /_/src/MySqlConnector/MySqlDataReader.cs:line 131
   at MySqlConnector.MySqlDataReader.InitAsync(CommandListPosition commandListPosition, ICommandPayloadCreator payloadCreator, IDictionary`2 cachedProcedures, IMySqlCommand command, CommandBehavior behavior, Activity activity, IOBehavior ioBehavior, CancellationToken cancellationToken) in /_/src/MySqlConnector/MySqlDataReader.cs:line 487
   at MySqlConnector.Core.CommandExecutor.ExecuteReaderAsync(CommandListPosition commandListPosition, ICommandPayloadCreator payloadCreator, CommandBehavior behavior, Activity activity, IOBehavior ioBehavior, CancellationToken cancellationToken) in /_/src/MySqlConnector/Core/CommandExecutor.cs:line 56
   at MySqlConnector.MySqlCommand.ExecuteReaderAsync(CommandBehavior behavior, IOBehavior ioBehavior, CancellationToken cancellationToken) in /_/src/MySqlConnector/MySqlCommand.cs:line 357
   at MySqlConnector.MySqlCommand.ExecuteDbDataReaderAsync(CommandBehavior behavior, CancellationToken cancellationToken) in /_/src/MySqlConnector/MySqlCommand.cs:line 350
   at Microsoft.EntityFrameworkCore.Storage.RelationalCommand.ExecuteReaderAsync(RelationalCommandParameterObject parameterObject, CancellationToken cancellationToken)
   at Microsoft.EntityFrameworkCore.Storage.RelationalCommand.ExecuteReaderAsync(RelationalCommandParameterObject parameterObject, CancellationToken cancellationToken)
   at Microsoft.EntityFrameworkCore.Query.Internal.SingleQueryingEnumerable`1.AsyncEnumerator.InitializeReaderAsync(AsyncEnumerator enumerator, CancellationToken cancellationToken)
   at Microsoft.EntityFrameworkCore.Storage.ExecutionStrategy.<>c__DisplayClass30_0`2.<<ExecuteAsync>b__0>d.MoveNext()
--- End of stack trace from previous location ---
   at Microsoft.EntityFrameworkCore.Storage.ExecutionStrategy.ExecuteImplementationAsync[TState,TResult](Func`4 operation, Func`4 verifySucceeded, TState state, CancellationToken cancellationToken)
   at Microsoft.EntityFrameworkCore.Storage.ExecutionStrategy.ExecuteImplementationAsync[TState,TResult](Func`4 operation, Func`4 verifySucceeded, TState state, CancellationToken cancellationToken)
   at Microsoft.EntityFrameworkCore.Storage.ExecutionStrategy.ExecuteAsync[TState,TResult](TState state, Func`4 operation, Func`4 verifySucceeded, CancellationToken cancellationToken)
   at Microsoft.EntityFrameworkCore.Query.Internal.SingleQueryingEnumerable`1.AsyncEnumerator.MoveNextAsync()
   at Microsoft.EntityFrameworkCore.Query.ShapedQueryCompilingExpressionVisitor.SingleOrDefaultAsync[TSource](IAsyncEnumerable`1 asyncEnumerable, CancellationToken cancellationToken)
   at Microsoft.EntityFrameworkCore.Query.ShapedQueryCompilingExpressionVisitor.SingleOrDefaultAsync[TSource](IAsyncEnumerable`1 asyncEnumerable, CancellationToken cancellationToken)
   at EduNexis.Infrastructure.Persistence.Repositories.UserProfileRepository.GetByUserIdAsync(Guid userId, CancellationToken ct) in D:\Coding\Projects\edunexis-api\src\EduNexis.Infrastructure\Persistence\Repositories\UserProfileRepository.cs:line 8
   at EduNexis.Application.Features.Profile.Queries.GetProfileQueryHandler.Handle(GetProfileQuery query, CancellationToken ct) in D:\Coding\Projects\edunexis-api\src\EduNexis.Application\Features\Profile\Queries\GetProfileQuery.cs:line 14
   at EduNexis.API.Controllers.ProfileController.Get(CancellationToken ct) in D:\Coding\Projects\edunexis-api\src\EduNexis.API\Controllers\ProfileController.cs:line 13
   at Microsoft.AspNetCore.Mvc.Infrastructure.ActionMethodExecutor.TaskOfIActionResultExecutor.Execute(ActionContext actionContext, IActionResultTypeMapper mapper, ObjectMethodExecutor executor, Object controller, Object[] arguments)
   at Microsoft.AspNetCore.Mvc.Infrastructure.ControllerActionInvoker.<InvokeActionMethodAsync>g__Awaited|12_0(ControllerActionInvoker invoker, ValueTask`1 actionResultValueTask)
   at Microsoft.AspNetCore.Mvc.Infrastructure.ControllerActionInvoker.<InvokeNextActionFilterAsync>g__Awaited|10_0(ControllerActionInvoker invoker, Task lastTask, State next, Scope scope, Object state, Boolean isCompleted)
   at Microsoft.AspNetCore.Mvc.Infrastructure.ControllerActionInvoker.Rethrow(ActionExecutedContextSealed context)
   at Microsoft.AspNetCore.Mvc.Infrastructure.ControllerActionInvoker.Next(State& next, Scope& scope, Object& state, Boolean& isCompleted)
   at Microsoft.AspNetCore.Mvc.Infrastructure.ControllerActionInvoker.<InvokeInnerFilterAsync>g__Awaited|13_0(ControllerActionInvoker invoker, Task lastTask, State next, Scope scope, Object state, Boolean isCompleted)
   at Microsoft.AspNetCore.Mvc.Infrastructure.ResourceInvoker.<InvokeFilterPipelineAsync>g__Awaited|20_0(ResourceInvoker invoker, Task lastTask, State next, Scope scope, Object state, Boolean isCompleted)
   at Microsoft.AspNetCore.Mvc.Infrastructure.ResourceInvoker.<InvokeAsync>g__Awaited|17_0(ResourceInvoker invoker, Task task, IDisposable scope)
   at Microsoft.AspNetCore.Mvc.Infrastructure.ResourceInvoker.<InvokeAsync>g__Awaited|17_0(ResourceInvoker invoker, Task task, IDisposable scope)
   at Microsoft.AspNetCore.Authorization.AuthorizationMiddleware.Invoke(HttpContext context)
   at Microsoft.AspNetCore.Authentication.AuthenticationMiddleware.Invoke(HttpContext context)
   at Serilog.AspNetCore.RequestLoggingMiddleware.Invoke(HttpContext httpContext)
2026-03-04 11:55:59.135 +06:00 [ERR] HTTP GET /api/profile/e87aab8a-c88e-4010-b7ae-48b629499788 responded 500 in 1762.5055 ms
MySqlConnector.MySqlException (0x80004005): Unknown column 'u0.CoverPhotoUrl' in 'field list'
   at MySqlConnector.Core.ServerSession.ReceiveReplyAsync(IOBehavior ioBehavior, CancellationToken cancellationToken) in /_/src/MySqlConnector/Core/ServerSession.cs:line 1081
   at MySqlConnector.Core.ResultSet.ReadResultSetHeaderAsync(IOBehavior ioBehavior) in /_/src/MySqlConnector/Core/ResultSet.cs:line 37
   at MySqlConnector.MySqlDataReader.ActivateResultSet(CancellationToken cancellationToken) in /_/src/MySqlConnector/MySqlDataReader.cs:line 131
   at MySqlConnector.MySqlDataReader.InitAsync(CommandListPosition commandListPosition, ICommandPayloadCreator payloadCreator, IDictionary`2 cachedProcedures, IMySqlCommand command, CommandBehavior behavior, Activity activity, IOBehavior ioBehavior, CancellationToken cancellationToken) in /_/src/MySqlConnector/MySqlDataReader.cs:line 487
   at MySqlConnector.Core.CommandExecutor.ExecuteReaderAsync(CommandListPosition commandListPosition, ICommandPayloadCreator payloadCreator, CommandBehavior behavior, Activity activity, IOBehavior ioBehavior, CancellationToken cancellationToken) in /_/src/MySqlConnector/Core/CommandExecutor.cs:line 56
   at MySqlConnector.MySqlCommand.ExecuteReaderAsync(CommandBehavior behavior, IOBehavior ioBehavior, CancellationToken cancellationToken) in /_/src/MySqlConnector/MySqlCommand.cs:line 357
   at MySqlConnector.MySqlCommand.ExecuteDbDataReaderAsync(CommandBehavior behavior, CancellationToken cancellationToken) in /_/src/MySqlConnector/MySqlCommand.cs:line 350
   at Microsoft.EntityFrameworkCore.Storage.RelationalCommand.ExecuteReaderAsync(RelationalCommandParameterObject parameterObject, CancellationToken cancellationToken)
   at Microsoft.EntityFrameworkCore.Storage.RelationalCommand.ExecuteReaderAsync(RelationalCommandParameterObject parameterObject, CancellationToken cancellationToken)
   at Microsoft.EntityFrameworkCore.Query.Internal.SingleQueryingEnumerable`1.AsyncEnumerator.InitializeReaderAsync(AsyncEnumerator enumerator, CancellationToken cancellationToken)
   at Microsoft.EntityFrameworkCore.Storage.ExecutionStrategy.<>c__DisplayClass30_0`2.<<ExecuteAsync>b__0>d.MoveNext()
--- End of stack trace from previous location ---
   at Microsoft.EntityFrameworkCore.Storage.ExecutionStrategy.ExecuteImplementationAsync[TState,TResult](Func`4 operation, Func`4 verifySucceeded, TState state, CancellationToken cancellationToken)
   at Microsoft.EntityFrameworkCore.Storage.ExecutionStrategy.ExecuteImplementationAsync[TState,TResult](Func`4 operation, Func`4 verifySucceeded, TState state, CancellationToken cancellationToken)
   at Microsoft.EntityFrameworkCore.Storage.ExecutionStrategy.ExecuteAsync[TState,TResult](TState state, Func`4 operation, Func`4 verifySucceeded, CancellationToken cancellationToken)
   at Microsoft.EntityFrameworkCore.Query.Internal.SingleQueryingEnumerable`1.AsyncEnumerator.MoveNextAsync()
   at Microsoft.EntityFrameworkCore.Query.ShapedQueryCompilingExpressionVisitor.SingleOrDefaultAsync[TSource](IAsyncEnumerable`1 asyncEnumerable, CancellationToken cancellationToken)
   at Microsoft.EntityFrameworkCore.Query.ShapedQueryCompilingExpressionVisitor.SingleOrDefaultAsync[TSource](IAsyncEnumerable`1 asyncEnumerable, CancellationToken cancellationToken)
   at EduNexis.Infrastructure.Persistence.Repositories.UserRepository.GetWithProfileAsync(Guid userId, CancellationToken ct) in D:\Coding\Projects\edunexis-api\src\EduNexis.Infrastructure\Persistence\Repositories\UserRepository.cs:line 26
   at EduNexis.Application.Features.Profile.Queries.GetPublicProfileQueryHandler.Handle(GetPublicProfileQuery query, CancellationToken ct) in D:\Coding\Projects\edunexis-api\src\EduNexis.Application\Features\Profile\Queries\GetPublicProfileQuery.cs:line 16
   at EduNexis.API.Controllers.ProfileController.GetPublic(Guid userId, CancellationToken ct) in D:\Coding\Projects\edunexis-api\src\EduNexis.API\Controllers\ProfileController.cs:line 17
   at Microsoft.AspNetCore.Mvc.Infrastructure.ActionMethodExecutor.TaskOfIActionResultExecutor.Execute(ActionContext actionContext, IActionResultTypeMapper mapper, ObjectMethodExecutor executor, Object controller, Object[] arguments)
   at Microsoft.AspNetCore.Mvc.Infrastructure.ControllerActionInvoker.<InvokeActionMethodAsync>g__Awaited|12_0(ControllerActionInvoker invoker, ValueTask`1 actionResultValueTask)
   at Microsoft.AspNetCore.Mvc.Infrastructure.ControllerActionInvoker.<InvokeNextActionFilterAsync>g__Awaited|10_0(ControllerActionInvoker invoker, Task lastTask, State next, Scope scope, Object state, Boolean isCompleted)
   at Microsoft.AspNetCore.Mvc.Infrastructure.ControllerActionInvoker.Rethrow(ActionExecutedContextSealed context)
   at Microsoft.AspNetCore.Mvc.Infrastructure.ControllerActionInvoker.Next(State& next, Scope& scope, Object& state, Boolean& isCompleted)
   at Microsoft.AspNetCore.Mvc.Infrastructure.ControllerActionInvoker.<InvokeInnerFilterAsync>g__Awaited|13_0(ControllerActionInvoker invoker, Task lastTask, State next, Scope scope, Object state, Boolean isCompleted)
   at Microsoft.AspNetCore.Mvc.Infrastructure.ResourceInvoker.<InvokeFilterPipelineAsync>g__Awaited|20_0(ResourceInvoker invoker, Task lastTask, State next, Scope scope, Object state, Boolean isCompleted)
   at Microsoft.AspNetCore.Mvc.Infrastructure.ResourceInvoker.<InvokeAsync>g__Awaited|17_0(ResourceInvoker invoker, Task task, IDisposable scope)
   at Microsoft.AspNetCore.Mvc.Infrastructure.ResourceInvoker.<InvokeAsync>g__Awaited|17_0(ResourceInvoker invoker, Task task, IDisposable scope)
   at Microsoft.AspNetCore.Authorization.AuthorizationMiddleware.Invoke(HttpContext context)
   at Microsoft.AspNetCore.Authentication.AuthenticationMiddleware.Invoke(HttpContext context)
   at Serilog.AspNetCore.RequestLoggingMiddleware.Invoke(HttpContext httpContext)
2026-03-04 11:55:59.146 +06:00 [INF] HTTP GET /api/Notifications responded 200 in 1773.4626 ms
2026-03-04 11:55:59.160 +06:00 [ERR] Unhandled exception: Unknown column 'u.CoverPhotoUrl' in 'field list'
MySqlConnector.MySqlException (0x80004005): Unknown column 'u.CoverPhotoUrl' in 'field list'
   at MySqlConnector.Core.ServerSession.ReceiveReplyAsync(IOBehavior ioBehavior, CancellationToken cancellationToken) in /_/src/MySqlConnector/Core/ServerSession.cs:line 1081
   at MySqlConnector.Core.ResultSet.ReadResultSetHeaderAsync(IOBehavior ioBehavior) in /_/src/MySqlConnector/Core/ResultSet.cs:line 37
   at MySqlConnector.MySqlDataReader.ActivateResultSet(CancellationToken cancellationToken) in /_/src/MySqlConnector/MySqlDataReader.cs:line 131
   at MySqlConnector.MySqlDataReader.InitAsync(CommandListPosition commandListPosition, ICommandPayloadCreator payloadCreator, IDictionary`2 cachedProcedures, IMySqlCommand command, CommandBehavior behavior, Activity activity, IOBehavior ioBehavior, CancellationToken cancellationToken) in /_/src/MySqlConnector/MySqlDataReader.cs:line 487
   at MySqlConnector.Core.CommandExecutor.ExecuteReaderAsync(CommandListPosition commandListPosition, ICommandPayloadCreator payloadCreator, CommandBehavior behavior, Activity activity, IOBehavior ioBehavior, CancellationToken cancellationToken) in /_/src/MySqlConnector/Core/CommandExecutor.cs:line 56
   at MySqlConnector.MySqlCommand.ExecuteReaderAsync(CommandBehavior behavior, IOBehavior ioBehavior, CancellationToken cancellationToken) in /_/src/MySqlConnector/MySqlCommand.cs:line 357
   at MySqlConnector.MySqlCommand.ExecuteDbDataReaderAsync(CommandBehavior behavior, CancellationToken cancellationToken) in /_/src/MySqlConnector/MySqlCommand.cs:line 350
   at Microsoft.EntityFrameworkCore.Storage.RelationalCommand.ExecuteReaderAsync(RelationalCommandParameterObject parameterObject, CancellationToken cancellationToken)
   at Microsoft.EntityFrameworkCore.Storage.RelationalCommand.ExecuteReaderAsync(RelationalCommandParameterObject parameterObject, CancellationToken cancellationToken)
   at Microsoft.EntityFrameworkCore.Query.Internal.SingleQueryingEnumerable`1.AsyncEnumerator.InitializeReaderAsync(AsyncEnumerator enumerator, CancellationToken cancellationToken)
   at Microsoft.EntityFrameworkCore.Storage.ExecutionStrategy.<>c__DisplayClass30_0`2.<<ExecuteAsync>b__0>d.MoveNext()
--- End of stack trace from previous location ---
   at Microsoft.EntityFrameworkCore.Storage.ExecutionStrategy.ExecuteImplementationAsync[TState,TResult](Func`4 operation, Func`4 verifySucceeded, TState state, CancellationToken cancellationToken)
   at Microsoft.EntityFrameworkCore.Storage.ExecutionStrategy.ExecuteImplementationAsync[TState,TResult](Func`4 operation, Func`4 verifySucceeded, TState state, CancellationToken cancellationToken)
   at Microsoft.EntityFrameworkCore.Storage.ExecutionStrategy.ExecuteAsync[TState,TResult](TState state, Func`4 operation, Func`4 verifySucceeded, CancellationToken cancellationToken)
   at Microsoft.EntityFrameworkCore.Query.Internal.SingleQueryingEnumerable`1.AsyncEnumerator.MoveNextAsync()
   at Microsoft.EntityFrameworkCore.Query.ShapedQueryCompilingExpressionVisitor.SingleOrDefaultAsync[TSource](IAsyncEnumerable`1 asyncEnumerable, CancellationToken cancellationToken)
   at Microsoft.EntityFrameworkCore.Query.ShapedQueryCompilingExpressionVisitor.SingleOrDefaultAsync[TSource](IAsyncEnumerable`1 asyncEnumerable, CancellationToken cancellationToken)
   at EduNexis.Infrastructure.Persistence.Repositories.UserProfileRepository.GetByUserIdAsync(Guid userId, CancellationToken ct) in D:\Coding\Projects\edunexis-api\src\EduNexis.Infrastructure\Persistence\Repositories\UserProfileRepository.cs:line 8
   at EduNexis.Application.Features.Profile.Queries.GetProfileQueryHandler.Handle(GetProfileQuery query, CancellationToken ct) in D:\Coding\Projects\edunexis-api\src\EduNexis.Application\Features\Profile\Queries\GetProfileQuery.cs:line 14
   at EduNexis.API.Controllers.ProfileController.Get(CancellationToken ct) in D:\Coding\Projects\edunexis-api\src\EduNexis.API\Controllers\ProfileController.cs:line 13
   at Microsoft.AspNetCore.Mvc.Infrastructure.ActionMethodExecutor.TaskOfIActionResultExecutor.Execute(ActionContext actionContext, IActionResultTypeMapper mapper, ObjectMethodExecutor executor, Object controller, Object[] arguments)
   at Microsoft.AspNetCore.Mvc.Infrastructure.ControllerActionInvoker.<InvokeActionMethodAsync>g__Awaited|12_0(ControllerActionInvoker invoker, ValueTask`1 actionResultValueTask)
   at Microsoft.AspNetCore.Mvc.Infrastructure.ControllerActionInvoker.<InvokeNextActionFilterAsync>g__Awaited|10_0(ControllerActionInvoker invoker, Task lastTask, State next, Scope scope, Object state, Boolean isCompleted)
   at Microsoft.AspNetCore.Mvc.Infrastructure.ControllerActionInvoker.Rethrow(ActionExecutedContextSealed context)
   at Microsoft.AspNetCore.Mvc.Infrastructure.ControllerActionInvoker.Next(State& next, Scope& scope, Object& state, Boolean& isCompleted)
   at Microsoft.AspNetCore.Mvc.Infrastructure.ControllerActionInvoker.<InvokeInnerFilterAsync>g__Awaited|13_0(ControllerActionInvoker invoker, Task lastTask, State next, Scope scope, Object state, Boolean isCompleted)
   at Microsoft.AspNetCore.Mvc.Infrastructure.ResourceInvoker.<InvokeFilterPipelineAsync>g__Awaited|20_0(ResourceInvoker invoker, Task lastTask, State next, Scope scope, Object state, Boolean isCompleted)
   at Microsoft.AspNetCore.Mvc.Infrastructure.ResourceInvoker.<InvokeAsync>g__Awaited|17_0(ResourceInvoker invoker, Task task, IDisposable scope)
   at Microsoft.AspNetCore.Mvc.Infrastructure.ResourceInvoker.<InvokeAsync>g__Awaited|17_0(ResourceInvoker invoker, Task task, IDisposable scope)
   at Microsoft.AspNetCore.Authorization.AuthorizationMiddleware.Invoke(HttpContext context)
   at Microsoft.AspNetCore.Authentication.AuthenticationMiddleware.Invoke(HttpContext context)
   at Serilog.AspNetCore.RequestLoggingMiddleware.Invoke(HttpContext httpContext)
   at Swashbuckle.AspNetCore.SwaggerUI.SwaggerUIMiddleware.Invoke(HttpContext httpContext)
   at Swashbuckle.AspNetCore.Swagger.SwaggerMiddleware.Invoke(HttpContext httpContext, ISwaggerProvider swaggerProvider)
   at EduNexis.API.Middleware.ExceptionMiddleware.InvokeAsync(HttpContext context) in D:\Coding\Projects\edunexis-api\src\EduNexis.API\Middleware\ExceptionMiddleware.cs:line 15
2026-03-04 11:55:59.238 +06:00 [ERR] Unhandled exception: Unknown column 'u0.CoverPhotoUrl' in 'field list'
MySqlConnector.MySqlException (0x80004005): Unknown column 'u0.CoverPhotoUrl' in 'field list'
   at MySqlConnector.Core.ServerSession.ReceiveReplyAsync(IOBehavior ioBehavior, CancellationToken cancellationToken) in /_/src/MySqlConnector/Core/ServerSession.cs:line 1081
   at MySqlConnector.Core.ResultSet.ReadResultSetHeaderAsync(IOBehavior ioBehavior) in /_/src/MySqlConnector/Core/ResultSet.cs:line 37
   at MySqlConnector.MySqlDataReader.ActivateResultSet(CancellationToken cancellationToken) in /_/src/MySqlConnector/MySqlDataReader.cs:line 131
   at MySqlConnector.MySqlDataReader.InitAsync(CommandListPosition commandListPosition, ICommandPayloadCreator payloadCreator, IDictionary`2 cachedProcedures, IMySqlCommand command, CommandBehavior behavior, Activity activity, IOBehavior ioBehavior, CancellationToken cancellationToken) in /_/src/MySqlConnector/MySqlDataReader.cs:line 487
   at MySqlConnector.Core.CommandExecutor.ExecuteReaderAsync(CommandListPosition commandListPosition, ICommandPayloadCreator payloadCreator, CommandBehavior behavior, Activity activity, IOBehavior ioBehavior, CancellationToken cancellationToken) in /_/src/MySqlConnector/Core/CommandExecutor.cs:line 56
   at MySqlConnector.MySqlCommand.ExecuteReaderAsync(CommandBehavior behavior, IOBehavior ioBehavior, CancellationToken cancellationToken) in /_/src/MySqlConnector/MySqlCommand.cs:line 357
   at MySqlConnector.MySqlCommand.ExecuteDbDataReaderAsync(CommandBehavior behavior, CancellationToken cancellationToken) in /_/src/MySqlConnector/MySqlCommand.cs:line 350
   at Microsoft.EntityFrameworkCore.Storage.RelationalCommand.ExecuteReaderAsync(RelationalCommandParameterObject parameterObject, CancellationToken cancellationToken)
   at Microsoft.EntityFrameworkCore.Storage.RelationalCommand.ExecuteReaderAsync(RelationalCommandParameterObject parameterObject, CancellationToken cancellationToken)
   at Microsoft.EntityFrameworkCore.Query.Internal.SingleQueryingEnumerable`1.AsyncEnumerator.InitializeReaderAsync(AsyncEnumerator enumerator, CancellationToken cancellationToken)
   at Microsoft.EntityFrameworkCore.Storage.ExecutionStrategy.<>c__DisplayClass30_0`2.<<ExecuteAsync>b__0>d.MoveNext()
--- End of stack trace from previous location ---
   at Microsoft.EntityFrameworkCore.Storage.ExecutionStrategy.ExecuteImplementationAsync[TState,TResult](Func`4 operation, Func`4 verifySucceeded, TState state, CancellationToken cancellationToken)
   at Microsoft.EntityFrameworkCore.Storage.ExecutionStrategy.ExecuteImplementationAsync[TState,TResult](Func`4 operation, Func`4 verifySucceeded, TState state, CancellationToken cancellationToken)
   at Microsoft.EntityFrameworkCore.Storage.ExecutionStrategy.ExecuteAsync[TState,TResult](TState state, Func`4 operation, Func`4 verifySucceeded, CancellationToken cancellationToken)
   at Microsoft.EntityFrameworkCore.Query.Internal.SingleQueryingEnumerable`1.AsyncEnumerator.MoveNextAsync()
   at Microsoft.EntityFrameworkCore.Query.ShapedQueryCompilingExpressionVisitor.SingleOrDefaultAsync[TSource](IAsyncEnumerable`1 asyncEnumerable, CancellationToken cancellationToken)
   at Microsoft.EntityFrameworkCore.Query.ShapedQueryCompilingExpressionVisitor.SingleOrDefaultAsync[TSource](IAsyncEnumerable`1 asyncEnumerable, CancellationToken cancellationToken)
   at EduNexis.Infrastructure.Persistence.Repositories.UserRepository.GetWithProfileAsync(Guid userId, CancellationToken ct) in D:\Coding\Projects\edunexis-api\src\EduNexis.Infrastructure\Persistence\Repositories\UserRepository.cs:line 26
   at EduNexis.Application.Features.Profile.Queries.GetPublicProfileQueryHandler.Handle(GetPublicProfileQuery query, CancellationToken ct) in D:\Coding\Projects\edunexis-api\src\EduNexis.Application\Features\Profile\Queries\GetPublicProfileQuery.cs:line 16
   at EduNexis.API.Controllers.ProfileController.GetPublic(Guid userId, CancellationToken ct) in D:\Coding\Projects\edunexis-api\src\EduNexis.API\Controllers\ProfileController.cs:line 17
   at Microsoft.AspNetCore.Mvc.Infrastructure.ActionMethodExecutor.TaskOfIActionResultExecutor.Execute(ActionContext actionContext, IActionResultTypeMapper mapper, ObjectMethodExecutor executor, Object controller, Object[] arguments)
   at Microsoft.AspNetCore.Mvc.Infrastructure.ControllerActionInvoker.<InvokeActionMethodAsync>g__Awaited|12_0(ControllerActionInvoker invoker, ValueTask`1 actionResultValueTask)
   at Microsoft.AspNetCore.Mvc.Infrastructure.ControllerActionInvoker.<InvokeNextActionFilterAsync>g__Awaited|10_0(ControllerActionInvoker invoker, Task lastTask, State next, Scope scope, Object state, Boolean isCompleted)
   at Microsoft.AspNetCore.Mvc.Infrastructure.ControllerActionInvoker.Rethrow(ActionExecutedContextSealed context)
   at Microsoft.AspNetCore.Mvc.Infrastructure.ControllerActionInvoker.Next(State& next, Scope& scope, Object& state, Boolean& isCompleted)
   at Microsoft.AspNetCore.Mvc.Infrastructure.ControllerActionInvoker.<InvokeInnerFilterAsync>g__Awaited|13_0(ControllerActionInvoker invoker, Task lastTask, State next, Scope scope, Object state, Boolean isCompleted)
   at Microsoft.AspNetCore.Mvc.Infrastructure.ResourceInvoker.<InvokeFilterPipelineAsync>g__Awaited|20_0(ResourceInvoker invoker, Task lastTask, State next, Scope scope, Object state, Boolean isCompleted)
   at Microsoft.AspNetCore.Mvc.Infrastructure.ResourceInvoker.<InvokeAsync>g__Awaited|17_0(ResourceInvoker invoker, Task task, IDisposable scope)
   at Microsoft.AspNetCore.Mvc.Infrastructure.ResourceInvoker.<InvokeAsync>g__Awaited|17_0(ResourceInvoker invoker, Task task, IDisposable scope)
   at Microsoft.AspNetCore.Authorization.AuthorizationMiddleware.Invoke(HttpContext context)
   at Microsoft.AspNetCore.Authentication.AuthenticationMiddleware.Invoke(HttpContext context)
   at Serilog.AspNetCore.RequestLoggingMiddleware.Invoke(HttpContext httpContext)
   at Swashbuckle.AspNetCore.SwaggerUI.SwaggerUIMiddleware.Invoke(HttpContext httpContext)
   at Swashbuckle.AspNetCore.Swagger.SwaggerMiddleware.Invoke(HttpContext httpContext, ISwaggerProvider swaggerProvider)
   at EduNexis.API.Middleware.ExceptionMiddleware.InvokeAsync(HttpContext context) in D:\Coding\Projects\edunexis-api\src\EduNexis.API\Middleware\ExceptionMiddleware.cs:line 15
2026-03-04 11:56:00.423 +06:00 [ERR] Failed executing DbCommand (5ms) [Parameters=[@__userId_0='?' (DbType = Guid)], CommandType='"Text"', CommandTimeout='30']
SELECT `u`.`Id`, `u`.`Bio`, `u`.`CoverPhotoUrl`, `u`.`CreatedAt`, `u`.`DeletedAt`, `u`.`Department`, `u`.`Designation`, `u`.`FacebookUrl`, `u`.`FullName`, `u`.`GitHubUrl`, `u`.`IsDeleted`, `u`.`LinkedInUrl`, `u`.`PhoneNumber`, `u`.`ProfileCompletionPercent`, `u`.`ProfilePhotoUrl`, `u`.`StudentId`, `u`.`TwitterUrl`, `u`.`UpdatedAt`, `u`.`UserId`, `u`.`WebsiteUrl`
FROM `UserProfiles` AS `u`
WHERE `u`.`UserId` = @__userId_0
LIMIT 1
2026-03-04 11:56:00.423 +06:00 [ERR] Failed executing DbCommand (5ms) [Parameters=[@__userId_0='?' (DbType = Guid)], CommandType='"Text"', CommandTimeout='30']
SELECT `u`.`Id`, `u`.`CreatedAt`, `u`.`DeletedAt`, `u`.`Email`, `u`.`IsActive`, `u`.`IsDeleted`, `u`.`IsProfileComplete`, `u`.`PasswordHash`, `u`.`RefreshToken`, `u`.`RefreshTokenExpiry`, `u`.`Role`, `u`.`UpdatedAt`, `u0`.`Id`, `u0`.`Bio`, `u0`.`CoverPhotoUrl`, `u0`.`CreatedAt`, `u0`.`DeletedAt`, `u0`.`Department`, `u0`.`Designation`, `u0`.`FacebookUrl`, `u0`.`FullName`, `u0`.`GitHubUrl`, `u0`.`IsDeleted`, `u0`.`LinkedInUrl`, `u0`.`PhoneNumber`, `u0`.`ProfileCompletionPercent`, `u0`.`ProfilePhotoUrl`, `u0`.`StudentId`, `u0`.`TwitterUrl`, `u0`.`UpdatedAt`, `u0`.`UserId`, `u0`.`WebsiteUrl`
FROM `Users` AS `u`
LEFT JOIN `UserProfiles` AS `u0` ON `u`.`Id` = `u0`.`UserId`
WHERE `u`.`Id` = @__userId_0
LIMIT 1
2026-03-04 11:56:00.431 +06:00 [ERR] An exception occurred while iterating over the results of a query for context type 'EduNexis.Infrastructure.Persistence.AppDbContext'.
MySqlConnector.MySqlException (0x80004005): Unknown column 'u.CoverPhotoUrl' in 'field list'
   at MySqlConnector.Core.ServerSession.ReceiveReplyAsync(IOBehavior ioBehavior, CancellationToken cancellationToken) in /_/src/MySqlConnector/Core/ServerSession.cs:line 1081
   at MySqlConnector.Core.ResultSet.ReadResultSetHeaderAsync(IOBehavior ioBehavior) in /_/src/MySqlConnector/Core/ResultSet.cs:line 37
   at MySqlConnector.MySqlDataReader.ActivateResultSet(CancellationToken cancellationToken) in /_/src/MySqlConnector/MySqlDataReader.cs:line 131
   at MySqlConnector.MySqlDataReader.InitAsync(CommandListPosition commandListPosition, ICommandPayloadCreator payloadCreator, IDictionary`2 cachedProcedures, IMySqlCommand command, CommandBehavior behavior, Activity activity, IOBehavior ioBehavior, CancellationToken cancellationToken) in /_/src/MySqlConnector/MySqlDataReader.cs:line 487
   at MySqlConnector.Core.CommandExecutor.ExecuteReaderAsync(CommandListPosition commandListPosition, ICommandPayloadCreator payloadCreator, CommandBehavior behavior, Activity activity, IOBehavior ioBehavior, CancellationToken cancellationToken) in /_/src/MySqlConnector/Core/CommandExecutor.cs:line 56
   at MySqlConnector.MySqlCommand.ExecuteReaderAsync(CommandBehavior behavior, IOBehavior ioBehavior, CancellationToken cancellationToken) in /_/src/MySqlConnector/MySqlCommand.cs:line 357
   at MySqlConnector.MySqlCommand.ExecuteDbDataReaderAsync(CommandBehavior behavior, CancellationToken cancellationToken) in /_/src/MySqlConnector/MySqlCommand.cs:line 350
   at Microsoft.EntityFrameworkCore.Storage.RelationalCommand.ExecuteReaderAsync(RelationalCommandParameterObject parameterObject, CancellationToken cancellationToken)
   at Microsoft.EntityFrameworkCore.Storage.RelationalCommand.ExecuteReaderAsync(RelationalCommandParameterObject parameterObject, CancellationToken cancellationToken)
   at Microsoft.EntityFrameworkCore.Query.Internal.SingleQueryingEnumerable`1.AsyncEnumerator.InitializeReaderAsync(AsyncEnumerator enumerator, CancellationToken cancellationToken)
   at Microsoft.EntityFrameworkCore.Storage.ExecutionStrategy.<>c__DisplayClass30_0`2.<<ExecuteAsync>b__0>d.MoveNext()
--- End of stack trace from previous location ---
   at Microsoft.EntityFrameworkCore.Storage.ExecutionStrategy.ExecuteImplementationAsync[TState,TResult](Func`4 operation, Func`4 verifySucceeded, TState state, CancellationToken cancellationToken)
   at Microsoft.EntityFrameworkCore.Storage.ExecutionStrategy.ExecuteImplementationAsync[TState,TResult](Func`4 operation, Func`4 verifySucceeded, TState state, CancellationToken cancellationToken)
   at Microsoft.EntityFrameworkCore.Storage.ExecutionStrategy.ExecuteAsync[TState,TResult](TState state, Func`4 operation, Func`4 verifySucceeded, CancellationToken cancellationToken)
   at Microsoft.EntityFrameworkCore.Query.Internal.SingleQueryingEnumerable`1.AsyncEnumerator.MoveNextAsync()
MySqlConnector.MySqlException (0x80004005): Unknown column 'u.CoverPhotoUrl' in 'field list'
   at MySqlConnector.Core.ServerSession.ReceiveReplyAsync(IOBehavior ioBehavior, CancellationToken cancellationToken) in /_/src/MySqlConnector/Core/ServerSession.cs:line 1081
   at MySqlConnector.Core.ResultSet.ReadResultSetHeaderAsync(IOBehavior ioBehavior) in /_/src/MySqlConnector/Core/ResultSet.cs:line 37
   at MySqlConnector.MySqlDataReader.ActivateResultSet(CancellationToken cancellationToken) in /_/src/MySqlConnector/MySqlDataReader.cs:line 131
   at MySqlConnector.MySqlDataReader.InitAsync(CommandListPosition commandListPosition, ICommandPayloadCreator payloadCreator, IDictionary`2 cachedProcedures, IMySqlCommand command, CommandBehavior behavior, Activity activity, IOBehavior ioBehavior, CancellationToken cancellationToken) in /_/src/MySqlConnector/MySqlDataReader.cs:line 487
   at MySqlConnector.Core.CommandExecutor.ExecuteReaderAsync(CommandListPosition commandListPosition, ICommandPayloadCreator payloadCreator, CommandBehavior behavior, Activity activity, IOBehavior ioBehavior, CancellationToken cancellationToken) in /_/src/MySqlConnector/Core/CommandExecutor.cs:line 56
   at MySqlConnector.MySqlCommand.ExecuteReaderAsync(CommandBehavior behavior, IOBehavior ioBehavior, CancellationToken cancellationToken) in /_/src/MySqlConnector/MySqlCommand.cs:line 357
   at MySqlConnector.MySqlCommand.ExecuteDbDataReaderAsync(CommandBehavior behavior, CancellationToken cancellationToken) in /_/src/MySqlConnector/MySqlCommand.cs:line 350
   at Microsoft.EntityFrameworkCore.Storage.RelationalCommand.ExecuteReaderAsync(RelationalCommandParameterObject parameterObject, CancellationToken cancellationToken)
   at Microsoft.EntityFrameworkCore.Storage.RelationalCommand.ExecuteReaderAsync(RelationalCommandParameterObject parameterObject, CancellationToken cancellationToken)
   at Microsoft.EntityFrameworkCore.Query.Internal.SingleQueryingEnumerable`1.AsyncEnumerator.InitializeReaderAsync(AsyncEnumerator enumerator, CancellationToken cancellationToken)
   at Microsoft.EntityFrameworkCore.Storage.ExecutionStrategy.<>c__DisplayClass30_0`2.<<ExecuteAsync>b__0>d.MoveNext()
--- End of stack trace from previous location ---
   at Microsoft.EntityFrameworkCore.Storage.ExecutionStrategy.ExecuteImplementationAsync[TState,TResult](Func`4 operation, Func`4 verifySucceeded, TState state, CancellationToken cancellationToken)
   at Microsoft.EntityFrameworkCore.Storage.ExecutionStrategy.ExecuteImplementationAsync[TState,TResult](Func`4 operation, Func`4 verifySucceeded, TState state, CancellationToken cancellationToken)
   at Microsoft.EntityFrameworkCore.Storage.ExecutionStrategy.ExecuteAsync[TState,TResult](TState state, Func`4 operation, Func`4 verifySucceeded, CancellationToken cancellationToken)
   at Microsoft.EntityFrameworkCore.Query.Internal.SingleQueryingEnumerable`1.AsyncEnumerator.MoveNextAsync()
2026-03-04 11:56:00.434 +06:00 [ERR] An exception occurred while iterating over the results of a query for context type 'EduNexis.Infrastructure.Persistence.AppDbContext'.
MySqlConnector.MySqlException (0x80004005): Unknown column 'u0.CoverPhotoUrl' in 'field list'
   at MySqlConnector.Core.ServerSession.ReceiveReplyAsync(IOBehavior ioBehavior, CancellationToken cancellationToken) in /_/src/MySqlConnector/Core/ServerSession.cs:line 1081
   at MySqlConnector.Core.ResultSet.ReadResultSetHeaderAsync(IOBehavior ioBehavior) in /_/src/MySqlConnector/Core/ResultSet.cs:line 37
   at MySqlConnector.MySqlDataReader.ActivateResultSet(CancellationToken cancellationToken) in /_/src/MySqlConnector/MySqlDataReader.cs:line 131
   at MySqlConnector.MySqlDataReader.InitAsync(CommandListPosition commandListPosition, ICommandPayloadCreator payloadCreator, IDictionary`2 cachedProcedures, IMySqlCommand command, CommandBehavior behavior, Activity activity, IOBehavior ioBehavior, CancellationToken cancellationToken) in /_/src/MySqlConnector/MySqlDataReader.cs:line 487
   at MySqlConnector.Core.CommandExecutor.ExecuteReaderAsync(CommandListPosition commandListPosition, ICommandPayloadCreator payloadCreator, CommandBehavior behavior, Activity activity, IOBehavior ioBehavior, CancellationToken cancellationToken) in /_/src/MySqlConnector/Core/CommandExecutor.cs:line 56
   at MySqlConnector.MySqlCommand.ExecuteReaderAsync(CommandBehavior behavior, IOBehavior ioBehavior, CancellationToken cancellationToken) in /_/src/MySqlConnector/MySqlCommand.cs:line 357
   at MySqlConnector.MySqlCommand.ExecuteDbDataReaderAsync(CommandBehavior behavior, CancellationToken cancellationToken) in /_/src/MySqlConnector/MySqlCommand.cs:line 350
   at Microsoft.EntityFrameworkCore.Storage.RelationalCommand.ExecuteReaderAsync(RelationalCommandParameterObject parameterObject, CancellationToken cancellationToken)
   at Microsoft.EntityFrameworkCore.Storage.RelationalCommand.ExecuteReaderAsync(RelationalCommandParameterObject parameterObject, CancellationToken cancellationToken)
   at Microsoft.EntityFrameworkCore.Query.Internal.SingleQueryingEnumerable`1.AsyncEnumerator.InitializeReaderAsync(AsyncEnumerator enumerator, CancellationToken cancellationToken)
   at Microsoft.EntityFrameworkCore.Storage.ExecutionStrategy.<>c__DisplayClass30_0`2.<<ExecuteAsync>b__0>d.MoveNext()
--- End of stack trace from previous location ---
   at Microsoft.EntityFrameworkCore.Storage.ExecutionStrategy.ExecuteImplementationAsync[TState,TResult](Func`4 operation, Func`4 verifySucceeded, TState state, CancellationToken cancellationToken)
   at Microsoft.EntityFrameworkCore.Storage.ExecutionStrategy.ExecuteImplementationAsync[TState,TResult](Func`4 operation, Func`4 verifySucceeded, TState state, CancellationToken cancellationToken)
   at Microsoft.EntityFrameworkCore.Storage.ExecutionStrategy.ExecuteAsync[TState,TResult](TState state, Func`4 operation, Func`4 verifySucceeded, CancellationToken cancellationToken)
   at Microsoft.EntityFrameworkCore.Query.Internal.SingleQueryingEnumerable`1.AsyncEnumerator.MoveNextAsync()
MySqlConnector.MySqlException (0x80004005): Unknown column 'u0.CoverPhotoUrl' in 'field list'
   at MySqlConnector.Core.ServerSession.ReceiveReplyAsync(IOBehavior ioBehavior, CancellationToken cancellationToken) in /_/src/MySqlConnector/Core/ServerSession.cs:line 1081
   at MySqlConnector.Core.ResultSet.ReadResultSetHeaderAsync(IOBehavior ioBehavior) in /_/src/MySqlConnector/Core/ResultSet.cs:line 37
   at MySqlConnector.MySqlDataReader.ActivateResultSet(CancellationToken cancellationToken) in /_/src/MySqlConnector/MySqlDataReader.cs:line 131
   at MySqlConnector.MySqlDataReader.InitAsync(CommandListPosition commandListPosition, ICommandPayloadCreator payloadCreator, IDictionary`2 cachedProcedures, IMySqlCommand command, CommandBehavior behavior, Activity activity, IOBehavior ioBehavior, CancellationToken cancellationToken) in /_/src/MySqlConnector/MySqlDataReader.cs:line 487
   at MySqlConnector.Core.CommandExecutor.ExecuteReaderAsync(CommandListPosition commandListPosition, ICommandPayloadCreator payloadCreator, CommandBehavior behavior, Activity activity, IOBehavior ioBehavior, CancellationToken cancellationToken) in /_/src/MySqlConnector/Core/CommandExecutor.cs:line 56
   at MySqlConnector.MySqlCommand.ExecuteReaderAsync(CommandBehavior behavior, IOBehavior ioBehavior, CancellationToken cancellationToken) in /_/src/MySqlConnector/MySqlCommand.cs:line 357
   at MySqlConnector.MySqlCommand.ExecuteDbDataReaderAsync(CommandBehavior behavior, CancellationToken cancellationToken) in /_/src/MySqlConnector/MySqlCommand.cs:line 350
   at Microsoft.EntityFrameworkCore.Storage.RelationalCommand.ExecuteReaderAsync(RelationalCommandParameterObject parameterObject, CancellationToken cancellationToken)
   at Microsoft.EntityFrameworkCore.Storage.RelationalCommand.ExecuteReaderAsync(RelationalCommandParameterObject parameterObject, CancellationToken cancellationToken)
   at Microsoft.EntityFrameworkCore.Query.Internal.SingleQueryingEnumerable`1.AsyncEnumerator.InitializeReaderAsync(AsyncEnumerator enumerator, CancellationToken cancellationToken)
   at Microsoft.EntityFrameworkCore.Storage.ExecutionStrategy.<>c__DisplayClass30_0`2.<<ExecuteAsync>b__0>d.MoveNext()
--- End of stack trace from previous location ---
   at Microsoft.EntityFrameworkCore.Storage.ExecutionStrategy.ExecuteImplementationAsync[TState,TResult](Func`4 operation, Func`4 verifySucceeded, TState state, CancellationToken cancellationToken)
   at Microsoft.EntityFrameworkCore.Storage.ExecutionStrategy.ExecuteImplementationAsync[TState,TResult](Func`4 operation, Func`4 verifySucceeded, TState state, CancellationToken cancellationToken)
   at Microsoft.EntityFrameworkCore.Storage.ExecutionStrategy.ExecuteAsync[TState,TResult](TState state, Func`4 operation, Func`4 verifySucceeded, CancellationToken cancellationToken)
   at Microsoft.EntityFrameworkCore.Query.Internal.SingleQueryingEnumerable`1.AsyncEnumerator.MoveNextAsync()
2026-03-04 11:56:00.449 +06:00 [ERR] HTTP GET /api/profile responded 500 in 165.0349 ms
MySqlConnector.MySqlException (0x80004005): Unknown column 'u.CoverPhotoUrl' in 'field list'
   at MySqlConnector.Core.ServerSession.ReceiveReplyAsync(IOBehavior ioBehavior, CancellationToken cancellationToken) in /_/src/MySqlConnector/Core/ServerSession.cs:line 1081
   at MySqlConnector.Core.ResultSet.ReadResultSetHeaderAsync(IOBehavior ioBehavior) in /_/src/MySqlConnector/Core/ResultSet.cs:line 37
   at MySqlConnector.MySqlDataReader.ActivateResultSet(CancellationToken cancellationToken) in /_/src/MySqlConnector/MySqlDataReader.cs:line 131
   at MySqlConnector.MySqlDataReader.InitAsync(CommandListPosition commandListPosition, ICommandPayloadCreator payloadCreator, IDictionary`2 cachedProcedures, IMySqlCommand command, CommandBehavior behavior, Activity activity, IOBehavior ioBehavior, CancellationToken cancellationToken) in /_/src/MySqlConnector/MySqlDataReader.cs:line 487
   at MySqlConnector.Core.CommandExecutor.ExecuteReaderAsync(CommandListPosition commandListPosition, ICommandPayloadCreator payloadCreator, CommandBehavior behavior, Activity activity, IOBehavior ioBehavior, CancellationToken cancellationToken) in /_/src/MySqlConnector/Core/CommandExecutor.cs:line 56
   at MySqlConnector.MySqlCommand.ExecuteReaderAsync(CommandBehavior behavior, IOBehavior ioBehavior, CancellationToken cancellationToken) in /_/src/MySqlConnector/MySqlCommand.cs:line 357
   at MySqlConnector.MySqlCommand.ExecuteDbDataReaderAsync(CommandBehavior behavior, CancellationToken cancellationToken) in /_/src/MySqlConnector/MySqlCommand.cs:line 350
   at Microsoft.EntityFrameworkCore.Storage.RelationalCommand.ExecuteReaderAsync(RelationalCommandParameterObject parameterObject, CancellationToken cancellationToken)
   at Microsoft.EntityFrameworkCore.Storage.RelationalCommand.ExecuteReaderAsync(RelationalCommandParameterObject parameterObject, CancellationToken cancellationToken)
   at Microsoft.EntityFrameworkCore.Query.Internal.SingleQueryingEnumerable`1.AsyncEnumerator.InitializeReaderAsync(AsyncEnumerator enumerator, CancellationToken cancellationToken)
   at Microsoft.EntityFrameworkCore.Storage.ExecutionStrategy.<>c__DisplayClass30_0`2.<<ExecuteAsync>b__0>d.MoveNext()
--- End of stack trace from previous location ---
   at Microsoft.EntityFrameworkCore.Storage.ExecutionStrategy.ExecuteImplementationAsync[TState,TResult](Func`4 operation, Func`4 verifySucceeded, TState state, CancellationToken cancellationToken)
   at Microsoft.EntityFrameworkCore.Storage.ExecutionStrategy.ExecuteImplementationAsync[TState,TResult](Func`4 operation, Func`4 verifySucceeded, TState state, CancellationToken cancellationToken)
   at Microsoft.EntityFrameworkCore.Storage.ExecutionStrategy.ExecuteAsync[TState,TResult](TState state, Func`4 operation, Func`4 verifySucceeded, CancellationToken cancellationToken)
   at Microsoft.EntityFrameworkCore.Query.Internal.SingleQueryingEnumerable`1.AsyncEnumerator.MoveNextAsync()
   at Microsoft.EntityFrameworkCore.Query.ShapedQueryCompilingExpressionVisitor.SingleOrDefaultAsync[TSource](IAsyncEnumerable`1 asyncEnumerable, CancellationToken cancellationToken)
   at Microsoft.EntityFrameworkCore.Query.ShapedQueryCompilingExpressionVisitor.SingleOrDefaultAsync[TSource](IAsyncEnumerable`1 asyncEnumerable, CancellationToken cancellationToken)
   at EduNexis.Infrastructure.Persistence.Repositories.UserProfileRepository.GetByUserIdAsync(Guid userId, CancellationToken ct) in D:\Coding\Projects\edunexis-api\src\EduNexis.Infrastructure\Persistence\Repositories\UserProfileRepository.cs:line 8
   at EduNexis.Application.Features.Profile.Queries.GetProfileQueryHandler.Handle(GetProfileQuery query, CancellationToken ct) in D:\Coding\Projects\edunexis-api\src\EduNexis.Application\Features\Profile\Queries\GetProfileQuery.cs:line 14
   at EduNexis.API.Controllers.ProfileController.Get(CancellationToken ct) in D:\Coding\Projects\edunexis-api\src\EduNexis.API\Controllers\ProfileController.cs:line 13
   at Microsoft.AspNetCore.Mvc.Infrastructure.ActionMethodExecutor.TaskOfIActionResultExecutor.Execute(ActionContext actionContext, IActionResultTypeMapper mapper, ObjectMethodExecutor executor, Object controller, Object[] arguments)
   at Microsoft.AspNetCore.Mvc.Infrastructure.ControllerActionInvoker.<InvokeActionMethodAsync>g__Awaited|12_0(ControllerActionInvoker invoker, ValueTask`1 actionResultValueTask)
   at Microsoft.AspNetCore.Mvc.Infrastructure.ControllerActionInvoker.<InvokeNextActionFilterAsync>g__Awaited|10_0(ControllerActionInvoker invoker, Task lastTask, State next, Scope scope, Object state, Boolean isCompleted)
   at Microsoft.AspNetCore.Mvc.Infrastructure.ControllerActionInvoker.Rethrow(ActionExecutedContextSealed context)
   at Microsoft.AspNetCore.Mvc.Infrastructure.ControllerActionInvoker.Next(State& next, Scope& scope, Object& state, Boolean& isCompleted)
   at Microsoft.AspNetCore.Mvc.Infrastructure.ControllerActionInvoker.<InvokeInnerFilterAsync>g__Awaited|13_0(ControllerActionInvoker invoker, Task lastTask, State next, Scope scope, Object state, Boolean isCompleted)
   at Microsoft.AspNetCore.Mvc.Infrastructure.ResourceInvoker.<InvokeFilterPipelineAsync>g__Awaited|20_0(ResourceInvoker invoker, Task lastTask, State next, Scope scope, Object state, Boolean isCompleted)
   at Microsoft.AspNetCore.Mvc.Infrastructure.ResourceInvoker.<InvokeAsync>g__Awaited|17_0(ResourceInvoker invoker, Task task, IDisposable scope)
   at Microsoft.AspNetCore.Mvc.Infrastructure.ResourceInvoker.<InvokeAsync>g__Awaited|17_0(ResourceInvoker invoker, Task task, IDisposable scope)
   at Microsoft.AspNetCore.Authorization.AuthorizationMiddleware.Invoke(HttpContext context)
   at Microsoft.AspNetCore.Authentication.AuthenticationMiddleware.Invoke(HttpContext context)
   at Serilog.AspNetCore.RequestLoggingMiddleware.Invoke(HttpContext httpContext)
2026-03-04 11:56:00.462 +06:00 [ERR] HTTP GET /api/profile/e87aab8a-c88e-4010-b7ae-48b629499788 responded 500 in 177.5343 ms
MySqlConnector.MySqlException (0x80004005): Unknown column 'u0.CoverPhotoUrl' in 'field list'
   at MySqlConnector.Core.ServerSession.ReceiveReplyAsync(IOBehavior ioBehavior, CancellationToken cancellationToken) in /_/src/MySqlConnector/Core/ServerSession.cs:line 1081
   at MySqlConnector.Core.ResultSet.ReadResultSetHeaderAsync(IOBehavior ioBehavior) in /_/src/MySqlConnector/Core/ResultSet.cs:line 37
   at MySqlConnector.MySqlDataReader.ActivateResultSet(CancellationToken cancellationToken) in /_/src/MySqlConnector/MySqlDataReader.cs:line 131
   at MySqlConnector.MySqlDataReader.InitAsync(CommandListPosition commandListPosition, ICommandPayloadCreator payloadCreator, IDictionary`2 cachedProcedures, IMySqlCommand command, CommandBehavior behavior, Activity activity, IOBehavior ioBehavior, CancellationToken cancellationToken) in /_/src/MySqlConnector/MySqlDataReader.cs:line 487
   at MySqlConnector.Core.CommandExecutor.ExecuteReaderAsync(CommandListPosition commandListPosition, ICommandPayloadCreator payloadCreator, CommandBehavior behavior, Activity activity, IOBehavior ioBehavior, CancellationToken cancellationToken) in /_/src/MySqlConnector/Core/CommandExecutor.cs:line 56
   at MySqlConnector.MySqlCommand.ExecuteReaderAsync(CommandBehavior behavior, IOBehavior ioBehavior, CancellationToken cancellationToken) in /_/src/MySqlConnector/MySqlCommand.cs:line 357
   at MySqlConnector.MySqlCommand.ExecuteDbDataReaderAsync(CommandBehavior behavior, CancellationToken cancellationToken) in /_/src/MySqlConnector/MySqlCommand.cs:line 350
   at Microsoft.EntityFrameworkCore.Storage.RelationalCommand.ExecuteReaderAsync(RelationalCommandParameterObject parameterObject, CancellationToken cancellationToken)
   at Microsoft.EntityFrameworkCore.Storage.RelationalCommand.ExecuteReaderAsync(RelationalCommandParameterObject parameterObject, CancellationToken cancellationToken)
   at Microsoft.EntityFrameworkCore.Query.Internal.SingleQueryingEnumerable`1.AsyncEnumerator.InitializeReaderAsync(AsyncEnumerator enumerator, CancellationToken cancellationToken)
   at Microsoft.EntityFrameworkCore.Storage.ExecutionStrategy.<>c__DisplayClass30_0`2.<<ExecuteAsync>b__0>d.MoveNext()
--- End of stack trace from previous location ---
   at Microsoft.EntityFrameworkCore.Storage.ExecutionStrategy.ExecuteImplementationAsync[TState,TResult](Func`4 operation, Func`4 verifySucceeded, TState state, CancellationToken cancellationToken)
   at Microsoft.EntityFrameworkCore.Storage.ExecutionStrategy.ExecuteImplementationAsync[TState,TResult](Func`4 operation, Func`4 verifySucceeded, TState state, CancellationToken cancellationToken)
   at Microsoft.EntityFrameworkCore.Storage.ExecutionStrategy.ExecuteAsync[TState,TResult](TState state, Func`4 operation, Func`4 verifySucceeded, CancellationToken cancellationToken)
   at Microsoft.EntityFrameworkCore.Query.Internal.SingleQueryingEnumerable`1.AsyncEnumerator.MoveNextAsync()
   at Microsoft.EntityFrameworkCore.Query.ShapedQueryCompilingExpressionVisitor.SingleOrDefaultAsync[TSource](IAsyncEnumerable`1 asyncEnumerable, CancellationToken cancellationToken)
   at Microsoft.EntityFrameworkCore.Query.ShapedQueryCompilingExpressionVisitor.SingleOrDefaultAsync[TSource](IAsyncEnumerable`1 asyncEnumerable, CancellationToken cancellationToken)
   at EduNexis.Infrastructure.Persistence.Repositories.UserRepository.GetWithProfileAsync(Guid userId, CancellationToken ct) in D:\Coding\Projects\edunexis-api\src\EduNexis.Infrastructure\Persistence\Repositories\UserRepository.cs:line 26
   at EduNexis.Application.Features.Profile.Queries.GetPublicProfileQueryHandler.Handle(GetPublicProfileQuery query, CancellationToken ct) in D:\Coding\Projects\edunexis-api\src\EduNexis.Application\Features\Profile\Queries\GetPublicProfileQuery.cs:line 16
   at EduNexis.API.Controllers.ProfileController.GetPublic(Guid userId, CancellationToken ct) in D:\Coding\Projects\edunexis-api\src\EduNexis.API\Controllers\ProfileController.cs:line 17
   at Microsoft.AspNetCore.Mvc.Infrastructure.ActionMethodExecutor.TaskOfIActionResultExecutor.Execute(ActionContext actionContext, IActionResultTypeMapper mapper, ObjectMethodExecutor executor, Object controller, Object[] arguments)
   at Microsoft.AspNetCore.Mvc.Infrastructure.ControllerActionInvoker.<InvokeActionMethodAsync>g__Awaited|12_0(ControllerActionInvoker invoker, ValueTask`1 actionResultValueTask)
   at Microsoft.AspNetCore.Mvc.Infrastructure.ControllerActionInvoker.<InvokeNextActionFilterAsync>g__Awaited|10_0(ControllerActionInvoker invoker, Task lastTask, State next, Scope scope, Object state, Boolean isCompleted)
   at Microsoft.AspNetCore.Mvc.Infrastructure.ControllerActionInvoker.Rethrow(ActionExecutedContextSealed context)
   at Microsoft.AspNetCore.Mvc.Infrastructure.ControllerActionInvoker.Next(State& next, Scope& scope, Object& state, Boolean& isCompleted)
   at Microsoft.AspNetCore.Mvc.Infrastructure.ControllerActionInvoker.<InvokeInnerFilterAsync>g__Awaited|13_0(ControllerActionInvoker invoker, Task lastTask, State next, Scope scope, Object state, Boolean isCompleted)
   at Microsoft.AspNetCore.Mvc.Infrastructure.ResourceInvoker.<InvokeFilterPipelineAsync>g__Awaited|20_0(ResourceInvoker invoker, Task lastTask, State next, Scope scope, Object state, Boolean isCompleted)
   at Microsoft.AspNetCore.Mvc.Infrastructure.ResourceInvoker.<InvokeAsync>g__Awaited|17_0(ResourceInvoker invoker, Task task, IDisposable scope)
   at Microsoft.AspNetCore.Mvc.Infrastructure.ResourceInvoker.<InvokeAsync>g__Awaited|17_0(ResourceInvoker invoker, Task task, IDisposable scope)
   at Microsoft.AspNetCore.Authorization.AuthorizationMiddleware.Invoke(HttpContext context)
   at Microsoft.AspNetCore.Authentication.AuthenticationMiddleware.Invoke(HttpContext context)
   at Serilog.AspNetCore.RequestLoggingMiddleware.Invoke(HttpContext httpContext)
2026-03-04 11:56:00.542 +06:00 [ERR] Unhandled exception: Unknown column 'u.CoverPhotoUrl' in 'field list'
MySqlConnector.MySqlException (0x80004005): Unknown column 'u.CoverPhotoUrl' in 'field list'
   at MySqlConnector.Core.ServerSession.ReceiveReplyAsync(IOBehavior ioBehavior, CancellationToken cancellationToken) in /_/src/MySqlConnector/Core/ServerSession.cs:line 1081
   at MySqlConnector.Core.ResultSet.ReadResultSetHeaderAsync(IOBehavior ioBehavior) in /_/src/MySqlConnector/Core/ResultSet.cs:line 37
   at MySqlConnector.MySqlDataReader.ActivateResultSet(CancellationToken cancellationToken) in /_/src/MySqlConnector/MySqlDataReader.cs:line 131
   at MySqlConnector.MySqlDataReader.InitAsync(CommandListPosition commandListPosition, ICommandPayloadCreator payloadCreator, IDictionary`2 cachedProcedures, IMySqlCommand command, CommandBehavior behavior, Activity activity, IOBehavior ioBehavior, CancellationToken cancellationToken) in /_/src/MySqlConnector/MySqlDataReader.cs:line 487
   at MySqlConnector.Core.CommandExecutor.ExecuteReaderAsync(CommandListPosition commandListPosition, ICommandPayloadCreator payloadCreator, CommandBehavior behavior, Activity activity, IOBehavior ioBehavior, CancellationToken cancellationToken) in /_/src/MySqlConnector/Core/CommandExecutor.cs:line 56
   at MySqlConnector.MySqlCommand.ExecuteReaderAsync(CommandBehavior behavior, IOBehavior ioBehavior, CancellationToken cancellationToken) in /_/src/MySqlConnector/MySqlCommand.cs:line 357
   at MySqlConnector.MySqlCommand.ExecuteDbDataReaderAsync(CommandBehavior behavior, CancellationToken cancellationToken) in /_/src/MySqlConnector/MySqlCommand.cs:line 350
   at Microsoft.EntityFrameworkCore.Storage.RelationalCommand.ExecuteReaderAsync(RelationalCommandParameterObject parameterObject, CancellationToken cancellationToken)
   at Microsoft.EntityFrameworkCore.Storage.RelationalCommand.ExecuteReaderAsync(RelationalCommandParameterObject parameterObject, CancellationToken cancellationToken)
   at Microsoft.EntityFrameworkCore.Query.Internal.SingleQueryingEnumerable`1.AsyncEnumerator.InitializeReaderAsync(AsyncEnumerator enumerator, CancellationToken cancellationToken)
   at Microsoft.EntityFrameworkCore.Storage.ExecutionStrategy.<>c__DisplayClass30_0`2.<<ExecuteAsync>b__0>d.MoveNext()
--- End of stack trace from previous location ---
   at Microsoft.EntityFrameworkCore.Storage.ExecutionStrategy.ExecuteImplementationAsync[TState,TResult](Func`4 operation, Func`4 verifySucceeded, TState state, CancellationToken cancellationToken)
   at Microsoft.EntityFrameworkCore.Storage.ExecutionStrategy.ExecuteImplementationAsync[TState,TResult](Func`4 operation, Func`4 verifySucceeded, TState state, CancellationToken cancellationToken)
   at Microsoft.EntityFrameworkCore.Storage.ExecutionStrategy.ExecuteAsync[TState,TResult](TState state, Func`4 operation, Func`4 verifySucceeded, CancellationToken cancellationToken)
   at Microsoft.EntityFrameworkCore.Query.Internal.SingleQueryingEnumerable`1.AsyncEnumerator.MoveNextAsync()
   at Microsoft.EntityFrameworkCore.Query.ShapedQueryCompilingExpressionVisitor.SingleOrDefaultAsync[TSource](IAsyncEnumerable`1 asyncEnumerable, CancellationToken cancellationToken)
   at Microsoft.EntityFrameworkCore.Query.ShapedQueryCompilingExpressionVisitor.SingleOrDefaultAsync[TSource](IAsyncEnumerable`1 asyncEnumerable, CancellationToken cancellationToken)
   at EduNexis.Infrastructure.Persistence.Repositories.UserProfileRepository.GetByUserIdAsync(Guid userId, CancellationToken ct) in D:\Coding\Projects\edunexis-api\src\EduNexis.Infrastructure\Persistence\Repositories\UserProfileRepository.cs:line 8
   at EduNexis.Application.Features.Profile.Queries.GetProfileQueryHandler.Handle(GetProfileQuery query, CancellationToken ct) in D:\Coding\Projects\edunexis-api\src\EduNexis.Application\Features\Profile\Queries\GetProfileQuery.cs:line 14
   at EduNexis.API.Controllers.ProfileController.Get(CancellationToken ct) in D:\Coding\Projects\edunexis-api\src\EduNexis.API\Controllers\ProfileController.cs:line 13
   at Microsoft.AspNetCore.Mvc.Infrastructure.ActionMethodExecutor.TaskOfIActionResultExecutor.Execute(ActionContext actionContext, IActionResultTypeMapper mapper, ObjectMethodExecutor executor, Object controller, Object[] arguments)
   at Microsoft.AspNetCore.Mvc.Infrastructure.ControllerActionInvoker.<InvokeActionMethodAsync>g__Awaited|12_0(ControllerActionInvoker invoker, ValueTask`1 actionResultValueTask)
   at Microsoft.AspNetCore.Mvc.Infrastructure.ControllerActionInvoker.<InvokeNextActionFilterAsync>g__Awaited|10_0(ControllerActionInvoker invoker, Task lastTask, State next, Scope scope, Object state, Boolean isCompleted)
   at Microsoft.AspNetCore.Mvc.Infrastructure.ControllerActionInvoker.Rethrow(ActionExecutedContextSealed context)
   at Microsoft.AspNetCore.Mvc.Infrastructure.ControllerActionInvoker.Next(State& next, Scope& scope, Object& state, Boolean& isCompleted)
   at Microsoft.AspNetCore.Mvc.Infrastructure.ControllerActionInvoker.<InvokeInnerFilterAsync>g__Awaited|13_0(ControllerActionInvoker invoker, Task lastTask, State next, Scope scope, Object state, Boolean isCompleted)
   at Microsoft.AspNetCore.Mvc.Infrastructure.ResourceInvoker.<InvokeFilterPipelineAsync>g__Awaited|20_0(ResourceInvoker invoker, Task lastTask, State next, Scope scope, Object state, Boolean isCompleted)
   at Microsoft.AspNetCore.Mvc.Infrastructure.ResourceInvoker.<InvokeAsync>g__Awaited|17_0(ResourceInvoker invoker, Task task, IDisposable scope)
   at Microsoft.AspNetCore.Mvc.Infrastructure.ResourceInvoker.<InvokeAsync>g__Awaited|17_0(ResourceInvoker invoker, Task task, IDisposable scope)
   at Microsoft.AspNetCore.Authorization.AuthorizationMiddleware.Invoke(HttpContext context)
   at Microsoft.AspNetCore.Authentication.AuthenticationMiddleware.Invoke(HttpContext context)
   at Serilog.AspNetCore.RequestLoggingMiddleware.Invoke(HttpContext httpContext)
   at Swashbuckle.AspNetCore.SwaggerUI.SwaggerUIMiddleware.Invoke(HttpContext httpContext)
   at Swashbuckle.AspNetCore.Swagger.SwaggerMiddleware.Invoke(HttpContext httpContext, ISwaggerProvider swaggerProvider)
   at EduNexis.API.Middleware.ExceptionMiddleware.InvokeAsync(HttpContext context) in D:\Coding\Projects\edunexis-api\src\EduNexis.API\Middleware\ExceptionMiddleware.cs:line 15
2026-03-04 11:56:00.566 +06:00 [ERR] Unhandled exception: Unknown column 'u0.CoverPhotoUrl' in 'field list'
MySqlConnector.MySqlException (0x80004005): Unknown column 'u0.CoverPhotoUrl' in 'field list'
   at MySqlConnector.Core.ServerSession.ReceiveReplyAsync(IOBehavior ioBehavior, CancellationToken cancellationToken) in /_/src/MySqlConnector/Core/ServerSession.cs:line 1081
   at MySqlConnector.Core.ResultSet.ReadResultSetHeaderAsync(IOBehavior ioBehavior) in /_/src/MySqlConnector/Core/ResultSet.cs:line 37
   at MySqlConnector.MySqlDataReader.ActivateResultSet(CancellationToken cancellationToken) in /_/src/MySqlConnector/MySqlDataReader.cs:line 131
   at MySqlConnector.MySqlDataReader.InitAsync(CommandListPosition commandListPosition, ICommandPayloadCreator payloadCreator, IDictionary`2 cachedProcedures, IMySqlCommand command, CommandBehavior behavior, Activity activity, IOBehavior ioBehavior, CancellationToken cancellationToken) in /_/src/MySqlConnector/MySqlDataReader.cs:line 487
   at MySqlConnector.Core.CommandExecutor.ExecuteReaderAsync(CommandListPosition commandListPosition, ICommandPayloadCreator payloadCreator, CommandBehavior behavior, Activity activity, IOBehavior ioBehavior, CancellationToken cancellationToken) in /_/src/MySqlConnector/Core/CommandExecutor.cs:line 56
   at MySqlConnector.MySqlCommand.ExecuteReaderAsync(CommandBehavior behavior, IOBehavior ioBehavior, CancellationToken cancellationToken) in /_/src/MySqlConnector/MySqlCommand.cs:line 357
   at MySqlConnector.MySqlCommand.ExecuteDbDataReaderAsync(CommandBehavior behavior, CancellationToken cancellationToken) in /_/src/MySqlConnector/MySqlCommand.cs:line 350
   at Microsoft.EntityFrameworkCore.Storage.RelationalCommand.ExecuteReaderAsync(RelationalCommandParameterObject parameterObject, CancellationToken cancellationToken)
   at Microsoft.EntityFrameworkCore.Storage.RelationalCommand.ExecuteReaderAsync(RelationalCommandParameterObject parameterObject, CancellationToken cancellationToken)
   at Microsoft.EntityFrameworkCore.Query.Internal.SingleQueryingEnumerable`1.AsyncEnumerator.InitializeReaderAsync(AsyncEnumerator enumerator, CancellationToken cancellationToken)
   at Microsoft.EntityFrameworkCore.Storage.ExecutionStrategy.<>c__DisplayClass30_0`2.<<ExecuteAsync>b__0>d.MoveNext()
--- End of stack trace from previous location ---
   at Microsoft.EntityFrameworkCore.Storage.ExecutionStrategy.ExecuteImplementationAsync[TState,TResult](Func`4 operation, Func`4 verifySucceeded, TState state, CancellationToken cancellationToken)
   at Microsoft.EntityFrameworkCore.Storage.ExecutionStrategy.ExecuteImplementationAsync[TState,TResult](Func`4 operation, Func`4 verifySucceeded, TState state, CancellationToken cancellationToken)
   at Microsoft.EntityFrameworkCore.Storage.ExecutionStrategy.ExecuteAsync[TState,TResult](TState state, Func`4 operation, Func`4 verifySucceeded, CancellationToken cancellationToken)
   at Microsoft.EntityFrameworkCore.Query.Internal.SingleQueryingEnumerable`1.AsyncEnumerator.MoveNextAsync()
   at Microsoft.EntityFrameworkCore.Query.ShapedQueryCompilingExpressionVisitor.SingleOrDefaultAsync[TSource](IAsyncEnumerable`1 asyncEnumerable, CancellationToken cancellationToken)
   at Microsoft.EntityFrameworkCore.Query.ShapedQueryCompilingExpressionVisitor.SingleOrDefaultAsync[TSource](IAsyncEnumerable`1 asyncEnumerable, CancellationToken cancellationToken)
   at EduNexis.Infrastructure.Persistence.Repositories.UserRepository.GetWithProfileAsync(Guid userId, CancellationToken ct) in D:\Coding\Projects\edunexis-api\src\EduNexis.Infrastructure\Persistence\Repositories\UserRepository.cs:line 26
   at EduNexis.Application.Features.Profile.Queries.GetPublicProfileQueryHandler.Handle(GetPublicProfileQuery query, CancellationToken ct) in D:\Coding\Projects\edunexis-api\src\EduNexis.Application\Features\Profile\Queries\GetPublicProfileQuery.cs:line 16
   at EduNexis.API.Controllers.ProfileController.GetPublic(Guid userId, CancellationToken ct) in D:\Coding\Projects\edunexis-api\src\EduNexis.API\Controllers\ProfileController.cs:line 17
   at Microsoft.AspNetCore.Mvc.Infrastructure.ActionMethodExecutor.TaskOfIActionResultExecutor.Execute(ActionContext actionContext, IActionResultTypeMapper mapper, ObjectMethodExecutor executor, Object controller, Object[] arguments)
   at Microsoft.AspNetCore.Mvc.Infrastructure.ControllerActionInvoker.<InvokeActionMethodAsync>g__Awaited|12_0(ControllerActionInvoker invoker, ValueTask`1 actionResultValueTask)
   at Microsoft.AspNetCore.Mvc.Infrastructure.ControllerActionInvoker.<InvokeNextActionFilterAsync>g__Awaited|10_0(ControllerActionInvoker invoker, Task lastTask, State next, Scope scope, Object state, Boolean isCompleted)
   at Microsoft.AspNetCore.Mvc.Infrastructure.ControllerActionInvoker.Rethrow(ActionExecutedContextSealed context)
   at Microsoft.AspNetCore.Mvc.Infrastructure.ControllerActionInvoker.Next(State& next, Scope& scope, Object& state, Boolean& isCompleted)
   at Microsoft.AspNetCore.Mvc.Infrastructure.ControllerActionInvoker.<InvokeInnerFilterAsync>g__Awaited|13_0(ControllerActionInvoker invoker, Task lastTask, State next, Scope scope, Object state, Boolean isCompleted)
   at Microsoft.AspNetCore.Mvc.Infrastructure.ResourceInvoker.<InvokeFilterPipelineAsync>g__Awaited|20_0(ResourceInvoker invoker, Task lastTask, State next, Scope scope, Object state, Boolean isCompleted)
   at Microsoft.AspNetCore.Mvc.Infrastructure.ResourceInvoker.<InvokeAsync>g__Awaited|17_0(ResourceInvoker invoker, Task task, IDisposable scope)
   at Microsoft.AspNetCore.Mvc.Infrastructure.ResourceInvoker.<InvokeAsync>g__Awaited|17_0(ResourceInvoker invoker, Task task, IDisposable scope)
   at Microsoft.AspNetCore.Authorization.AuthorizationMiddleware.Invoke(HttpContext context)
   at Microsoft.AspNetCore.Authentication.AuthenticationMiddleware.Invoke(HttpContext context)
   at Serilog.AspNetCore.RequestLoggingMiddleware.Invoke(HttpContext httpContext)
   at Swashbuckle.AspNetCore.SwaggerUI.SwaggerUIMiddleware.Invoke(HttpContext httpContext)
   at Swashbuckle.AspNetCore.Swagger.SwaggerMiddleware.Invoke(HttpContext httpContext, ISwaggerProvider swaggerProvider)
   at EduNexis.API.Middleware.ExceptionMiddleware.InvokeAsync(HttpContext context) in D:\Coding\Projects\edunexis-api\src\EduNexis.API\Middleware\ExceptionMiddleware.cs:line 15
2026-03-04 11:56:29.256 +06:00 [INF] HTTP OPTIONS /api/Notifications responded 204 in 0.2317 ms
2026-03-04 11:56:29.278 +06:00 [INF] HTTP GET /api/Notifications responded 200 in 11.3298 ms
2026-03-04 11:57:54.875 +06:00 [INF] HTTP OPTIONS /api/Notifications responded 204 in 3.0145 ms
2026-03-04 11:57:54.875 +06:00 [INF] HTTP OPTIONS /api/profile/e87aab8a-c88e-4010-b7ae-48b629499788 responded 204 in 3.0307 ms
2026-03-04 11:57:54.875 +06:00 [INF] HTTP OPTIONS /api/profile responded 204 in 3.0231 ms
2026-03-04 11:57:56.628 +06:00 [INF] HTTP GET /api/Notifications responded 200 in 1698.4677 ms
2026-03-04 11:57:56.697 +06:00 [INF] HTTP GET /api/profile responded 200 in 1767.2904 ms
2026-03-04 11:57:56.877 +06:00 [INF] HTTP GET /api/profile/e87aab8a-c88e-4010-b7ae-48b629499788 responded 200 in 1946.9869 ms
2026-03-04 11:58:55.694 +06:00 [INF] HTTP OPTIONS /api/profile/photo responded 204 in 0.1611 ms
2026-03-04 11:58:56.020 +06:00 [INF] HTTP DELETE /api/profile/photo responded 200 in 319.7899 ms
2026-03-04 11:58:56.031 +06:00 [INF] HTTP OPTIONS /api/profile responded 204 in 0.1054 ms
2026-03-04 11:58:56.031 +06:00 [INF] HTTP OPTIONS /api/profile/e87aab8a-c88e-4010-b7ae-48b629499788 responded 204 in 0.0586 ms
2026-03-04 11:58:56.041 +06:00 [INF] HTTP GET /api/profile responded 200 in 5.0326 ms
2026-03-04 11:58:56.053 +06:00 [INF] HTTP GET /api/profile/e87aab8a-c88e-4010-b7ae-48b629499788 responded 200 in 14.1215 ms
2026-03-04 11:58:56.645 +06:00 [INF] HTTP OPTIONS /api/Notifications responded 204 in 0.1073 ms
2026-03-04 11:58:56.660 +06:00 [INF] HTTP GET /api/Notifications responded 200 in 8.6563 ms
2026-03-04 11:59:03.441 +06:00 [INF] HTTP OPTIONS /api/profile/photo responded 204 in 0.1343 ms
2026-03-04 11:59:06.473 +06:00 [INF] HTTP POST /api/profile/photo responded 200 in 3023.6253 ms
2026-03-04 11:59:06.484 +06:00 [INF] HTTP OPTIONS /api/profile responded 204 in 0.1167 ms
2026-03-04 11:59:06.484 +06:00 [INF] HTTP OPTIONS /api/profile/e87aab8a-c88e-4010-b7ae-48b629499788 responded 204 in 0.1168 ms
2026-03-04 11:59:06.504 +06:00 [INF] HTTP GET /api/profile responded 200 in 12.9947 ms
2026-03-04 11:59:06.509 +06:00 [INF] HTTP GET /api/profile/e87aab8a-c88e-4010-b7ae-48b629499788 responded 200 in 14.6220 ms
2026-03-04 11:59:10.429 +06:00 [INF] HTTP OPTIONS /api/Notifications responded 204 in 0.2825 ms
2026-03-04 11:59:10.441 +06:00 [INF] HTTP GET /api/profile responded 200 in 10.4864 ms
2026-03-04 11:59:10.450 +06:00 [INF] HTTP GET /api/profile/e87aab8a-c88e-4010-b7ae-48b629499788 responded 200 in 19.5688 ms
2026-03-04 11:59:10.451 +06:00 [INF] HTTP GET /api/Notifications responded 200 in 9.4902 ms
2026-03-04 11:59:16.737 +06:00 [INF] HTTP OPTIONS /api/profile/photo responded 204 in 0.0986 ms
2026-03-04 11:59:16.757 +06:00 [INF] HTTP DELETE /api/profile/photo responded 200 in 14.0335 ms
2026-03-04 11:59:16.764 +06:00 [INF] HTTP OPTIONS /api/profile responded 204 in 0.0701 ms
2026-03-04 11:59:16.764 +06:00 [INF] HTTP OPTIONS /api/profile/e87aab8a-c88e-4010-b7ae-48b629499788 responded 204 in 0.0701 ms
2026-03-04 11:59:16.774 +06:00 [INF] HTTP GET /api/profile responded 200 in 3.8684 ms
2026-03-04 11:59:16.781 +06:00 [INF] HTTP GET /api/profile/e87aab8a-c88e-4010-b7ae-48b629499788 responded 200 in 8.4909 ms
2026-03-04 11:59:58.547 +06:00 [INF] HTTP OPTIONS /api/profile responded 204 in 0.3597 ms
2026-03-04 11:59:58.547 +06:00 [INF] HTTP OPTIONS /api/Notifications responded 204 in 0.3596 ms
2026-03-04 11:59:58.549 +06:00 [INF] HTTP OPTIONS /api/profile/e87aab8a-c88e-4010-b7ae-48b629499788 responded 204 in 0.0737 ms
2026-03-04 11:59:58.564 +06:00 [INF] HTTP GET /api/Notifications responded 200 in 4.6013 ms
2026-03-04 11:59:58.564 +06:00 [INF] HTTP GET /api/profile responded 200 in 11.0810 ms
2026-03-04 11:59:58.591 +06:00 [INF] HTTP GET /api/profile/e87aab8a-c88e-4010-b7ae-48b629499788 responded 200 in 27.5341 ms
2026-03-04 12:00:02.840 +06:00 [INF] HTTP OPTIONS /api/profile/photo responded 204 in 0.1580 ms
2026-03-04 12:00:05.517 +06:00 [INF] HTTP POST /api/profile/photo responded 200 in 2671.1874 ms
2026-03-04 12:00:05.527 +06:00 [INF] HTTP OPTIONS /api/profile/e87aab8a-c88e-4010-b7ae-48b629499788 responded 204 in 0.0829 ms
2026-03-04 12:00:05.527 +06:00 [INF] HTTP OPTIONS /api/profile responded 204 in 0.0828 ms
2026-03-04 12:00:05.536 +06:00 [INF] HTTP GET /api/profile responded 200 in 2.9457 ms
2026-03-04 12:00:05.542 +06:00 [INF] HTTP GET /api/profile/e87aab8a-c88e-4010-b7ae-48b629499788 responded 200 in 9.5775 ms
2026-03-04 12:02:04.071 +06:00 [INF] HTTP OPTIONS /api/Notifications responded 204 in 0.1410 ms
2026-03-04 12:02:04.082 +06:00 [INF] HTTP GET /api/Notifications responded 200 in 6.5171 ms
2026-03-04 12:02:08.912 +06:00 [INF] HTTP OPTIONS /api/profile responded 204 in 0.0446 ms
2026-03-04 12:02:08.915 +06:00 [INF] HTTP OPTIONS /api/profile/e87aab8a-c88e-4010-b7ae-48b629499788 responded 204 in 0.0538 ms
2026-03-04 12:02:08.918 +06:00 [INF] HTTP GET /api/Notifications responded 200 in 6.1898 ms
2026-03-04 12:02:08.927 +06:00 [INF] HTTP GET /api/profile responded 200 in 4.9096 ms
2026-03-04 12:02:09.000 +06:00 [INF] HTTP GET /api/profile/e87aab8a-c88e-4010-b7ae-48b629499788 responded 200 in 74.9177 ms
2026-03-04 12:02:22.680 +06:00 [INF] HTTP OPTIONS /api/profile/photo responded 204 in 0.0796 ms
2026-03-04 12:02:22.696 +06:00 [INF] HTTP DELETE /api/profile/photo responded 200 in 11.9320 ms
2026-03-04 12:02:22.705 +06:00 [INF] HTTP OPTIONS /api/profile/e87aab8a-c88e-4010-b7ae-48b629499788 responded 204 in 0.0505 ms
2026-03-04 12:02:22.705 +06:00 [INF] HTTP OPTIONS /api/profile responded 204 in 0.0505 ms
2026-03-04 12:02:22.715 +06:00 [INF] HTTP GET /api/profile responded 200 in 4.5184 ms
2026-03-04 12:02:22.717 +06:00 [INF] HTTP GET /api/profile/e87aab8a-c88e-4010-b7ae-48b629499788 responded 200 in 8.2818 ms
2026-03-04 12:02:37.967 +06:00 [INF] HTTP OPTIONS /api/Courses responded 204 in 0.0548 ms
2026-03-04 12:02:37.967 +06:00 [INF] HTTP OPTIONS /api/Notifications responded 204 in 0.0174 ms
2026-03-04 12:02:37.968 +06:00 [INF] HTTP OPTIONS /api/Courses responded 204 in 0.0134 ms
2026-03-04 12:02:37.978 +06:00 [INF] HTTP GET /api/Notifications responded 200 in 3.3560 ms
2026-03-04 12:02:38.188 +06:00 [INF] HTTP GET /api/Courses responded 200 in 214.9955 ms
2026-03-04 12:02:38.321 +06:00 [INF] HTTP GET /api/Courses responded 200 in 342.6580 ms
2026-03-04 12:03:17.599 +06:00 [INF] HTTP OPTIONS /api/profile responded 204 in 2.7851 ms
2026-03-04 12:03:18.129 +06:00 [INF] HTTP PUT /api/profile responded 200 in 519.5969 ms
2026-03-04 12:03:18.186 +06:00 [INF] HTTP OPTIONS /api/profile/e87aab8a-c88e-4010-b7ae-48b629499788 responded 204 in 0.0468 ms
2026-03-04 12:03:18.189 +06:00 [INF] HTTP GET /api/profile responded 200 in 3.4749 ms
2026-03-04 12:03:18.213 +06:00 [INF] HTTP GET /api/profile/e87aab8a-c88e-4010-b7ae-48b629499788 responded 200 in 20.9880 ms
2026-03-04 12:03:38.958 +06:00 [INF] HTTP OPTIONS /api/Notifications responded 204 in 0.1667 ms
2026-03-04 12:03:38.984 +06:00 [INF] HTTP GET /api/Notifications responded 200 in 5.4054 ms
2026-03-04 12:03:44.340 +06:00 [INF] HTTP OPTIONS /api/profile responded 204 in 0.0737 ms
2026-03-04 12:03:44.383 +06:00 [INF] HTTP PUT /api/profile responded 200 in 33.5572 ms
2026-03-04 12:03:44.422 +06:00 [INF] HTTP OPTIONS /api/profile/e87aab8a-c88e-4010-b7ae-48b629499788 responded 204 in 0.0719 ms
2026-03-04 12:03:44.442 +06:00 [INF] HTTP GET /api/profile responded 200 in 18.9435 ms
2026-03-04 12:03:44.491 +06:00 [INF] HTTP GET /api/profile/e87aab8a-c88e-4010-b7ae-48b629499788 responded 200 in 39.3217 ms
2026-03-04 12:03:50.032 +06:00 [INF] HTTP OPTIONS /api/Notifications responded 204 in 0.0427 ms
2026-03-04 12:03:50.032 +06:00 [INF] HTTP OPTIONS /api/profile responded 204 in 0.1397 ms
2026-03-04 12:03:50.038 +06:00 [INF] HTTP OPTIONS /api/profile/e87aab8a-c88e-4010-b7ae-48b629499788 responded 204 in 0.0411 ms
2026-03-04 12:03:50.046 +06:00 [INF] HTTP GET /api/Notifications responded 200 in 6.3670 ms
2026-03-04 12:03:50.046 +06:00 [INF] HTTP GET /api/profile responded 200 in 4.0468 ms
2026-03-04 12:03:50.075 +06:00 [INF] HTTP GET /api/profile/e87aab8a-c88e-4010-b7ae-48b629499788 responded 200 in 30.7597 ms
2026-03-04 12:06:50.077 +06:00 [INF] HTTP OPTIONS /api/Notifications responded 204 in 0.0347 ms
2026-03-04 12:06:50.092 +06:00 [INF] HTTP GET /api/Notifications responded 200 in 6.9193 ms
2026-03-04 12:07:50.112 +06:00 [INF] HTTP OPTIONS /api/Notifications responded 204 in 0.0505 ms
2026-03-04 12:07:50.124 +06:00 [INF] HTTP GET /api/Notifications responded 200 in 5.0111 ms
2026-03-04 12:07:55.644 +06:00 [INF] HTTP OPTIONS /api/profile/photo responded 204 in 0.0428 ms
2026-03-04 12:07:57.719 +06:00 [INF] HTTP POST /api/profile/photo responded 200 in 2051.3183 ms
2026-03-04 12:07:57.725 +06:00 [INF] HTTP OPTIONS /api/profile responded 204 in 0.0340 ms
2026-03-04 12:07:57.726 +06:00 [INF] HTTP OPTIONS /api/profile/e87aab8a-c88e-4010-b7ae-48b629499788 responded 204 in 0.0208 ms
2026-03-04 12:07:57.733 +06:00 [INF] HTTP GET /api/profile responded 200 in 3.2959 ms
2026-03-04 12:07:57.749 +06:00 [INF] HTTP GET /api/profile/e87aab8a-c88e-4010-b7ae-48b629499788 responded 200 in 16.7290 ms
2026-03-04 12:09:27.479 +06:00 [INF] HTTP OPTIONS /api/profile/cover responded 204 in 0.0570 ms
2026-03-04 12:09:29.556 +06:00 [INF] HTTP POST /api/profile/cover responded 200 in 2070.5411 ms
2026-03-04 12:09:29.564 +06:00 [INF] HTTP OPTIONS /api/profile responded 204 in 0.0277 ms
2026-03-04 12:09:29.565 +06:00 [INF] HTTP OPTIONS /api/profile/e87aab8a-c88e-4010-b7ae-48b629499788 responded 204 in 0.0178 ms
2026-03-04 12:09:29.580 +06:00 [INF] HTTP GET /api/profile responded 200 in 7.7014 ms
2026-03-04 12:09:29.592 +06:00 [INF] HTTP GET /api/profile/e87aab8a-c88e-4010-b7ae-48b629499788 responded 200 in 16.4469 ms
2026-03-04 12:11:21.287 +06:00 [INF] HTTP OPTIONS /api/profile/e87aab8a-c88e-4010-b7ae-48b629499788 responded 204 in 3.2574 ms
2026-03-04 12:11:21.287 +06:00 [INF] HTTP OPTIONS /api/profile responded 204 in 3.2489 ms
2026-03-04 12:11:21.287 +06:00 [INF] HTTP OPTIONS /api/Notifications responded 204 in 3.2695 ms
2026-03-04 12:11:23.813 +06:00 [INF] HTTP GET /api/Notifications responded 200 in 2435.5296 ms
2026-03-04 12:11:23.853 +06:00 [INF] HTTP GET /api/profile responded 200 in 2475.2468 ms
2026-03-04 12:11:24.003 +06:00 [INF] HTTP GET /api/profile/e87aab8a-c88e-4010-b7ae-48b629499788 responded 200 in 2625.0186 ms
2026-03-04 12:11:33.245 +06:00 [INF] HTTP OPTIONS /api/profile responded 204 in 0.2305 ms
2026-03-04 12:11:33.929 +06:00 [INF] HTTP PUT /api/profile responded 200 in 669.5012 ms
2026-03-04 12:11:33.963 +06:00 [INF] HTTP OPTIONS /api/profile/e87aab8a-c88e-4010-b7ae-48b629499788 responded 204 in 0.0515 ms
2026-03-04 12:11:33.976 +06:00 [INF] HTTP GET /api/profile responded 200 in 13.7900 ms
2026-03-04 12:11:33.995 +06:00 [INF] HTTP GET /api/profile/e87aab8a-c88e-4010-b7ae-48b629499788 responded 200 in 19.5880 ms
2026-03-04 12:11:53.830 +06:00 [INF] HTTP OPTIONS /api/Notifications responded 204 in 0.2425 ms
2026-03-04 12:11:53.847 +06:00 [INF] HTTP GET /api/Notifications responded 200 in 8.3513 ms
2026-03-04 12:11:57.318 +06:00 [INF] HTTP OPTIONS /api/profile/photo responded 204 in 0.1524 ms
2026-03-04 12:11:59.919 +06:00 [INF] HTTP POST /api/profile/photo responded 200 in 2592.4439 ms
2026-03-04 12:11:59.929 +06:00 [INF] HTTP OPTIONS /api/profile responded 204 in 0.1118 ms
2026-03-04 12:11:59.930 +06:00 [INF] HTTP OPTIONS /api/profile/e87aab8a-c88e-4010-b7ae-48b629499788 responded 204 in 0.1144 ms
2026-03-04 12:11:59.946 +06:00 [INF] HTTP GET /api/profile responded 200 in 8.8694 ms
2026-03-04 12:11:59.948 +06:00 [INF] HTTP GET /api/profile/e87aab8a-c88e-4010-b7ae-48b629499788 responded 200 in 9.9906 ms
2026-03-04 12:12:08.961 +06:00 [INF] HTTP OPTIONS /api/Notifications responded 204 in 0.1807 ms
2026-03-04 12:12:08.961 +06:00 [INF] HTTP OPTIONS /api/profile responded 204 in 0.3829 ms
2026-03-04 12:12:08.962 +06:00 [INF] HTTP OPTIONS /api/profile/e87aab8a-c88e-4010-b7ae-48b629499788 responded 204 in 0.0643 ms
2026-03-04 12:12:08.974 +06:00 [INF] HTTP GET /api/Notifications responded 200 in 7.2432 ms
2026-03-04 12:12:09.005 +06:00 [INF] HTTP GET /api/profile responded 200 in 15.1196 ms
2026-03-04 12:12:09.060 +06:00 [INF] HTTP GET /api/profile/e87aab8a-c88e-4010-b7ae-48b629499788 responded 200 in 51.6581 ms
2026-03-04 12:12:14.040 +06:00 [INF] HTTP OPTIONS /api/Notifications responded 204 in 0.1185 ms
2026-03-04 12:12:14.040 +06:00 [INF] HTTP OPTIONS /api/profile responded 204 in 0.1442 ms
2026-03-04 12:12:14.040 +06:00 [INF] HTTP OPTIONS /api/profile/e87aab8a-c88e-4010-b7ae-48b629499788 responded 204 in 0.1031 ms
2026-03-04 12:12:14.050 +06:00 [INF] HTTP GET /api/Notifications responded 200 in 5.5944 ms
2026-03-04 12:12:14.050 +06:00 [INF] HTTP GET /api/profile responded 200 in 4.2652 ms
2026-03-04 12:12:14.059 +06:00 [INF] HTTP GET /api/profile/e87aab8a-c88e-4010-b7ae-48b629499788 responded 200 in 10.5750 ms
2026-03-04 12:12:17.878 +06:00 [INF] HTTP OPTIONS /api/Courses responded 204 in 0.2016 ms
2026-03-04 12:12:17.878 +06:00 [INF] HTTP OPTIONS /api/Courses responded 204 in 0.2018 ms
2026-03-04 12:12:18.140 +06:00 [INF] HTTP GET /api/Courses responded 200 in 253.5841 ms
2026-03-04 12:12:18.340 +06:00 [INF] HTTP GET /api/Courses responded 200 in 456.0921 ms
2026-03-04 12:12:20.492 +06:00 [INF] HTTP OPTIONS /api/Notifications responded 204 in 0.5805 ms
2026-03-04 12:12:20.514 +06:00 [INF] HTTP GET /api/Notifications responded 200 in 12.7306 ms
2026-03-04 12:12:20.534 +06:00 [INF] HTTP GET /api/Courses responded 200 in 42.1490 ms
2026-03-04 12:12:20.551 +06:00 [INF] HTTP GET /api/Courses responded 200 in 59.6409 ms
2026-03-04 12:12:25.238 +06:00 [INF] HTTP OPTIONS /api/profile/e87aab8a-c88e-4010-b7ae-48b629499788 responded 204 in 0.0448 ms
2026-03-04 12:12:25.238 +06:00 [INF] HTTP OPTIONS /api/profile responded 204 in 0.0992 ms
2026-03-04 12:12:25.252 +06:00 [INF] HTTP GET /api/profile responded 200 in 5.1715 ms
2026-03-04 12:12:25.259 +06:00 [INF] HTTP GET /api/profile/e87aab8a-c88e-4010-b7ae-48b629499788 responded 200 in 14.4206 ms
2026-03-04 12:12:50.625 +06:00 [INF] HTTP OPTIONS /api/Notifications responded 204 in 0.2147 ms
2026-03-04 12:12:50.638 +06:00 [INF] HTTP GET /api/Notifications responded 200 in 4.3247 ms
2026-03-04 12:13:07.297 +06:00 [INF] HTTP OPTIONS /api/profile responded 204 in 0.0393 ms
2026-03-04 12:13:07.373 +06:00 [INF] HTTP PUT /api/profile responded 200 in 58.1187 ms
2026-03-04 12:13:07.418 +06:00 [INF] HTTP OPTIONS /api/profile/e87aab8a-c88e-4010-b7ae-48b629499788 responded 204 in 0.0646 ms
2026-03-04 12:13:07.432 +06:00 [INF] HTTP GET /api/profile responded 200 in 14.3243 ms
2026-03-04 12:13:07.443 +06:00 [INF] HTTP GET /api/profile/e87aab8a-c88e-4010-b7ae-48b629499788 responded 200 in 10.0283 ms
2026-03-04 12:13:20.649 +06:00 [INF] HTTP OPTIONS /api/Notifications responded 204 in 0.1419 ms
2026-03-04 12:13:20.663 +06:00 [INF] HTTP GET /api/Notifications responded 200 in 4.3474 ms
2026-03-04 12:14:20.692 +06:00 [INF] HTTP OPTIONS /api/Notifications responded 204 in 0.1647 ms
2026-03-04 12:14:20.707 +06:00 [INF] HTTP GET /api/Notifications responded 200 in 6.0769 ms
2026-03-04 12:15:20.731 +06:00 [INF] HTTP OPTIONS /api/Notifications responded 204 in 0.1299 ms
2026-03-04 12:15:20.749 +06:00 [INF] HTTP GET /api/Notifications responded 200 in 7.5970 ms
2026-03-04 12:17:48.448 +06:00 [INF] HTTP OPTIONS /api/profile responded 204 in 0.0347 ms
2026-03-04 12:17:48.448 +06:00 [INF] HTTP OPTIONS /api/Notifications responded 204 in 0.0888 ms
2026-03-04 12:17:48.450 +06:00 [INF] HTTP OPTIONS /api/profile/e87aab8a-c88e-4010-b7ae-48b629499788 responded 204 in 0.0673 ms
2026-03-04 12:17:48.504 +06:00 [INF] HTTP GET /api/Notifications responded 401 in 18.2743 ms
2026-03-04 12:17:48.514 +06:00 [INF] HTTP GET /api/profile/e87aab8a-c88e-4010-b7ae-48b629499788 responded 401 in 22.3180 ms
2026-03-04 12:17:48.520 +06:00 [INF] HTTP GET /api/profile responded 401 in 35.8037 ms
2026-03-04 12:17:48.549 +06:00 [INF] HTTP OPTIONS /api/auth/refresh responded 204 in 0.0747 ms
2026-03-04 12:17:48.964 +06:00 [INF] HTTP POST /api/auth/refresh responded 200 in 195.4551 ms
2026-03-04 12:17:49.014 +06:00 [INF] HTTP GET /api/profile responded 200 in 3.5389 ms
2026-03-04 12:17:49.018 +06:00 [INF] HTTP GET /api/Notifications responded 200 in 7.8264 ms
2026-03-04 12:17:49.021 +06:00 [INF] HTTP GET /api/profile/e87aab8a-c88e-4010-b7ae-48b629499788 responded 200 in 11.2985 ms
2026-03-04 12:18:09.392 +06:00 [INF] HTTP OPTIONS /api/Courses responded 204 in 0.0535 ms
2026-03-04 12:18:09.392 +06:00 [INF] HTTP OPTIONS /api/Courses responded 204 in 0.0347 ms
2026-03-04 12:18:09.431 +06:00 [INF] HTTP GET /api/Courses responded 200 in 30.9999 ms
2026-03-04 12:18:09.432 +06:00 [INF] HTTP GET /api/Courses responded 200 in 32.7453 ms
2026-03-04 12:18:19.216 +06:00 [INF] HTTP OPTIONS /api/Notifications responded 204 in 0.0644 ms
2026-03-04 12:18:19.232 +06:00 [INF] HTTP GET /api/Notifications responded 200 in 6.2488 ms
2026-03-04 12:18:49.252 +06:00 [INF] HTTP OPTIONS /api/Notifications responded 204 in 0.0371 ms
2026-03-04 12:18:49.263 +06:00 [INF] HTTP GET /api/Notifications responded 200 in 4.6304 ms
2026-03-04 12:19:19.289 +06:00 [INF] HTTP OPTIONS /api/Notifications responded 204 in 0.1717 ms
2026-03-04 12:19:19.321 +06:00 [INF] HTTP GET /api/Notifications responded 200 in 13.2178 ms
2026-03-04 12:20:49.345 +06:00 [INF] HTTP OPTIONS /api/Notifications responded 204 in 0.0417 ms
2026-03-04 12:20:49.373 +06:00 [INF] HTTP GET /api/Notifications responded 200 in 14.6139 ms
2026-03-04 12:21:49.385 +06:00 [INF] HTTP OPTIONS /api/Notifications responded 204 in 0.0509 ms
2026-03-04 12:21:49.401 +06:00 [INF] HTTP GET /api/Notifications responded 200 in 5.0687 ms
2026-03-04 12:22:04.760 +06:00 [INF] HTTP OPTIONS /api/Courses responded 204 in 0.0428 ms
2026-03-04 12:22:05.016 +06:00 [INF] HTTP POST /api/Courses responded 200 in 242.6317 ms
2026-03-04 12:22:05.023 +06:00 [INF] HTTP OPTIONS /api/Courses responded 204 in 0.0353 ms
2026-03-04 12:22:05.074 +06:00 [INF] HTTP GET /api/Courses responded 200 in 50.3985 ms
2026-03-04 12:22:05.078 +06:00 [INF] HTTP GET /api/Courses responded 200 in 49.5378 ms
2026-03-04 12:23:19.417 +06:00 [INF] HTTP OPTIONS /api/Notifications responded 204 in 0.0488 ms
2026-03-04 12:23:19.426 +06:00 [INF] HTTP GET /api/Notifications responded 200 in 4.0127 ms
2026-03-04 12:23:49.437 +06:00 [INF] HTTP OPTIONS /api/Notifications responded 204 in 0.0327 ms
2026-03-04 12:23:49.447 +06:00 [INF] HTTP GET /api/Notifications responded 200 in 3.2096 ms
2026-03-04 12:24:26.969 +06:00 [INF] HTTP OPTIONS /api/Courses/cc450f6c-78b5-4751-860a-256aa9dc92c8 responded 204 in 0.0609 ms
2026-03-04 12:24:27.163 +06:00 [INF] HTTP GET /api/Courses/cc450f6c-78b5-4751-860a-256aa9dc92c8 responded 200 in 185.2702 ms
2026-03-04 12:24:27.189 +06:00 [INF] HTTP OPTIONS /api/Announcements/courses/cc450f6c-78b5-4751-860a-256aa9dc92c8/announcements responded 204 in 0.0513 ms
2026-03-04 12:24:27.266 +06:00 [INF] HTTP GET /api/Announcements/courses/cc450f6c-78b5-4751-860a-256aa9dc92c8/announcements responded 200 in 72.2009 ms
2026-03-04 12:24:29.074 +06:00 [INF] HTTP OPTIONS /api/Courses responded 204 in 0.0348 ms
2026-03-04 12:24:29.075 +06:00 [INF] HTTP OPTIONS /api/Courses responded 204 in 0.0334 ms
2026-03-04 12:24:29.111 +06:00 [INF] HTTP GET /api/Courses responded 200 in 27.5277 ms
2026-03-04 12:24:29.111 +06:00 [INF] HTTP GET /api/Courses responded 200 in 27.6116 ms
2026-03-04 12:24:49.740 +06:00 [INF] HTTP OPTIONS /api/Notifications responded 204 in 0.0469 ms
2026-03-04 12:24:49.752 +06:00 [INF] HTTP GET /api/Notifications responded 200 in 2.8934 ms
2026-03-04 12:25:49.771 +06:00 [INF] HTTP OPTIONS /api/Notifications responded 204 in 0.1811 ms
2026-03-04 12:25:49.785 +06:00 [INF] HTTP GET /api/Notifications responded 200 in 5.8499 ms
2026-03-04 12:29:55.679 +06:00 [INF] HTTP OPTIONS /api/Notifications responded 204 in 2.8341 ms
2026-03-04 12:29:58.054 +06:00 [INF] HTTP GET /api/Notifications responded 200 in 2302.2313 ms
2026-03-04 12:31:20.156 +06:00 [INF] HTTP OPTIONS /api/Notifications responded 204 in 2.0544 ms
2026-03-04 12:31:20.157 +06:00 [INF] HTTP OPTIONS /api/Courses/cc450f6c-78b5-4751-860a-256aa9dc92c8 responded 204 in 0.1036 ms
2026-03-04 12:31:20.346 +06:00 [INF] HTTP GET /api/Notifications responded 200 in 172.0510 ms
2026-03-04 12:31:21.065 +06:00 [INF] HTTP GET /api/Courses/cc450f6c-78b5-4751-860a-256aa9dc92c8 responded 200 in 890.6190 ms
2026-03-04 12:31:21.103 +06:00 [INF] HTTP OPTIONS /api/courses/cc450f6c-78b5-4751-860a-256aa9dc92c8/presentations responded 204 in 0.3863 ms
2026-03-04 12:31:21.103 +06:00 [INF] HTTP OPTIONS /api/Attendance/courses/cc450f6c-78b5-4751-860a-256aa9dc92c8/sessions responded 204 in 0.3920 ms
2026-03-04 12:31:21.106 +06:00 [INF] HTTP OPTIONS /api/Courses/cc450f6c-78b5-4751-860a-256aa9dc92c8/members responded 204 in 0.0815 ms
2026-03-04 12:31:21.222 +06:00 [INF] HTTP GET /api/Attendance/courses/cc450f6c-78b5-4751-860a-256aa9dc92c8/sessions responded 200 in 109.5714 ms
2026-03-04 12:31:21.354 +06:00 [INF] HTTP GET /api/courses/cc450f6c-78b5-4751-860a-256aa9dc92c8/presentations responded 200 in 243.8434 ms
2026-03-04 12:31:21.378 +06:00 [INF] HTTP GET /api/Courses/cc450f6c-78b5-4751-860a-256aa9dc92c8/members responded 200 in 261.7352 ms
2026-03-04 12:31:50.401 +06:00 [INF] HTTP OPTIONS /api/Notifications responded 204 in 0.2765 ms
2026-03-04 12:31:50.427 +06:00 [INF] HTTP GET /api/Notifications responded 200 in 15.6019 ms
2026-03-04 12:32:20.442 +06:00 [INF] HTTP OPTIONS /api/Notifications responded 204 in 0.2553 ms
2026-03-04 12:32:20.457 +06:00 [INF] HTTP GET /api/Notifications responded 200 in 7.1736 ms
2026-03-04 12:34:20.479 +06:00 [INF] HTTP OPTIONS /api/Notifications responded 204 in 0.4253 ms
2026-03-04 12:34:20.496 +06:00 [INF] HTTP GET /api/Notifications responded 200 in 9.7323 ms
2026-03-04 12:35:14.191 +06:00 [INF] HTTP OPTIONS /api/Notifications responded 204 in 0.1320 ms
2026-03-04 12:35:14.191 +06:00 [INF] HTTP OPTIONS /api/Courses/cc450f6c-78b5-4751-860a-256aa9dc92c8 responded 204 in 0.0431 ms
2026-03-04 12:35:14.202 +06:00 [INF] HTTP GET /api/Notifications responded 200 in 5.4981 ms
2026-03-04 12:35:14.281 +06:00 [INF] HTTP GET /api/Courses/cc450f6c-78b5-4751-860a-256aa9dc92c8 responded 200 in 83.3577 ms
2026-03-04 12:35:14.390 +06:00 [INF] HTTP OPTIONS /api/Attendance/courses/cc450f6c-78b5-4751-860a-256aa9dc92c8/sessions responded 204 in 0.0625 ms
2026-03-04 12:35:14.390 +06:00 [INF] HTTP OPTIONS /api/courses/cc450f6c-78b5-4751-860a-256aa9dc92c8/presentations responded 204 in 0.0964 ms
2026-03-04 12:35:14.392 +06:00 [INF] HTTP OPTIONS /api/Courses/cc450f6c-78b5-4751-860a-256aa9dc92c8/members responded 204 in 0.0672 ms
2026-03-04 12:35:14.404 +06:00 [INF] HTTP GET /api/Attendance/courses/cc450f6c-78b5-4751-860a-256aa9dc92c8/sessions responded 200 in 6.9412 ms
2026-03-04 12:35:14.459 +06:00 [INF] HTTP GET /api/courses/cc450f6c-78b5-4751-860a-256aa9dc92c8/presentations responded 200 in 61.3563 ms
2026-03-04 12:35:14.480 +06:00 [INF] HTTP GET /api/Courses/cc450f6c-78b5-4751-860a-256aa9dc92c8/members responded 200 in 79.8235 ms
2026-03-04 12:35:19.089 +06:00 [INF] HTTP OPTIONS /api/courses/cc450f6c-78b5-4751-860a-256aa9dc92c8/marks responded 204 in 0.2841 ms
2026-03-04 12:35:19.089 +06:00 [INF] HTTP OPTIONS /api/courses/cc450f6c-78b5-4751-860a-256aa9dc92c8/grading-formula responded 204 in 0.2641 ms
2026-03-04 12:35:19.162 +06:00 [INF] HTTP GET /api/courses/cc450f6c-78b5-4751-860a-256aa9dc92c8/grading-formula responded 200 in 64.2436 ms
2026-03-04 12:35:19.218 +06:00 [INF] HTTP GET /api/courses/cc450f6c-78b5-4751-860a-256aa9dc92c8/marks responded 200 in 122.3000 ms
2026-03-04 12:35:19.939 +06:00 [INF] HTTP OPTIONS /api/Courses/cc450f6c-78b5-4751-860a-256aa9dc92c8/members responded 204 in 0.1505 ms
2026-03-04 12:35:19.941 +06:00 [INF] HTTP OPTIONS /api/Courses/cc450f6c-78b5-4751-860a-256aa9dc92c8/join-requests responded 204 in 0.0592 ms
2026-03-04 12:35:19.998 +06:00 [INF] HTTP GET /api/Courses/cc450f6c-78b5-4751-860a-256aa9dc92c8/members responded 200 in 53.1559 ms
2026-03-04 12:35:20.070 +06:00 [INF] HTTP GET /api/Courses/cc450f6c-78b5-4751-860a-256aa9dc92c8/join-requests responded 200 in 122.9298 ms
2026-03-04 12:35:25.772 +06:00 [INF] HTTP OPTIONS /api/Announcements/courses/cc450f6c-78b5-4751-860a-256aa9dc92c8/announcements responded 204 in 0.2271 ms
2026-03-04 12:35:25.865 +06:00 [INF] HTTP GET /api/Announcements/courses/cc450f6c-78b5-4751-860a-256aa9dc92c8/announcements responded 200 in 87.1215 ms
2026-03-04 12:35:26.401 +06:00 [INF] HTTP OPTIONS /api/Attendance/courses/cc450f6c-78b5-4751-860a-256aa9dc92c8/sessions responded 204 in 0.0583 ms
2026-03-04 12:35:26.412 +06:00 [INF] HTTP GET /api/Attendance/courses/cc450f6c-78b5-4751-860a-256aa9dc92c8/sessions responded 200 in 5.0380 ms
2026-03-04 12:35:27.844 +06:00 [INF] HTTP OPTIONS /api/Materials/courses/cc450f6c-78b5-4751-860a-256aa9dc92c8/materials responded 204 in 0.0817 ms
2026-03-04 12:35:27.957 +06:00 [INF] HTTP GET /api/Materials/courses/cc450f6c-78b5-4751-860a-256aa9dc92c8/materials responded 200 in 105.9820 ms
2026-03-04 12:35:29.016 +06:00 [INF] HTTP OPTIONS /api/Assignments/courses/cc450f6c-78b5-4751-860a-256aa9dc92c8/assignments responded 204 in 0.0639 ms
2026-03-04 12:35:29.087 +06:00 [INF] HTTP GET /api/Assignments/courses/cc450f6c-78b5-4751-860a-256aa9dc92c8/assignments responded 200 in 62.5317 ms
2026-03-04 12:35:29.768 +06:00 [INF] HTTP OPTIONS /api/ct/courses/cc450f6c-78b5-4751-860a-256aa9dc92c8/events responded 204 in 0.0596 ms
2026-03-04 12:35:29.878 +06:00 [INF] HTTP GET /api/ct/courses/cc450f6c-78b5-4751-860a-256aa9dc92c8/events responded 200 in 103.3783 ms
2026-03-04 12:37:13.868 +06:00 [INF] HTTP OPTIONS /api/Notifications responded 204 in 0.1046 ms
2026-03-04 12:37:13.870 +06:00 [INF] HTTP OPTIONS /api/Courses/cc450f6c-78b5-4751-860a-256aa9dc92c8 responded 204 in 0.0758 ms
2026-03-04 12:37:13.897 +06:00 [INF] HTTP GET /api/Notifications responded 200 in 7.4187 ms
2026-03-04 12:37:13.986 +06:00 [INF] HTTP GET /api/Courses/cc450f6c-78b5-4751-860a-256aa9dc92c8 responded 200 in 92.7088 ms
2026-03-04 12:37:14.114 +06:00 [INF] HTTP OPTIONS /api/courses/cc450f6c-78b5-4751-860a-256aa9dc92c8/grading-formula responded 204 in 0.0961 ms
2026-03-04 12:37:14.114 +06:00 [INF] HTTP OPTIONS /api/courses/cc450f6c-78b5-4751-860a-256aa9dc92c8/marks responded 204 in 0.0095 ms
2026-03-04 12:37:14.130 +06:00 [INF] HTTP GET /api/courses/cc450f6c-78b5-4751-860a-256aa9dc92c8/grading-formula responded 200 in 9.5302 ms
2026-03-04 12:37:14.301 +06:00 [INF] HTTP GET /api/courses/cc450f6c-78b5-4751-860a-256aa9dc92c8/marks responded 200 in 174.8605 ms
2026-03-04 12:37:19.962 +06:00 [INF] HTTP OPTIONS /api/Courses responded 204 in 0.1034 ms
2026-03-04 12:37:19.962 +06:00 [INF] HTTP OPTIONS /api/Courses responded 204 in 0.1084 ms
2026-03-04 12:37:20.085 +06:00 [INF] HTTP GET /api/Courses responded 200 in 114.7802 ms
2026-03-04 12:37:20.116 +06:00 [INF] HTTP GET /api/Courses responded 200 in 145.5582 ms
2026-03-04 12:37:38.088 +06:00 [INF] HTTP OPTIONS /api/Announcements/courses/cc450f6c-78b5-4751-860a-256aa9dc92c8/announcements responded 204 in 0.0580 ms
2026-03-04 12:37:38.099 +06:00 [INF] HTTP GET /api/Announcements/courses/cc450f6c-78b5-4751-860a-256aa9dc92c8/announcements responded 200 in 5.1124 ms
2026-03-04 12:37:44.017 +06:00 [INF] HTTP OPTIONS /api/Notifications responded 204 in 0.4423 ms
2026-03-04 12:37:44.027 +06:00 [INF] HTTP GET /api/Notifications responded 200 in 4.1296 ms
2026-03-04 12:39:44.047 +06:00 [INF] HTTP OPTIONS /api/Notifications responded 204 in 0.6105 ms
2026-03-04 12:39:44.069 +06:00 [INF] HTTP GET /api/Notifications responded 200 in 9.6299 ms
2026-03-04 12:41:44.081 +06:00 [INF] HTTP OPTIONS /api/Notifications responded 204 in 0.2010 ms
2026-03-04 12:41:44.091 +06:00 [INF] HTTP GET /api/Notifications responded 200 in 4.0482 ms
2026-03-04 12:42:14.100 +06:00 [INF] HTTP OPTIONS /api/Notifications responded 204 in 0.0708 ms
2026-03-04 12:42:14.117 +06:00 [INF] HTTP GET /api/Notifications responded 200 in 6.5710 ms
2026-03-04 12:42:30.043 +06:00 [INF] HTTP OPTIONS /api/Courses responded 204 in 0.0447 ms
2026-03-04 12:42:30.044 +06:00 [INF] HTTP OPTIONS /api/Courses responded 204 in 0.0496 ms
2026-03-04 12:42:30.136 +06:00 [INF] HTTP GET /api/Courses responded 200 in 69.2876 ms
2026-03-04 12:42:30.138 +06:00 [INF] HTTP GET /api/Courses responded 200 in 65.3187 ms
2026-03-04 12:44:25.974 +06:00 [INF] HTTP OPTIONS /api/Announcements/courses/cc450f6c-78b5-4751-860a-256aa9dc92c8/announcements responded 204 in 0.0737 ms
2026-03-04 12:44:25.990 +06:00 [INF] HTTP GET /api/Announcements/courses/cc450f6c-78b5-4751-860a-256aa9dc92c8/announcements responded 200 in 7.6155 ms
2026-03-04 12:44:26.984 +06:00 [INF] HTTP OPTIONS /api/Courses/cc450f6c-78b5-4751-860a-256aa9dc92c8 responded 204 in 0.0392 ms
2026-03-04 12:44:27.028 +06:00 [INF] HTTP GET /api/Courses/cc450f6c-78b5-4751-860a-256aa9dc92c8 responded 200 in 38.2628 ms
2026-03-04 12:44:27.402 +06:00 [INF] HTTP OPTIONS /api/Courses responded 204 in 0.0343 ms
2026-03-04 12:44:27.406 +06:00 [INF] HTTP OPTIONS /api/Courses responded 204 in 0.0309 ms
2026-03-04 12:44:27.440 +06:00 [INF] HTTP GET /api/Courses responded 200 in 31.6544 ms
2026-03-04 12:44:27.440 +06:00 [INF] HTTP GET /api/Courses responded 200 in 28.2354 ms
2026-03-04 12:44:44.128 +06:00 [INF] HTTP OPTIONS /api/Notifications responded 204 in 0.0434 ms
2026-03-04 12:44:44.142 +06:00 [INF] HTTP GET /api/Notifications responded 200 in 4.5189 ms
2026-03-04 12:48:22.051 +06:00 [INF] HTTP OPTIONS /api/Courses responded 204 in 0.0630 ms
2026-03-04 12:48:22.051 +06:00 [INF] HTTP OPTIONS /api/Courses responded 204 in 0.0633 ms
2026-03-04 12:48:22.084 +06:00 [INF] HTTP GET /api/Courses responded 200 in 25.5146 ms
2026-03-04 12:48:22.084 +06:00 [INF] HTTP GET /api/Courses responded 200 in 26.7580 ms
2026-03-04 12:48:49.815 +06:00 [INF] HTTP OPTIONS /api/Notifications responded 204 in 0.0379 ms
2026-03-04 12:48:49.823 +06:00 [INF] HTTP GET /api/Notifications responded 200 in 2.9329 ms
2026-03-04 12:48:51.821 +06:00 [INF] HTTP OPTIONS /api/Courses responded 204 in 0.1241 ms
2026-03-04 12:48:51.829 +06:00 [INF] HTTP OPTIONS /api/Courses responded 204 in 0.0412 ms
2026-03-04 12:48:51.835 +06:00 [INF] HTTP GET /api/Notifications responded 200 in 3.4552 ms
2026-03-04 12:48:52.001 +06:00 [INF] HTTP GET /api/Courses responded 200 in 91.1214 ms
2026-03-04 12:48:51.999 +06:00 [INF] HTTP GET /api/Courses responded 200 in 83.0674 ms
2026-03-04 12:48:54.945 +06:00 [INF] HTTP OPTIONS /api/Courses/cc450f6c-78b5-4751-860a-256aa9dc92c8 responded 204 in 0.0408 ms
2026-03-04 12:48:54.990 +06:00 [INF] HTTP GET /api/Courses/cc450f6c-78b5-4751-860a-256aa9dc92c8 responded 200 in 38.7200 ms
2026-03-04 12:49:09.399 +06:00 [INF] HTTP OPTIONS /api/Notifications responded 204 in 0.0685 ms
2026-03-04 12:49:09.399 +06:00 [INF] HTTP OPTIONS /api/Courses/cc450f6c-78b5-4751-860a-256aa9dc92c8 responded 204 in 0.0509 ms
2026-03-04 12:49:09.414 +06:00 [INF] HTTP GET /api/Notifications responded 200 in 8.7846 ms
2026-03-04 12:49:09.497 +06:00 [INF] HTTP GET /api/Courses/cc450f6c-78b5-4751-860a-256aa9dc92c8 responded 200 in 88.1042 ms
2026-03-04 12:49:37.726 +06:00 [INF] HTTP OPTIONS /api/Courses/cc450f6c-78b5-4751-860a-256aa9dc92c8 responded 204 in 0.0612 ms
2026-03-04 12:49:37.726 +06:00 [INF] HTTP OPTIONS /api/Notifications responded 204 in 0.0613 ms
2026-03-04 12:49:37.749 +06:00 [INF] HTTP GET /api/Notifications responded 200 in 6.4643 ms
2026-03-04 12:49:37.820 +06:00 [INF] HTTP GET /api/Courses/cc450f6c-78b5-4751-860a-256aa9dc92c8 responded 200 in 81.6873 ms
2026-03-04 12:51:43.593 +06:00 [INF] HTTP OPTIONS /api/Courses/cc450f6c-78b5-4751-860a-256aa9dc92c8 responded 204 in 0.0200 ms
2026-03-04 12:51:43.593 +06:00 [INF] HTTP OPTIONS /api/Notifications responded 204 in 0.3181 ms
2026-03-04 12:51:43.606 +06:00 [INF] HTTP GET /api/Notifications responded 200 in 4.8163 ms
2026-03-04 12:51:43.675 +06:00 [INF] HTTP GET /api/Courses/cc450f6c-78b5-4751-860a-256aa9dc92c8 responded 200 in 74.7069 ms
2026-03-04 12:52:06.125 +06:00 [INF] HTTP OPTIONS /api/Notifications responded 204 in 0.0489 ms
2026-03-04 12:52:06.125 +06:00 [INF] HTTP OPTIONS /api/Announcements/courses/cc450f6c-78b5-4751-860a-256aa9dc92c8/announcements responded 204 in 0.0184 ms
2026-03-04 12:52:06.138 +06:00 [INF] HTTP GET /api/Notifications responded 200 in 5.7679 ms
2026-03-04 12:52:06.151 +06:00 [INF] HTTP GET /api/Announcements/courses/cc450f6c-78b5-4751-860a-256aa9dc92c8/announcements responded 200 in 14.3504 ms
2026-03-04 12:52:11.208 +06:00 [INF] HTTP OPTIONS /api/Notifications responded 204 in 0.0546 ms
2026-03-04 12:52:11.209 +06:00 [INF] HTTP OPTIONS /api/Courses/cc450f6c-78b5-4751-860a-256aa9dc92c8 responded 204 in 0.0144 ms
2026-03-04 12:52:11.218 +06:00 [INF] HTTP GET /api/Notifications responded 200 in 4.4314 ms
2026-03-04 12:52:11.303 +06:00 [INF] HTTP GET /api/Courses/cc450f6c-78b5-4751-860a-256aa9dc92c8 responded 200 in 88.2060 ms
2026-03-04 12:52:11.384 +06:00 [INF] HTTP OPTIONS /api/Announcements/courses/cc450f6c-78b5-4751-860a-256aa9dc92c8/announcements responded 204 in 0.0319 ms
2026-03-04 12:52:11.394 +06:00 [INF] HTTP GET /api/Announcements/courses/cc450f6c-78b5-4751-860a-256aa9dc92c8/announcements responded 200 in 7.6193 ms
2026-03-04 12:52:55.640 +06:00 [INF] HTTP OPTIONS /api/Courses responded 204 in 0.0821 ms
2026-03-04 12:52:55.641 +06:00 [INF] HTTP OPTIONS /api/Courses responded 204 in 0.0292 ms
2026-03-04 12:52:55.643 +06:00 [INF] HTTP OPTIONS /api/Notifications responded 204 in 0.0380 ms
2026-03-04 12:52:55.683 +06:00 [INF] HTTP GET /api/Notifications responded 200 in 33.5834 ms
2026-03-04 12:52:55.699 +06:00 [INF] HTTP GET /api/Courses responded 200 in 51.2773 ms
2026-03-04 12:52:55.723 +06:00 [INF] HTTP GET /api/Courses responded 200 in 74.2594 ms
2026-03-04 12:53:23.340 +06:00 [INF] HTTP OPTIONS /api/Courses/upload-cover responded 204 in 0.0456 ms
2026-03-04 12:53:23.385 +06:00 [INF] HTTP POST /api/Courses/upload-cover responded 405 in 25.6554 ms
2026-03-04 12:53:25.207 +06:00 [INF] HTTP OPTIONS /api/Courses responded 204 in 2.4522 ms
2026-03-04 12:53:25.672 +06:00 [INF] HTTP POST /api/Courses responded 400 in 429.7778 ms
2026-03-04 12:53:25.730 +06:00 [INF] HTTP OPTIONS /api/Notifications responded 204 in 0.5748 ms
2026-03-04 12:53:25.757 +06:00 [INF] HTTP GET /api/Notifications responded 200 in 15.2975 ms
2026-03-04 12:53:37.037 +06:00 [INF] HTTP OPTIONS /api/Notifications responded 204 in 0.0634 ms
2026-03-04 12:53:37.038 +06:00 [INF] HTTP OPTIONS /api/Courses responded 204 in 0.0482 ms
2026-03-04 12:53:37.039 +06:00 [INF] HTTP OPTIONS /api/Courses responded 204 in 0.0188 ms
2026-03-04 12:53:37.053 +06:00 [INF] HTTP GET /api/Notifications responded 200 in 10.0382 ms
2026-03-04 12:53:37.092 +06:00 [INF] HTTP GET /api/Courses responded 200 in 44.5782 ms
2026-03-04 12:53:37.098 +06:00 [INF] HTTP GET /api/Courses responded 200 in 50.3405 ms
2026-03-04 12:54:07.187 +06:00 [INF] HTTP OPTIONS /api/Notifications responded 204 in 0.0474 ms
2026-03-04 12:54:07.219 +06:00 [INF] HTTP GET /api/Notifications responded 200 in 17.2275 ms
2026-03-04 12:54:18.547 +06:00 [INF] HTTP OPTIONS /api/Courses/upload-cover responded 204 in 0.1675 ms
2026-03-04 12:54:18.561 +06:00 [INF] HTTP POST /api/Courses/upload-cover responded 405 in 1.0313 ms
2026-03-04 12:54:21.431 +06:00 [INF] HTTP OPTIONS /api/Courses responded 204 in 0.1324 ms
2026-03-04 12:54:21.453 +06:00 [INF] HTTP POST /api/Courses responded 400 in 12.0053 ms
2026-03-04 12:54:56.183 +06:00 [INF] HTTP OPTIONS /api/Notifications responded 204 in 0.0323 ms
2026-03-04 12:54:56.184 +06:00 [INF] HTTP OPTIONS /api/Courses responded 204 in 0.0372 ms
2026-03-04 12:54:56.184 +06:00 [INF] HTTP OPTIONS /api/Courses responded 204 in 0.0150 ms
2026-03-04 12:54:56.197 +06:00 [INF] HTTP GET /api/Notifications responded 200 in 5.8422 ms
2026-03-04 12:54:56.226 +06:00 [INF] HTTP GET /api/Courses responded 200 in 32.7674 ms
2026-03-04 12:54:56.226 +06:00 [INF] HTTP GET /api/Courses responded 200 in 32.9770 ms
2026-03-04 12:56:07.895 +06:00 [INF] HTTP OPTIONS /api/Courses/cc450f6c-78b5-4751-860a-256aa9dc92c8 responded 204 in 0.0464 ms
2026-03-04 12:56:07.895 +06:00 [INF] HTTP OPTIONS /api/Notifications responded 204 in 0.0537 ms
2026-03-04 12:56:07.905 +06:00 [INF] HTTP GET /api/Notifications responded 200 in 2.5594 ms
2026-03-04 12:56:07.978 +06:00 [INF] HTTP GET /api/Courses/cc450f6c-78b5-4751-860a-256aa9dc92c8 responded 200 in 79.0359 ms
2026-03-04 12:56:08.055 +06:00 [INF] HTTP OPTIONS /api/Announcements/courses/cc450f6c-78b5-4751-860a-256aa9dc92c8/announcements responded 204 in 0.1340 ms
2026-03-04 12:56:08.062 +06:00 [INF] HTTP GET /api/Announcements/courses/cc450f6c-78b5-4751-860a-256aa9dc92c8/announcements responded 200 in 2.6599 ms
2026-03-04 12:56:09.712 +06:00 [INF] HTTP OPTIONS /api/Courses responded 204 in 0.0437 ms
2026-03-04 12:56:09.712 +06:00 [INF] HTTP OPTIONS /api/Courses responded 204 in 0.0176 ms
2026-03-04 12:56:09.743 +06:00 [INF] HTTP GET /api/Courses responded 200 in 23.2209 ms
2026-03-04 12:56:09.744 +06:00 [INF] HTTP GET /api/Courses responded 200 in 23.8290 ms
2026-03-04 12:56:37.965 +06:00 [INF] HTTP OPTIONS /api/Notifications responded 204 in 0.0552 ms
2026-03-04 12:56:37.975 +06:00 [INF] HTTP GET /api/Notifications responded 200 in 3.2804 ms
2026-03-04 12:57:01.424 +06:00 [INF] HTTP OPTIONS /api/Notifications responded 204 in 0.1211 ms
2026-03-04 12:57:01.424 +06:00 [INF] HTTP OPTIONS /api/Courses responded 204 in 0.0741 ms
2026-03-04 12:57:01.426 +06:00 [INF] HTTP OPTIONS /api/Courses responded 204 in 0.0357 ms
2026-03-04 12:57:01.434 +06:00 [INF] HTTP GET /api/Notifications responded 200 in 3.9921 ms
2026-03-04 12:57:01.462 +06:00 [INF] HTTP GET /api/Courses responded 200 in 28.6923 ms
2026-03-04 12:57:01.465 +06:00 [INF] HTTP GET /api/Courses responded 200 in 33.0115 ms
2026-03-04 12:57:18.202 +06:00 [INF] HTTP OPTIONS /api/Notifications responded 204 in 0.0310 ms
2026-03-04 12:57:18.203 +06:00 [INF] HTTP OPTIONS /api/Courses responded 204 in 0.0224 ms
2026-03-04 12:57:18.203 +06:00 [INF] HTTP OPTIONS /api/Courses responded 204 in 0.0108 ms
2026-03-04 12:57:18.213 +06:00 [INF] HTTP GET /api/Notifications responded 200 in 5.8975 ms
2026-03-04 12:57:18.249 +06:00 [INF] HTTP GET /api/Courses responded 200 in 38.4415 ms
2026-03-04 12:57:18.252 +06:00 [INF] HTTP GET /api/Courses responded 200 in 40.4211 ms
2026-03-04 12:57:48.294 +06:00 [INF] HTTP OPTIONS /api/Notifications responded 204 in 0.0350 ms
2026-03-04 12:57:48.310 +06:00 [INF] HTTP GET /api/Notifications responded 200 in 3.7724 ms
2026-03-04 12:58:40.108 +06:00 [INF] HTTP OPTIONS /api/Notifications responded 204 in 0.0454 ms
2026-03-04 12:58:40.109 +06:00 [INF] HTTP OPTIONS /api/Courses responded 204 in 0.0135 ms
2026-03-04 12:58:40.110 +06:00 [INF] HTTP OPTIONS /api/Courses responded 204 in 0.0135 ms
2026-03-04 12:58:40.119 +06:00 [INF] HTTP GET /api/Notifications responded 200 in 4.6781 ms
2026-03-04 12:58:40.146 +06:00 [INF] HTTP GET /api/Courses responded 200 in 29.3662 ms
2026-03-04 12:58:40.147 +06:00 [INF] HTTP GET /api/Courses responded 200 in 26.2866 ms
2026-03-04 12:58:44.439 +06:00 [INF] HTTP GET /api/Notifications responded 200 in 2.4358 ms
2026-03-04 12:58:44.459 +06:00 [INF] HTTP GET /api/Courses responded 200 in 22.6913 ms
2026-03-04 12:58:44.459 +06:00 [INF] HTTP GET /api/Courses responded 200 in 22.5853 ms
2026-03-04 12:58:45.571 +06:00 [INF] HTTP OPTIONS /api/Courses/cc450f6c-78b5-4751-860a-256aa9dc92c8 responded 204 in 0.0441 ms
2026-03-04 12:58:45.645 +06:00 [INF] HTTP GET /api/Courses/cc450f6c-78b5-4751-860a-256aa9dc92c8 responded 200 in 64.5219 ms
2026-03-04 12:58:45.670 +06:00 [INF] HTTP OPTIONS /api/Announcements/courses/cc450f6c-78b5-4751-860a-256aa9dc92c8/announcements responded 204 in 0.1081 ms
2026-03-04 12:58:45.681 +06:00 [INF] HTTP GET /api/Announcements/courses/cc450f6c-78b5-4751-860a-256aa9dc92c8/announcements responded 200 in 4.1622 ms
2026-03-04 13:02:12.093 +06:00 [INF] HTTP OPTIONS /api/Notifications responded 204 in 0.0487 ms
2026-03-04 13:02:12.093 +06:00 [INF] HTTP OPTIONS /api/Courses responded 204 in 0.0254 ms
2026-03-04 13:02:12.095 +06:00 [INF] HTTP OPTIONS /api/Courses responded 204 in 0.0147 ms
2026-03-04 13:02:12.108 +06:00 [INF] HTTP GET /api/Notifications responded 200 in 9.3007 ms
2026-03-04 13:02:12.129 +06:00 [INF] HTTP GET /api/Courses responded 200 in 26.2485 ms
2026-03-04 13:02:12.129 +06:00 [INF] HTTP GET /api/Courses responded 200 in 24.1379 ms
2026-03-04 13:02:25.309 +06:00 [INF] HTTP OPTIONS /api/Notifications responded 204 in 0.0101 ms
2026-03-04 13:02:25.309 +06:00 [INF] HTTP OPTIONS /api/Courses responded 204 in 0.0144 ms
2026-03-04 13:02:25.309 +06:00 [INF] HTTP OPTIONS /api/Courses responded 204 in 0.2064 ms
2026-03-04 13:02:25.318 +06:00 [INF] HTTP GET /api/Notifications responded 200 in 4.0729 ms
2026-03-04 13:02:25.350 +06:00 [INF] HTTP GET /api/Courses responded 200 in 33.7693 ms
2026-03-04 13:02:25.363 +06:00 [INF] HTTP GET /api/Courses responded 200 in 46.4525 ms
2026-03-04 13:02:55.411 +06:00 [INF] HTTP OPTIONS /api/Notifications responded 204 in 0.0310 ms
2026-03-04 13:02:55.427 +06:00 [INF] HTTP GET /api/Notifications responded 200 in 6.8969 ms
2026-03-04 13:03:08.464 +06:00 [INF] HTTP OPTIONS /api/Courses responded 204 in 0.0631 ms
2026-03-04 13:03:08.681 +06:00 [INF] HTTP POST /api/Courses responded 200 in 206.0607 ms
2026-03-04 13:03:14.139 +06:00 [INF] HTTP OPTIONS /api/Notifications responded 204 in 0.0301 ms
2026-03-04 13:03:14.141 +06:00 [INF] HTTP OPTIONS /api/Courses responded 204 in 0.0271 ms
2026-03-04 13:03:14.141 +06:00 [INF] HTTP OPTIONS /api/Courses responded 204 in 0.0207 ms
2026-03-04 13:03:14.150 +06:00 [INF] HTTP GET /api/Notifications responded 200 in 4.4945 ms
2026-03-04 13:03:14.177 +06:00 [INF] HTTP GET /api/Courses responded 200 in 30.6726 ms
2026-03-04 13:03:14.177 +06:00 [INF] HTTP GET /api/Courses responded 200 in 29.2438 ms
2026-03-04 13:09:07.493 +06:00 [INF] HTTP OPTIONS /api/Courses responded 204 in 6.1795 ms
2026-03-04 13:09:07.493 +06:00 [INF] HTTP OPTIONS /api/Notifications responded 204 in 5.8727 ms
2026-03-04 13:09:07.493 +06:00 [INF] HTTP OPTIONS /api/Courses responded 204 in 5.9905 ms
2026-03-04 13:09:10.396 +06:00 [INF] HTTP GET /api/Notifications responded 200 in 2795.9071 ms
2026-03-04 13:09:10.781 +06:00 [INF] HTTP GET /api/Courses responded 200 in 3181.1046 ms
2026-03-04 13:09:10.791 +06:00 [INF] HTTP GET /api/Courses responded 200 in 3190.9823 ms
2026-03-04 13:09:40.424 +06:00 [INF] HTTP OPTIONS /api/Notifications responded 204 in 0.4525 ms
2026-03-04 13:09:40.703 +06:00 [INF] HTTP GET /api/Notifications responded 200 in 263.8601 ms
2026-03-04 13:10:02.106 +06:00 [INF] HTTP OPTIONS /api/Courses responded 204 in 0.1278 ms
2026-03-04 13:10:02.738 +06:00 [INF] HTTP POST /api/Courses responded 200 in 617.1829 ms
2026-03-04 13:10:02.755 +06:00 [INF] HTTP OPTIONS /api/Courses responded 204 in 0.0847 ms
2026-03-04 13:10:02.863 +06:00 [INF] HTTP GET /api/Courses responded 200 in 90.2734 ms
2026-03-04 13:10:02.885 +06:00 [INF] HTTP GET /api/Courses responded 200 in 129.9842 ms
2026-03-04 13:10:09.821 +06:00 [INF] HTTP OPTIONS /api/Courses/e40d0fb4-5fdb-4d10-974e-50148cb317cd responded 204 in 0.0644 ms
2026-03-04 13:10:10.102 +06:00 [INF] HTTP GET /api/Courses/e40d0fb4-5fdb-4d10-974e-50148cb317cd responded 200 in 274.1747 ms
2026-03-04 13:10:10.133 +06:00 [INF] HTTP OPTIONS /api/Announcements/courses/e40d0fb4-5fdb-4d10-974e-50148cb317cd/announcements responded 204 in 0.1386 ms
2026-03-04 13:10:10.232 +06:00 [INF] HTTP GET /api/Announcements/courses/e40d0fb4-5fdb-4d10-974e-50148cb317cd/announcements responded 200 in 93.2598 ms
2026-03-04 13:10:10.720 +06:00 [INF] HTTP OPTIONS /api/Notifications responded 204 in 0.1994 ms
2026-03-04 13:10:10.743 +06:00 [INF] HTTP GET /api/Notifications responded 200 in 14.6425 ms
2026-03-04 13:10:40.762 +06:00 [INF] HTTP OPTIONS /api/Notifications responded 204 in 0.2189 ms
2026-03-04 13:10:40.781 +06:00 [INF] HTTP GET /api/Notifications responded 200 in 6.6045 ms
2026-03-04 13:11:40.800 +06:00 [INF] HTTP OPTIONS /api/Notifications responded 204 in 0.1460 ms
2026-03-04 13:11:40.819 +06:00 [INF] HTTP GET /api/Notifications responded 200 in 10.9961 ms
2026-03-04 13:13:13.848 +06:00 [INF] HTTP OPTIONS /api/Attendance/courses/e40d0fb4-5fdb-4d10-974e-50148cb317cd/sessions responded 204 in 0.1522 ms
2026-03-04 13:13:13.848 +06:00 [INF] HTTP OPTIONS /api/Attendance/courses/e40d0fb4-5fdb-4d10-974e-50148cb317cd/sessions responded 204 in 0.0652 ms
2026-03-04 13:13:13.848 +06:00 [INF] HTTP OPTIONS /api/Courses/e40d0fb4-5fdb-4d10-974e-50148cb317cd/members responded 204 in 0.0329 ms
2026-03-04 13:13:13.951 +06:00 [INF] HTTP GET /api/Attendance/courses/e40d0fb4-5fdb-4d10-974e-50148cb317cd/sessions responded 200 in 94.3758 ms
2026-03-04 13:13:13.961 +06:00 [INF] HTTP GET /api/Attendance/courses/e40d0fb4-5fdb-4d10-974e-50148cb317cd/sessions responded 200 in 8.4855 ms
2026-03-04 13:13:14.080 +06:00 [INF] HTTP GET /api/Courses/e40d0fb4-5fdb-4d10-974e-50148cb317cd/members responded 200 in 217.4449 ms
2026-03-04 13:13:14.595 +06:00 [INF] HTTP OPTIONS /api/Materials/courses/e40d0fb4-5fdb-4d10-974e-50148cb317cd/materials responded 204 in 0.2374 ms
2026-03-04 13:13:14.696 +06:00 [INF] HTTP GET /api/Materials/courses/e40d0fb4-5fdb-4d10-974e-50148cb317cd/materials responded 200 in 94.2087 ms
2026-03-04 13:13:15.109 +06:00 [INF] HTTP OPTIONS /api/Assignments/courses/e40d0fb4-5fdb-4d10-974e-50148cb317cd/assignments responded 204 in 0.0726 ms
2026-03-04 13:13:15.161 +06:00 [INF] HTTP GET /api/Assignments/courses/e40d0fb4-5fdb-4d10-974e-50148cb317cd/assignments responded 200 in 44.0545 ms
2026-03-04 13:13:15.761 +06:00 [INF] HTTP OPTIONS /api/ct/courses/e40d0fb4-5fdb-4d10-974e-50148cb317cd/events responded 204 in 0.0684 ms
2026-03-04 13:13:15.884 +06:00 [INF] HTTP GET /api/ct/courses/e40d0fb4-5fdb-4d10-974e-50148cb317cd/events responded 200 in 116.6045 ms
2026-03-04 13:13:18.174 +06:00 [INF] HTTP OPTIONS /api/courses/e40d0fb4-5fdb-4d10-974e-50148cb317cd/presentations responded 204 in 0.0670 ms
2026-03-04 13:13:18.329 +06:00 [INF] HTTP GET /api/courses/e40d0fb4-5fdb-4d10-974e-50148cb317cd/presentations responded 200 in 122.3056 ms
2026-03-04 13:13:19.218 +06:00 [INF] HTTP OPTIONS /api/courses/e40d0fb4-5fdb-4d10-974e-50148cb317cd/grading-formula responded 204 in 0.0717 ms
2026-03-04 13:13:19.218 +06:00 [INF] HTTP OPTIONS /api/courses/e40d0fb4-5fdb-4d10-974e-50148cb317cd/marks responded 204 in 0.1022 ms
2026-03-04 13:13:19.279 +06:00 [INF] HTTP GET /api/courses/e40d0fb4-5fdb-4d10-974e-50148cb317cd/grading-formula responded 200 in 54.9433 ms
2026-03-04 13:13:19.348 +06:00 [INF] HTTP GET /api/courses/e40d0fb4-5fdb-4d10-974e-50148cb317cd/marks responded 200 in 122.0124 ms
2026-03-04 13:13:20.156 +06:00 [INF] HTTP OPTIONS /api/Courses/e40d0fb4-5fdb-4d10-974e-50148cb317cd/members responded 204 in 0.0460 ms
2026-03-04 13:13:20.157 +06:00 [INF] HTTP OPTIONS /api/Courses/e40d0fb4-5fdb-4d10-974e-50148cb317cd/join-requests responded 204 in 0.0403 ms
2026-03-04 13:13:20.243 +06:00 [INF] HTTP GET /api/Courses/e40d0fb4-5fdb-4d10-974e-50148cb317cd/members responded 200 in 82.0553 ms
2026-03-04 13:13:20.290 +06:00 [INF] HTTP GET /api/Courses/e40d0fb4-5fdb-4d10-974e-50148cb317cd/join-requests responded 200 in 128.1438 ms
2026-03-04 13:13:27.387 +06:00 [INF] HTTP OPTIONS /api/Courses responded 204 in 0.0465 ms
2026-03-04 13:13:27.387 +06:00 [INF] HTTP OPTIONS /api/Courses responded 204 in 0.0185 ms
2026-03-04 13:13:27.457 +06:00 [INF] HTTP GET /api/Courses responded 200 in 44.3921 ms
2026-03-04 13:13:27.464 +06:00 [INF] HTTP GET /api/Courses responded 200 in 46.7963 ms
2026-03-04 13:13:40.876 +06:00 [INF] HTTP OPTIONS /api/Notifications responded 204 in 0.0571 ms
2026-03-04 13:13:40.892 +06:00 [INF] HTTP GET /api/Notifications responded 200 in 6.9900 ms
2026-03-04 13:15:40.903 +06:00 [INF] HTTP OPTIONS /api/Notifications responded 204 in 0.0537 ms
2026-03-04 13:15:40.911 +06:00 [INF] HTTP GET /api/Notifications responded 200 in 4.0468 ms
2026-03-04 13:18:03.085 +06:00 [INF] HTTP OPTIONS /api/Announcements/courses/e40d0fb4-5fdb-4d10-974e-50148cb317cd/announcements responded 204 in 0.0900 ms
2026-03-04 13:18:03.119 +06:00 [INF] HTTP GET /api/Announcements/courses/e40d0fb4-5fdb-4d10-974e-50148cb317cd/announcements responded 401 in 23.0941 ms
2026-03-04 13:18:03.137 +06:00 [INF] HTTP OPTIONS /api/auth/refresh responded 204 in 0.0987 ms
2026-03-04 13:18:03.385 +06:00 [INF] HTTP POST /api/auth/refresh responded 200 in 233.5623 ms
2026-03-04 13:18:03.405 +06:00 [INF] HTTP GET /api/Announcements/courses/e40d0fb4-5fdb-4d10-974e-50148cb317cd/announcements responded 200 in 4.5501 ms
2026-03-04 13:18:04.086 +06:00 [INF] HTTP OPTIONS /api/Courses/e40d0fb4-5fdb-4d10-974e-50148cb317cd responded 204 in 0.0472 ms
2026-03-04 13:18:04.138 +06:00 [INF] HTTP GET /api/Courses/e40d0fb4-5fdb-4d10-974e-50148cb317cd responded 200 in 44.9315 ms
2026-03-04 13:18:10.932 +06:00 [INF] HTTP OPTIONS /api/Notifications responded 204 in 0.0477 ms
2026-03-04 13:18:10.947 +06:00 [INF] HTTP GET /api/Notifications responded 200 in 6.3329 ms
2026-03-04 13:18:48.145 +06:00 [INF] HTTP OPTIONS /api/Courses/e40d0fb4-5fdb-4d10-974e-50148cb317cd/members responded 204 in 0.0553 ms
2026-03-04 13:18:48.147 +06:00 [INF] HTTP OPTIONS /api/Courses/e40d0fb4-5fdb-4d10-974e-50148cb317cd/join-requests responded 204 in 0.0429 ms
2026-03-04 13:18:48.228 +06:00 [INF] HTTP GET /api/Courses/e40d0fb4-5fdb-4d10-974e-50148cb317cd/join-requests responded 200 in 73.6763 ms
2026-03-04 13:18:48.247 +06:00 [INF] HTTP GET /api/Courses/e40d0fb4-5fdb-4d10-974e-50148cb317cd/members responded 200 in 92.9194 ms
2026-03-04 13:18:50.663 +06:00 [INF] HTTP OPTIONS /api/Attendance/courses/e40d0fb4-5fdb-4d10-974e-50148cb317cd/sessions responded 204 in 0.0802 ms
2026-03-04 13:18:50.663 +06:00 [INF] HTTP OPTIONS /api/Attendance/courses/e40d0fb4-5fdb-4d10-974e-50148cb317cd/sessions responded 204 in 0.0758 ms
2026-03-04 13:18:50.677 +06:00 [INF] HTTP GET /api/Attendance/courses/e40d0fb4-5fdb-4d10-974e-50148cb317cd/sessions responded 200 in 7.5476 ms
2026-03-04 13:18:50.682 +06:00 [INF] HTTP GET /api/Attendance/courses/e40d0fb4-5fdb-4d10-974e-50148cb317cd/sessions responded 200 in 4.0168 ms
2026-03-04 13:18:50.743 +06:00 [INF] HTTP GET /api/Courses/e40d0fb4-5fdb-4d10-974e-50148cb317cd/members responded 200 in 78.2150 ms
2026-03-04 13:18:51.667 +06:00 [INF] HTTP OPTIONS /api/Materials/courses/e40d0fb4-5fdb-4d10-974e-50148cb317cd/materials responded 204 in 0.0306 ms
2026-03-04 13:18:51.683 +06:00 [INF] HTTP GET /api/Materials/courses/e40d0fb4-5fdb-4d10-974e-50148cb317cd/materials responded 200 in 8.1947 ms
2026-03-04 13:18:52.299 +06:00 [INF] HTTP OPTIONS /api/Assignments/courses/e40d0fb4-5fdb-4d10-974e-50148cb317cd/assignments responded 204 in 0.0381 ms
2026-03-04 13:18:52.308 +06:00 [INF] HTTP GET /api/Assignments/courses/e40d0fb4-5fdb-4d10-974e-50148cb317cd/assignments responded 200 in 3.4763 ms
2026-03-04 13:18:52.884 +06:00 [INF] HTTP OPTIONS /api/ct/courses/e40d0fb4-5fdb-4d10-974e-50148cb317cd/events responded 204 in 0.0563 ms
2026-03-04 13:18:52.951 +06:00 [INF] HTTP GET /api/ct/courses/e40d0fb4-5fdb-4d10-974e-50148cb317cd/events responded 200 in 62.0789 ms
2026-03-04 13:18:53.295 +06:00 [INF] HTTP OPTIONS /api/courses/e40d0fb4-5fdb-4d10-974e-50148cb317cd/presentations responded 204 in 0.0350 ms
2026-03-04 13:18:53.363 +06:00 [INF] HTTP GET /api/courses/e40d0fb4-5fdb-4d10-974e-50148cb317cd/presentations responded 200 in 61.1844 ms
2026-03-04 13:18:53.760 +06:00 [INF] HTTP OPTIONS /api/courses/e40d0fb4-5fdb-4d10-974e-50148cb317cd/grading-formula responded 204 in 0.0306 ms
2026-03-04 13:18:53.761 +06:00 [INF] HTTP OPTIONS /api/courses/e40d0fb4-5fdb-4d10-974e-50148cb317cd/marks responded 204 in 0.0213 ms
2026-03-04 13:18:53.770 +06:00 [INF] HTTP GET /api/courses/e40d0fb4-5fdb-4d10-974e-50148cb317cd/grading-formula responded 200 in 4.0615 ms
2026-03-04 13:18:53.801 +06:00 [INF] HTTP GET /api/courses/e40d0fb4-5fdb-4d10-974e-50148cb317cd/marks responded 200 in 31.6785 ms
2026-03-04 13:19:36.988 +06:00 [INF] HTTP OPTIONS /api/Courses responded 204 in 0.0479 ms
2026-03-04 13:19:36.989 +06:00 [INF] HTTP OPTIONS /api/Courses responded 204 in 0.0366 ms
2026-03-04 13:19:37.028 +06:00 [INF] HTTP GET /api/Courses responded 200 in 29.8335 ms
2026-03-04 13:19:37.036 +06:00 [INF] HTTP GET /api/Courses responded 200 in 36.8153 ms
2026-03-04 13:19:40.958 +06:00 [INF] HTTP OPTIONS /api/Notifications responded 204 in 0.0344 ms
2026-03-04 13:19:40.968 +06:00 [INF] HTTP GET /api/Notifications responded 200 in 4.4935 ms
2026-03-04 13:26:03.518 +06:00 [INF] HTTP OPTIONS /api/Notifications responded 204 in 4.2938 ms
2026-03-04 13:26:03.518 +06:00 [INF] HTTP OPTIONS /api/Courses responded 204 in 12.4216 ms
2026-03-04 13:26:03.518 +06:00 [INF] HTTP OPTIONS /api/Courses responded 204 in 2.3826 ms
2026-03-04 13:26:06.472 +06:00 [INF] HTTP GET /api/Notifications responded 200 in 2788.9081 ms
2026-03-04 13:26:06.913 +06:00 [INF] HTTP GET /api/Courses responded 200 in 3229.6753 ms
2026-03-04 13:26:06.913 +06:00 [INF] HTTP GET /api/Courses responded 200 in 3229.6784 ms
2026-03-04 13:26:36.510 +06:00 [INF] HTTP OPTIONS /api/Notifications responded 204 in 0.8453 ms
2026-03-04 13:26:36.649 +06:00 [INF] HTTP GET /api/Notifications responded 200 in 131.5434 ms
2026-03-04 13:27:30.709 +06:00 [INF] HTTP OPTIONS /api/Courses/e40d0fb4-5fdb-4d10-974e-50148cb317cd responded 204 in 0.1761 ms
2026-03-04 13:27:30.956 +06:00 [INF] HTTP GET /api/Courses/e40d0fb4-5fdb-4d10-974e-50148cb317cd responded 200 in 238.7349 ms
2026-03-04 13:27:30.989 +06:00 [INF] HTTP OPTIONS /api/Announcements/courses/e40d0fb4-5fdb-4d10-974e-50148cb317cd/announcements responded 204 in 0.1305 ms
2026-03-04 13:27:31.086 +06:00 [INF] HTTP GET /api/Announcements/courses/e40d0fb4-5fdb-4d10-974e-50148cb317cd/announcements responded 200 in 83.6321 ms
2026-03-04 13:27:32.290 +06:00 [INF] HTTP OPTIONS /api/Courses responded 204 in 0.1154 ms
2026-03-04 13:27:32.290 +06:00 [INF] HTTP OPTIONS /api/Courses responded 204 in 0.0610 ms
2026-03-04 13:27:32.340 +06:00 [INF] HTTP GET /api/Courses responded 200 in 43.2204 ms
2026-03-04 13:27:32.351 +06:00 [INF] HTTP GET /api/Courses responded 200 in 51.7736 ms
2026-03-04 14:54:31.974 +06:00 [INF] HTTP OPTIONS /api/profile responded 204 in 3.9890 ms
2026-03-04 14:54:31.974 +06:00 [INF] HTTP OPTIONS /api/profile/e87aab8a-c88e-4010-b7ae-48b629499788 responded 204 in 3.9815 ms
2026-03-04 14:54:32.235 +06:00 [INF] HTTP GET /api/profile responded 401 in 174.1839 ms
2026-03-04 14:54:32.235 +06:00 [INF] HTTP GET /api/profile/e87aab8a-c88e-4010-b7ae-48b629499788 responded 401 in 174.4008 ms
2026-03-04 14:54:32.252 +06:00 [INF] HTTP OPTIONS /api/auth/refresh responded 204 in 0.1694 ms
2026-03-04 14:54:37.430 +06:00 [INF] HTTP OPTIONS /api/Courses responded 204 in 0.2034 ms
2026-03-04 14:54:37.444 +06:00 [INF] HTTP OPTIONS /api/Courses responded 204 in 0.2962 ms
2026-03-04 14:54:37.648 +06:00 [INF] HTTP OPTIONS /api/Notifications responded 204 in 3.3055 ms
2026-03-04 14:54:38.114 +06:00 [INF] HTTP GET /api/Courses responded 401 in 12.2908 ms
2026-03-04 14:54:38.183 +06:00 [INF] HTTP GET /api/Courses responded 401 in 1.2654 ms
2026-03-04 14:54:38.183 +06:00 [INF] HTTP GET /api/Notifications responded 401 in 1.2523 ms
2026-03-04 14:54:42.715 +06:00 [ERR] An error occurred using the connection to database 'edunexis_db' on server 'localhost'.
2026-03-04 14:54:46.829 +06:00 [ERR] An error occurred using the connection to database 'edunexis_db' on server 'localhost'.
2026-03-04 14:54:53.468 +06:00 [INF] HTTP OPTIONS /api/Notifications responded 204 in 0.3036 ms
2026-03-04 14:54:53.468 +06:00 [INF] HTTP OPTIONS /api/Courses responded 204 in 0.2543 ms
2026-03-04 14:54:53.469 +06:00 [INF] HTTP OPTIONS /api/Courses responded 204 in 0.2293 ms
2026-03-04 14:54:53.482 +06:00 [INF] HTTP GET /api/Notifications responded 401 in 2.3630 ms
2026-03-04 14:54:53.494 +06:00 [INF] HTTP GET /api/Courses responded 401 in 0.9274 ms
2026-03-04 14:54:53.494 +06:00 [INF] HTTP GET /api/Courses responded 401 in 1.0599 ms
2026-03-04 14:54:53.522 +06:00 [INF] HTTP OPTIONS /api/auth/refresh responded 204 in 0.1146 ms
2026-03-04 14:54:53.676 +06:00 [ERR] HTTP POST /api/auth/refresh responded 500 in 21415.0171 ms
System.OperationCanceledException: The operation was canceled.
   at System.Threading.CancellationToken.ThrowOperationCanceledException()
   at System.Threading.CancellationToken.ThrowIfCancellationRequested()
   at Microsoft.EntityFrameworkCore.Storage.ExecutionStrategy.ExecuteImplementationAsync[TState,TResult](Func`4 operation, Func`4 verifySucceeded, TState state, CancellationToken cancellationToken)
   at Microsoft.EntityFrameworkCore.Storage.ExecutionStrategy.ExecuteAsync[TState,TResult](TState state, Func`4 operation, Func`4 verifySucceeded, CancellationToken cancellationToken)
   at Microsoft.EntityFrameworkCore.DbContext.SaveChangesAsync(Boolean acceptAllChangesOnSuccess, CancellationToken cancellationToken)
   at Microsoft.EntityFrameworkCore.DbContext.SaveChangesAsync(Boolean acceptAllChangesOnSuccess, CancellationToken cancellationToken)
   at EduNexis.Infrastructure.Persistence.Repositories.UnitOfWork.SaveChangesAsync(CancellationToken ct) in D:\Coding\Projects\edunexis-api\src\EduNexis.Infrastructure\Persistence\Repositories\UnitOfWork.cs:line 32
   at EduNexis.Application.Features.Auth.Commands.RefreshTokenCommandHandler.Handle(RefreshTokenCommand command, CancellationToken ct) in D:\Coding\Projects\edunexis-api\src\EduNexis.Application\Features\Auth\Commands\RefreshTokenCommand.cs:line 30
   at EduNexis.API.Controllers.AuthController.Refresh(RefreshTokenCommand command, CancellationToken ct) in D:\Coding\Projects\edunexis-api\src\EduNexis.API\Controllers\AuthController.cs:line 23
   at Microsoft.AspNetCore.Mvc.Infrastructure.ActionMethodExecutor.TaskOfIActionResultExecutor.Execute(ActionContext actionContext, IActionResultTypeMapper mapper, ObjectMethodExecutor executor, Object controller, Object[] arguments)
   at Microsoft.AspNetCore.Mvc.Infrastructure.ControllerActionInvoker.<InvokeActionMethodAsync>g__Awaited|12_0(ControllerActionInvoker invoker, ValueTask`1 actionResultValueTask)
   at Microsoft.AspNetCore.Mvc.Infrastructure.ControllerActionInvoker.<InvokeNextActionFilterAsync>g__Awaited|10_0(ControllerActionInvoker invoker, Task lastTask, State next, Scope scope, Object state, Boolean isCompleted)
   at Microsoft.AspNetCore.Mvc.Infrastructure.ControllerActionInvoker.Rethrow(ActionExecutedContextSealed context)
   at Microsoft.AspNetCore.Mvc.Infrastructure.ControllerActionInvoker.Next(State& next, Scope& scope, Object& state, Boolean& isCompleted)
   at Microsoft.AspNetCore.Mvc.Infrastructure.ControllerActionInvoker.<InvokeInnerFilterAsync>g__Awaited|13_0(ControllerActionInvoker invoker, Task lastTask, State next, Scope scope, Object state, Boolean isCompleted)
   at Microsoft.AspNetCore.Mvc.Infrastructure.ResourceInvoker.<InvokeFilterPipelineAsync>g__Awaited|20_0(ResourceInvoker invoker, Task lastTask, State next, Scope scope, Object state, Boolean isCompleted)
   at Microsoft.AspNetCore.Mvc.Infrastructure.ResourceInvoker.<InvokeAsync>g__Awaited|17_0(ResourceInvoker invoker, Task task, IDisposable scope)
   at Microsoft.AspNetCore.Mvc.Infrastructure.ResourceInvoker.<InvokeAsync>g__Awaited|17_0(ResourceInvoker invoker, Task task, IDisposable scope)
   at Microsoft.AspNetCore.Authorization.AuthorizationMiddleware.Invoke(HttpContext context)
   at Microsoft.AspNetCore.Authentication.AuthenticationMiddleware.Invoke(HttpContext context)
   at Serilog.AspNetCore.RequestLoggingMiddleware.Invoke(HttpContext httpContext)
2026-03-04 14:54:53.811 +06:00 [ERR] Unhandled exception: The operation was canceled.
System.OperationCanceledException: The operation was canceled.
   at System.Threading.CancellationToken.ThrowOperationCanceledException()
   at System.Threading.CancellationToken.ThrowIfCancellationRequested()
   at Microsoft.EntityFrameworkCore.Storage.ExecutionStrategy.ExecuteImplementationAsync[TState,TResult](Func`4 operation, Func`4 verifySucceeded, TState state, CancellationToken cancellationToken)
   at Microsoft.EntityFrameworkCore.Storage.ExecutionStrategy.ExecuteAsync[TState,TResult](TState state, Func`4 operation, Func`4 verifySucceeded, CancellationToken cancellationToken)
   at Microsoft.EntityFrameworkCore.DbContext.SaveChangesAsync(Boolean acceptAllChangesOnSuccess, CancellationToken cancellationToken)
   at Microsoft.EntityFrameworkCore.DbContext.SaveChangesAsync(Boolean acceptAllChangesOnSuccess, CancellationToken cancellationToken)
   at EduNexis.Infrastructure.Persistence.Repositories.UnitOfWork.SaveChangesAsync(CancellationToken ct) in D:\Coding\Projects\edunexis-api\src\EduNexis.Infrastructure\Persistence\Repositories\UnitOfWork.cs:line 32
   at EduNexis.Application.Features.Auth.Commands.RefreshTokenCommandHandler.Handle(RefreshTokenCommand command, CancellationToken ct) in D:\Coding\Projects\edunexis-api\src\EduNexis.Application\Features\Auth\Commands\RefreshTokenCommand.cs:line 30
   at EduNexis.API.Controllers.AuthController.Refresh(RefreshTokenCommand command, CancellationToken ct) in D:\Coding\Projects\edunexis-api\src\EduNexis.API\Controllers\AuthController.cs:line 23
   at Microsoft.AspNetCore.Mvc.Infrastructure.ActionMethodExecutor.TaskOfIActionResultExecutor.Execute(ActionContext actionContext, IActionResultTypeMapper mapper, ObjectMethodExecutor executor, Object controller, Object[] arguments)
   at Microsoft.AspNetCore.Mvc.Infrastructure.ControllerActionInvoker.<InvokeActionMethodAsync>g__Awaited|12_0(ControllerActionInvoker invoker, ValueTask`1 actionResultValueTask)
   at Microsoft.AspNetCore.Mvc.Infrastructure.ControllerActionInvoker.<InvokeNextActionFilterAsync>g__Awaited|10_0(ControllerActionInvoker invoker, Task lastTask, State next, Scope scope, Object state, Boolean isCompleted)
   at Microsoft.AspNetCore.Mvc.Infrastructure.ControllerActionInvoker.Rethrow(ActionExecutedContextSealed context)
   at Microsoft.AspNetCore.Mvc.Infrastructure.ControllerActionInvoker.Next(State& next, Scope& scope, Object& state, Boolean& isCompleted)
   at Microsoft.AspNetCore.Mvc.Infrastructure.ControllerActionInvoker.<InvokeInnerFilterAsync>g__Awaited|13_0(ControllerActionInvoker invoker, Task lastTask, State next, Scope scope, Object state, Boolean isCompleted)
   at Microsoft.AspNetCore.Mvc.Infrastructure.ResourceInvoker.<InvokeFilterPipelineAsync>g__Awaited|20_0(ResourceInvoker invoker, Task lastTask, State next, Scope scope, Object state, Boolean isCompleted)
   at Microsoft.AspNetCore.Mvc.Infrastructure.ResourceInvoker.<InvokeAsync>g__Awaited|17_0(ResourceInvoker invoker, Task task, IDisposable scope)
   at Microsoft.AspNetCore.Mvc.Infrastructure.ResourceInvoker.<InvokeAsync>g__Awaited|17_0(ResourceInvoker invoker, Task task, IDisposable scope)
   at Microsoft.AspNetCore.Authorization.AuthorizationMiddleware.Invoke(HttpContext context)
   at Microsoft.AspNetCore.Authentication.AuthenticationMiddleware.Invoke(HttpContext context)
   at Serilog.AspNetCore.RequestLoggingMiddleware.Invoke(HttpContext httpContext)
   at Swashbuckle.AspNetCore.SwaggerUI.SwaggerUIMiddleware.Invoke(HttpContext httpContext)
   at Swashbuckle.AspNetCore.Swagger.SwaggerMiddleware.Invoke(HttpContext httpContext, ISwaggerProvider swaggerProvider)
   at EduNexis.API.Middleware.ExceptionMiddleware.InvokeAsync(HttpContext context) in D:\Coding\Projects\edunexis-api\src\EduNexis.API\Middleware\ExceptionMiddleware.cs:line 15
2026-03-04 14:54:54.406 +06:00 [INF] HTTP POST /api/auth/refresh responded 200 in 848.6465 ms
2026-03-04 14:54:54.755 +06:00 [INF] HTTP GET /api/Notifications responded 200 in 303.2124 ms
2026-03-04 14:54:54.952 +06:00 [INF] HTTP OPTIONS /api/auth/logout responded 204 in 0.1186 ms
2026-03-04 14:54:55.418 +06:00 [INF] HTTP GET /api/Courses responded 200 in 966.0303 ms
2026-03-04 14:54:55.418 +06:00 [INF] HTTP GET /api/Courses responded 200 in 965.7275 ms
2026-03-04 14:55:01.946 +06:00 [INF] HTTP OPTIONS /api/auth/logout responded 204 in 0.2239 ms
2026-03-04 14:55:26.805 +06:00 [ERR] Failed executing DbCommand (30,006ms) [Parameters=[@p3='?' (DbType = Guid), @p0='?' (Size = 4000), @p1='?' (DbType = DateTime), @p2='?' (DbType = DateTime)], CommandType='"Text"', CommandTimeout='30']
SET AUTOCOMMIT = 1;
UPDATE `Users` SET `RefreshToken` = @p0, `RefreshTokenExpiry` = @p1, `UpdatedAt` = @p2
WHERE `Id` = @p3;
SELECT ROW_COUNT();
2026-03-04 14:55:26.862 +06:00 [ERR] An exception occurred in the database while saving changes for context type 'EduNexis.Infrastructure.Persistence.AppDbContext'.
Microsoft.EntityFrameworkCore.DbUpdateException: An error occurred while saving the entity changes. See the inner exception for details.
 ---> MySqlConnector.MySqlException (0x80004005): The Command Timeout expired before the operation completed.
 ---> MySqlConnector.MySqlException (0x80004005): Query execution was interrupted
   at MySqlConnector.Core.ServerSession.ReceiveReplyAsync(IOBehavior ioBehavior, CancellationToken cancellationToken) in /_/src/MySqlConnector/Core/ServerSession.cs:line 1081
   at MySqlConnector.Core.ResultSet.ReadResultSetHeaderAsync(IOBehavior ioBehavior) in /_/src/MySqlConnector/Core/ResultSet.cs:line 37
   at MySqlConnector.MySqlDataReader.ActivateResultSet(CancellationToken cancellationToken) in /_/src/MySqlConnector/MySqlDataReader.cs:line 125
   at MySqlConnector.MySqlDataReader.InitAsync(CommandListPosition commandListPosition, ICommandPayloadCreator payloadCreator, IDictionary`2 cachedProcedures, IMySqlCommand command, CommandBehavior behavior, Activity activity, IOBehavior ioBehavior, CancellationToken cancellationToken) in /_/src/MySqlConnector/MySqlDataReader.cs:line 487
   at MySqlConnector.Core.CommandExecutor.ExecuteReaderAsync(CommandListPosition commandListPosition, ICommandPayloadCreator payloadCreator, CommandBehavior behavior, Activity activity, IOBehavior ioBehavior, CancellationToken cancellationToken) in /_/src/MySqlConnector/Core/CommandExecutor.cs:line 56
   at MySqlConnector.MySqlCommand.ExecuteReaderAsync(CommandBehavior behavior, IOBehavior ioBehavior, CancellationToken cancellationToken) in /_/src/MySqlConnector/MySqlCommand.cs:line 357
   at MySqlConnector.MySqlCommand.ExecuteDbDataReaderAsync(CommandBehavior behavior, CancellationToken cancellationToken) in /_/src/MySqlConnector/MySqlCommand.cs:line 350
   at Microsoft.EntityFrameworkCore.Storage.RelationalCommand.ExecuteReaderAsync(RelationalCommandParameterObject parameterObject, CancellationToken cancellationToken)
   at Microsoft.EntityFrameworkCore.Storage.RelationalCommand.ExecuteReaderAsync(RelationalCommandParameterObject parameterObject, CancellationToken cancellationToken)
   at Microsoft.EntityFrameworkCore.Update.ReaderModificationCommandBatch.ExecuteAsync(IRelationalConnection connection, CancellationToken cancellationToken)
   --- End of inner exception stack trace ---
   at Microsoft.EntityFrameworkCore.Update.ReaderModificationCommandBatch.ExecuteAsync(IRelationalConnection connection, CancellationToken cancellationToken)
   at Microsoft.EntityFrameworkCore.Update.Internal.BatchExecutor.ExecuteAsync(IEnumerable`1 commandBatches, IRelationalConnection connection, CancellationToken cancellationToken)
   at Microsoft.EntityFrameworkCore.Update.Internal.BatchExecutor.ExecuteAsync(IEnumerable`1 commandBatches, IRelationalConnection connection, CancellationToken cancellationToken)
   at Microsoft.EntityFrameworkCore.Update.Internal.BatchExecutor.ExecuteAsync(IEnumerable`1 commandBatches, IRelationalConnection connection, CancellationToken cancellationToken)
   at Microsoft.EntityFrameworkCore.Storage.RelationalDatabase.SaveChangesAsync(IList`1 entries, CancellationToken cancellationToken)
   at Microsoft.EntityFrameworkCore.ChangeTracking.Internal.StateManager.SaveChangesAsync(IList`1 entriesToSave, CancellationToken cancellationToken)
   at Microsoft.EntityFrameworkCore.ChangeTracking.Internal.StateManager.SaveChangesAsync(StateManager stateManager, Boolean acceptAllChangesOnSuccess, CancellationToken cancellationToken)
   at Microsoft.EntityFrameworkCore.Storage.ExecutionStrategy.<>c__DisplayClass30_0`2.<<ExecuteAsync>b__0>d.MoveNext()
--- End of stack trace from previous location ---
   at Microsoft.EntityFrameworkCore.Storage.ExecutionStrategy.ExecuteImplementationAsync[TState,TResult](Func`4 operation, Func`4 verifySucceeded, TState state, CancellationToken cancellationToken)
   at Microsoft.EntityFrameworkCore.Storage.ExecutionStrategy.ExecuteImplementationAsync[TState,TResult](Func`4 operation, Func`4 verifySucceeded, TState state, CancellationToken cancellationToken)
   at Microsoft.EntityFrameworkCore.Storage.ExecutionStrategy.ExecuteAsync[TState,TResult](TState state, Func`4 operation, Func`4 verifySucceeded, CancellationToken cancellationToken)
   at Microsoft.EntityFrameworkCore.DbContext.SaveChangesAsync(Boolean acceptAllChangesOnSuccess, CancellationToken cancellationToken)
Microsoft.EntityFrameworkCore.DbUpdateException: An error occurred while saving the entity changes. See the inner exception for details.
 ---> MySqlConnector.MySqlException (0x80004005): The Command Timeout expired before the operation completed.
 ---> MySqlConnector.MySqlException (0x80004005): Query execution was interrupted
   at MySqlConnector.Core.ServerSession.ReceiveReplyAsync(IOBehavior ioBehavior, CancellationToken cancellationToken) in /_/src/MySqlConnector/Core/ServerSession.cs:line 1081
   at MySqlConnector.Core.ResultSet.ReadResultSetHeaderAsync(IOBehavior ioBehavior) in /_/src/MySqlConnector/Core/ResultSet.cs:line 37
   at MySqlConnector.MySqlDataReader.ActivateResultSet(CancellationToken cancellationToken) in /_/src/MySqlConnector/MySqlDataReader.cs:line 125
   at MySqlConnector.MySqlDataReader.InitAsync(CommandListPosition commandListPosition, ICommandPayloadCreator payloadCreator, IDictionary`2 cachedProcedures, IMySqlCommand command, CommandBehavior behavior, Activity activity, IOBehavior ioBehavior, CancellationToken cancellationToken) in /_/src/MySqlConnector/MySqlDataReader.cs:line 487
   at MySqlConnector.Core.CommandExecutor.ExecuteReaderAsync(CommandListPosition commandListPosition, ICommandPayloadCreator payloadCreator, CommandBehavior behavior, Activity activity, IOBehavior ioBehavior, CancellationToken cancellationToken) in /_/src/MySqlConnector/Core/CommandExecutor.cs:line 56
   at MySqlConnector.MySqlCommand.ExecuteReaderAsync(CommandBehavior behavior, IOBehavior ioBehavior, CancellationToken cancellationToken) in /_/src/MySqlConnector/MySqlCommand.cs:line 357
   at MySqlConnector.MySqlCommand.ExecuteDbDataReaderAsync(CommandBehavior behavior, CancellationToken cancellationToken) in /_/src/MySqlConnector/MySqlCommand.cs:line 350
   at Microsoft.EntityFrameworkCore.Storage.RelationalCommand.ExecuteReaderAsync(RelationalCommandParameterObject parameterObject, CancellationToken cancellationToken)
   at Microsoft.EntityFrameworkCore.Storage.RelationalCommand.ExecuteReaderAsync(RelationalCommandParameterObject parameterObject, CancellationToken cancellationToken)
   at Microsoft.EntityFrameworkCore.Update.ReaderModificationCommandBatch.ExecuteAsync(IRelationalConnection connection, CancellationToken cancellationToken)
   --- End of inner exception stack trace ---
   at Microsoft.EntityFrameworkCore.Update.ReaderModificationCommandBatch.ExecuteAsync(IRelationalConnection connection, CancellationToken cancellationToken)
   at Microsoft.EntityFrameworkCore.Update.Internal.BatchExecutor.ExecuteAsync(IEnumerable`1 commandBatches, IRelationalConnection connection, CancellationToken cancellationToken)
   at Microsoft.EntityFrameworkCore.Update.Internal.BatchExecutor.ExecuteAsync(IEnumerable`1 commandBatches, IRelationalConnection connection, CancellationToken cancellationToken)
   at Microsoft.EntityFrameworkCore.Update.Internal.BatchExecutor.ExecuteAsync(IEnumerable`1 commandBatches, IRelationalConnection connection, CancellationToken cancellationToken)
   at Microsoft.EntityFrameworkCore.Storage.RelationalDatabase.SaveChangesAsync(IList`1 entries, CancellationToken cancellationToken)
   at Microsoft.EntityFrameworkCore.ChangeTracking.Internal.StateManager.SaveChangesAsync(IList`1 entriesToSave, CancellationToken cancellationToken)
   at Microsoft.EntityFrameworkCore.ChangeTracking.Internal.StateManager.SaveChangesAsync(StateManager stateManager, Boolean acceptAllChangesOnSuccess, CancellationToken cancellationToken)
   at Microsoft.EntityFrameworkCore.Storage.ExecutionStrategy.<>c__DisplayClass30_0`2.<<ExecuteAsync>b__0>d.MoveNext()
--- End of stack trace from previous location ---
   at Microsoft.EntityFrameworkCore.Storage.ExecutionStrategy.ExecuteImplementationAsync[TState,TResult](Func`4 operation, Func`4 verifySucceeded, TState state, CancellationToken cancellationToken)
   at Microsoft.EntityFrameworkCore.Storage.ExecutionStrategy.ExecuteImplementationAsync[TState,TResult](Func`4 operation, Func`4 verifySucceeded, TState state, CancellationToken cancellationToken)
   at Microsoft.EntityFrameworkCore.Storage.ExecutionStrategy.ExecuteAsync[TState,TResult](TState state, Func`4 operation, Func`4 verifySucceeded, CancellationToken cancellationToken)
   at Microsoft.EntityFrameworkCore.DbContext.SaveChangesAsync(Boolean acceptAllChangesOnSuccess, CancellationToken cancellationToken)
2026-03-04 14:55:26.910 +06:00 [ERR] HTTP POST /api/auth/logout responded 500 in 30149.8095 ms
Microsoft.EntityFrameworkCore.DbUpdateException: An error occurred while saving the entity changes. See the inner exception for details.
 ---> MySqlConnector.MySqlException (0x80004005): The Command Timeout expired before the operation completed.
 ---> MySqlConnector.MySqlException (0x80004005): Query execution was interrupted
   at MySqlConnector.Core.ServerSession.ReceiveReplyAsync(IOBehavior ioBehavior, CancellationToken cancellationToken) in /_/src/MySqlConnector/Core/ServerSession.cs:line 1081
   at MySqlConnector.Core.ResultSet.ReadResultSetHeaderAsync(IOBehavior ioBehavior) in /_/src/MySqlConnector/Core/ResultSet.cs:line 37
   at MySqlConnector.MySqlDataReader.ActivateResultSet(CancellationToken cancellationToken) in /_/src/MySqlConnector/MySqlDataReader.cs:line 125
   at MySqlConnector.MySqlDataReader.InitAsync(CommandListPosition commandListPosition, ICommandPayloadCreator payloadCreator, IDictionary`2 cachedProcedures, IMySqlCommand command, CommandBehavior behavior, Activity activity, IOBehavior ioBehavior, CancellationToken cancellationToken) in /_/src/MySqlConnector/MySqlDataReader.cs:line 487
   at MySqlConnector.Core.CommandExecutor.ExecuteReaderAsync(CommandListPosition commandListPosition, ICommandPayloadCreator payloadCreator, CommandBehavior behavior, Activity activity, IOBehavior ioBehavior, CancellationToken cancellationToken) in /_/src/MySqlConnector/Core/CommandExecutor.cs:line 56
   at MySqlConnector.MySqlCommand.ExecuteReaderAsync(CommandBehavior behavior, IOBehavior ioBehavior, CancellationToken cancellationToken) in /_/src/MySqlConnector/MySqlCommand.cs:line 357
   at MySqlConnector.MySqlCommand.ExecuteDbDataReaderAsync(CommandBehavior behavior, CancellationToken cancellationToken) in /_/src/MySqlConnector/MySqlCommand.cs:line 350
   at Microsoft.EntityFrameworkCore.Storage.RelationalCommand.ExecuteReaderAsync(RelationalCommandParameterObject parameterObject, CancellationToken cancellationToken)
   at Microsoft.EntityFrameworkCore.Storage.RelationalCommand.ExecuteReaderAsync(RelationalCommandParameterObject parameterObject, CancellationToken cancellationToken)
   at Microsoft.EntityFrameworkCore.Update.ReaderModificationCommandBatch.ExecuteAsync(IRelationalConnection connection, CancellationToken cancellationToken)
   --- End of inner exception stack trace ---
   at Microsoft.EntityFrameworkCore.Update.ReaderModificationCommandBatch.ExecuteAsync(IRelationalConnection connection, CancellationToken cancellationToken)
   at Microsoft.EntityFrameworkCore.Update.Internal.BatchExecutor.ExecuteAsync(IEnumerable`1 commandBatches, IRelationalConnection connection, CancellationToken cancellationToken)
   at Microsoft.EntityFrameworkCore.Update.Internal.BatchExecutor.ExecuteAsync(IEnumerable`1 commandBatches, IRelationalConnection connection, CancellationToken cancellationToken)
   at Microsoft.EntityFrameworkCore.Update.Internal.BatchExecutor.ExecuteAsync(IEnumerable`1 commandBatches, IRelationalConnection connection, CancellationToken cancellationToken)
   at Microsoft.EntityFrameworkCore.Storage.RelationalDatabase.SaveChangesAsync(IList`1 entries, CancellationToken cancellationToken)
   at Microsoft.EntityFrameworkCore.ChangeTracking.Internal.StateManager.SaveChangesAsync(IList`1 entriesToSave, CancellationToken cancellationToken)
   at Microsoft.EntityFrameworkCore.ChangeTracking.Internal.StateManager.SaveChangesAsync(StateManager stateManager, Boolean acceptAllChangesOnSuccess, CancellationToken cancellationToken)
   at Microsoft.EntityFrameworkCore.Storage.ExecutionStrategy.<>c__DisplayClass30_0`2.<<ExecuteAsync>b__0>d.MoveNext()
--- End of stack trace from previous location ---
   at Microsoft.EntityFrameworkCore.Storage.ExecutionStrategy.ExecuteImplementationAsync[TState,TResult](Func`4 operation, Func`4 verifySucceeded, TState state, CancellationToken cancellationToken)
   at Microsoft.EntityFrameworkCore.Storage.ExecutionStrategy.ExecuteImplementationAsync[TState,TResult](Func`4 operation, Func`4 verifySucceeded, TState state, CancellationToken cancellationToken)
   at Microsoft.EntityFrameworkCore.Storage.ExecutionStrategy.ExecuteAsync[TState,TResult](TState state, Func`4 operation, Func`4 verifySucceeded, CancellationToken cancellationToken)
   at Microsoft.EntityFrameworkCore.DbContext.SaveChangesAsync(Boolean acceptAllChangesOnSuccess, CancellationToken cancellationToken)
   at Microsoft.EntityFrameworkCore.DbContext.SaveChangesAsync(Boolean acceptAllChangesOnSuccess, CancellationToken cancellationToken)
   at EduNexis.Infrastructure.Persistence.Repositories.UnitOfWork.SaveChangesAsync(CancellationToken ct) in D:\Coding\Projects\edunexis-api\src\EduNexis.Infrastructure\Persistence\Repositories\UnitOfWork.cs:line 32
   at EduNexis.Application.Features.Auth.Commands.LogoutUserCommandHandler.Handle(LogoutUserCommand command, CancellationToken ct) in D:\Coding\Projects\edunexis-api\src\EduNexis.Application\Features\Auth\Commands\LogoutUserCommand.cs:line 19
   at EduNexis.API.Controllers.AuthController.Logout(CancellationToken ct) in D:\Coding\Projects\edunexis-api\src\EduNexis.API\Controllers\AuthController.cs:line 28
   at Microsoft.AspNetCore.Mvc.Infrastructure.ActionMethodExecutor.TaskOfIActionResultExecutor.Execute(ActionContext actionContext, IActionResultTypeMapper mapper, ObjectMethodExecutor executor, Object controller, Object[] arguments)
   at Microsoft.AspNetCore.Mvc.Infrastructure.ControllerActionInvoker.<InvokeActionMethodAsync>g__Awaited|12_0(ControllerActionInvoker invoker, ValueTask`1 actionResultValueTask)
   at Microsoft.AspNetCore.Mvc.Infrastructure.ControllerActionInvoker.<InvokeNextActionFilterAsync>g__Awaited|10_0(ControllerActionInvoker invoker, Task lastTask, State next, Scope scope, Object state, Boolean isCompleted)
   at Microsoft.AspNetCore.Mvc.Infrastructure.ControllerActionInvoker.Rethrow(ActionExecutedContextSealed context)
   at Microsoft.AspNetCore.Mvc.Infrastructure.ControllerActionInvoker.Next(State& next, Scope& scope, Object& state, Boolean& isCompleted)
   at Microsoft.AspNetCore.Mvc.Infrastructure.ControllerActionInvoker.<InvokeInnerFilterAsync>g__Awaited|13_0(ControllerActionInvoker invoker, Task lastTask, State next, Scope scope, Object state, Boolean isCompleted)
   at Microsoft.AspNetCore.Mvc.Infrastructure.ResourceInvoker.<InvokeFilterPipelineAsync>g__Awaited|20_0(ResourceInvoker invoker, Task lastTask, State next, Scope scope, Object state, Boolean isCompleted)
   at Microsoft.AspNetCore.Mvc.Infrastructure.ResourceInvoker.<InvokeAsync>g__Awaited|17_0(ResourceInvoker invoker, Task task, IDisposable scope)
   at Microsoft.AspNetCore.Mvc.Infrastructure.ResourceInvoker.<InvokeAsync>g__Awaited|17_0(ResourceInvoker invoker, Task task, IDisposable scope)
   at Microsoft.AspNetCore.Authorization.AuthorizationMiddleware.Invoke(HttpContext context)
   at Microsoft.AspNetCore.Authentication.AuthenticationMiddleware.Invoke(HttpContext context)
   at Serilog.AspNetCore.RequestLoggingMiddleware.Invoke(HttpContext httpContext)
2026-03-04 14:55:26.959 +06:00 [ERR] Unhandled exception: An error occurred while saving the entity changes. See the inner exception for details.
Microsoft.EntityFrameworkCore.DbUpdateException: An error occurred while saving the entity changes. See the inner exception for details.
 ---> MySqlConnector.MySqlException (0x80004005): The Command Timeout expired before the operation completed.
 ---> MySqlConnector.MySqlException (0x80004005): Query execution was interrupted
   at MySqlConnector.Core.ServerSession.ReceiveReplyAsync(IOBehavior ioBehavior, CancellationToken cancellationToken) in /_/src/MySqlConnector/Core/ServerSession.cs:line 1081
   at MySqlConnector.Core.ResultSet.ReadResultSetHeaderAsync(IOBehavior ioBehavior) in /_/src/MySqlConnector/Core/ResultSet.cs:line 37
   at MySqlConnector.MySqlDataReader.ActivateResultSet(CancellationToken cancellationToken) in /_/src/MySqlConnector/MySqlDataReader.cs:line 125
   at MySqlConnector.MySqlDataReader.InitAsync(CommandListPosition commandListPosition, ICommandPayloadCreator payloadCreator, IDictionary`2 cachedProcedures, IMySqlCommand command, CommandBehavior behavior, Activity activity, IOBehavior ioBehavior, CancellationToken cancellationToken) in /_/src/MySqlConnector/MySqlDataReader.cs:line 487
   at MySqlConnector.Core.CommandExecutor.ExecuteReaderAsync(CommandListPosition commandListPosition, ICommandPayloadCreator payloadCreator, CommandBehavior behavior, Activity activity, IOBehavior ioBehavior, CancellationToken cancellationToken) in /_/src/MySqlConnector/Core/CommandExecutor.cs:line 56
   at MySqlConnector.MySqlCommand.ExecuteReaderAsync(CommandBehavior behavior, IOBehavior ioBehavior, CancellationToken cancellationToken) in /_/src/MySqlConnector/MySqlCommand.cs:line 357
   at MySqlConnector.MySqlCommand.ExecuteDbDataReaderAsync(CommandBehavior behavior, CancellationToken cancellationToken) in /_/src/MySqlConnector/MySqlCommand.cs:line 350
   at Microsoft.EntityFrameworkCore.Storage.RelationalCommand.ExecuteReaderAsync(RelationalCommandParameterObject parameterObject, CancellationToken cancellationToken)
   at Microsoft.EntityFrameworkCore.Storage.RelationalCommand.ExecuteReaderAsync(RelationalCommandParameterObject parameterObject, CancellationToken cancellationToken)
   at Microsoft.EntityFrameworkCore.Update.ReaderModificationCommandBatch.ExecuteAsync(IRelationalConnection connection, CancellationToken cancellationToken)
   --- End of inner exception stack trace ---
   at Microsoft.EntityFrameworkCore.Update.ReaderModificationCommandBatch.ExecuteAsync(IRelationalConnection connection, CancellationToken cancellationToken)
   at Microsoft.EntityFrameworkCore.Update.Internal.BatchExecutor.ExecuteAsync(IEnumerable`1 commandBatches, IRelationalConnection connection, CancellationToken cancellationToken)
   at Microsoft.EntityFrameworkCore.Update.Internal.BatchExecutor.ExecuteAsync(IEnumerable`1 commandBatches, IRelationalConnection connection, CancellationToken cancellationToken)
   at Microsoft.EntityFrameworkCore.Update.Internal.BatchExecutor.ExecuteAsync(IEnumerable`1 commandBatches, IRelationalConnection connection, CancellationToken cancellationToken)
   at Microsoft.EntityFrameworkCore.Storage.RelationalDatabase.SaveChangesAsync(IList`1 entries, CancellationToken cancellationToken)
   at Microsoft.EntityFrameworkCore.ChangeTracking.Internal.StateManager.SaveChangesAsync(IList`1 entriesToSave, CancellationToken cancellationToken)
   at Microsoft.EntityFrameworkCore.ChangeTracking.Internal.StateManager.SaveChangesAsync(StateManager stateManager, Boolean acceptAllChangesOnSuccess, CancellationToken cancellationToken)
   at Microsoft.EntityFrameworkCore.Storage.ExecutionStrategy.<>c__DisplayClass30_0`2.<<ExecuteAsync>b__0>d.MoveNext()
--- End of stack trace from previous location ---
   at Microsoft.EntityFrameworkCore.Storage.ExecutionStrategy.ExecuteImplementationAsync[TState,TResult](Func`4 operation, Func`4 verifySucceeded, TState state, CancellationToken cancellationToken)
   at Microsoft.EntityFrameworkCore.Storage.ExecutionStrategy.ExecuteImplementationAsync[TState,TResult](Func`4 operation, Func`4 verifySucceeded, TState state, CancellationToken cancellationToken)
   at Microsoft.EntityFrameworkCore.Storage.ExecutionStrategy.ExecuteAsync[TState,TResult](TState state, Func`4 operation, Func`4 verifySucceeded, CancellationToken cancellationToken)
   at Microsoft.EntityFrameworkCore.DbContext.SaveChangesAsync(Boolean acceptAllChangesOnSuccess, CancellationToken cancellationToken)
   at Microsoft.EntityFrameworkCore.DbContext.SaveChangesAsync(Boolean acceptAllChangesOnSuccess, CancellationToken cancellationToken)
   at EduNexis.Infrastructure.Persistence.Repositories.UnitOfWork.SaveChangesAsync(CancellationToken ct) in D:\Coding\Projects\edunexis-api\src\EduNexis.Infrastructure\Persistence\Repositories\UnitOfWork.cs:line 32
   at EduNexis.Application.Features.Auth.Commands.LogoutUserCommandHandler.Handle(LogoutUserCommand command, CancellationToken ct) in D:\Coding\Projects\edunexis-api\src\EduNexis.Application\Features\Auth\Commands\LogoutUserCommand.cs:line 19
   at EduNexis.API.Controllers.AuthController.Logout(CancellationToken ct) in D:\Coding\Projects\edunexis-api\src\EduNexis.API\Controllers\AuthController.cs:line 28
   at Microsoft.AspNetCore.Mvc.Infrastructure.ActionMethodExecutor.TaskOfIActionResultExecutor.Execute(ActionContext actionContext, IActionResultTypeMapper mapper, ObjectMethodExecutor executor, Object controller, Object[] arguments)
   at Microsoft.AspNetCore.Mvc.Infrastructure.ControllerActionInvoker.<InvokeActionMethodAsync>g__Awaited|12_0(ControllerActionInvoker invoker, ValueTask`1 actionResultValueTask)
   at Microsoft.AspNetCore.Mvc.Infrastructure.ControllerActionInvoker.<InvokeNextActionFilterAsync>g__Awaited|10_0(ControllerActionInvoker invoker, Task lastTask, State next, Scope scope, Object state, Boolean isCompleted)
   at Microsoft.AspNetCore.Mvc.Infrastructure.ControllerActionInvoker.Rethrow(ActionExecutedContextSealed context)
   at Microsoft.AspNetCore.Mvc.Infrastructure.ControllerActionInvoker.Next(State& next, Scope& scope, Object& state, Boolean& isCompleted)
   at Microsoft.AspNetCore.Mvc.Infrastructure.ControllerActionInvoker.<InvokeInnerFilterAsync>g__Awaited|13_0(ControllerActionInvoker invoker, Task lastTask, State next, Scope scope, Object state, Boolean isCompleted)
   at Microsoft.AspNetCore.Mvc.Infrastructure.ResourceInvoker.<InvokeFilterPipelineAsync>g__Awaited|20_0(ResourceInvoker invoker, Task lastTask, State next, Scope scope, Object state, Boolean isCompleted)
   at Microsoft.AspNetCore.Mvc.Infrastructure.ResourceInvoker.<InvokeAsync>g__Awaited|17_0(ResourceInvoker invoker, Task task, IDisposable scope)
   at Microsoft.AspNetCore.Mvc.Infrastructure.ResourceInvoker.<InvokeAsync>g__Awaited|17_0(ResourceInvoker invoker, Task task, IDisposable scope)
   at Microsoft.AspNetCore.Authorization.AuthorizationMiddleware.Invoke(HttpContext context)
   at Microsoft.AspNetCore.Authentication.AuthenticationMiddleware.Invoke(HttpContext context)
   at Serilog.AspNetCore.RequestLoggingMiddleware.Invoke(HttpContext httpContext)
   at Swashbuckle.AspNetCore.SwaggerUI.SwaggerUIMiddleware.Invoke(HttpContext httpContext)
   at Swashbuckle.AspNetCore.Swagger.SwaggerMiddleware.Invoke(HttpContext httpContext, ISwaggerProvider swaggerProvider)
   at EduNexis.API.Middleware.ExceptionMiddleware.InvokeAsync(HttpContext context) in D:\Coding\Projects\edunexis-api\src\EduNexis.API\Middleware\ExceptionMiddleware.cs:line 15
2026-03-04 14:55:27.088 +06:00 [ERR] Failed executing DbCommand (32,006ms) [Parameters=[@p3='?' (DbType = Guid), @p0='?' (Size = 4000), @p1='?' (DbType = DateTime), @p2='?' (DbType = DateTime)], CommandType='"Text"', CommandTimeout='30']
SET AUTOCOMMIT = 1;
UPDATE `Users` SET `RefreshToken` = @p0, `RefreshTokenExpiry` = @p1, `UpdatedAt` = @p2
WHERE `Id` = @p3;
SELECT ROW_COUNT();
2026-03-04 14:55:27.125 +06:00 [ERR] An exception occurred in the database while saving changes for context type 'EduNexis.Infrastructure.Persistence.AppDbContext'.
Microsoft.EntityFrameworkCore.DbUpdateException: An error occurred while saving the entity changes. See the inner exception for details.
 ---> MySqlConnector.MySqlException (0x80004005): The Command Timeout expired before the operation completed.
 ---> System.Net.Sockets.SocketException (995): The I/O operation has been aborted because of either a thread exit or an application request.
   at System.Net.Sockets.Socket.AwaitableSocketAsyncEventArgs.ThrowException(SocketError error, CancellationToken cancellationToken)
   at System.Net.Sockets.Socket.AwaitableSocketAsyncEventArgs.System.Threading.Tasks.Sources.IValueTaskSource<System.Int32>.GetResult(Int16 token)
   at MySqlConnector.Protocol.Serialization.SocketByteHandler.DoReadBytesAsync(Memory`1 buffer) in /_/src/MySqlConnector/Protocol/Serialization/SocketByteHandler.cs:line 89
   at MySqlConnector.Protocol.Serialization.SocketByteHandler.DoReadBytesAsync(Memory`1 buffer) in /_/src/MySqlConnector/Protocol/Serialization/SocketByteHandler.cs:line 98
   at MySqlConnector.Protocol.Serialization.BufferedByteReader.ReadBytesAsync(IByteHandler byteHandler, ArraySegment`1 buffer, Int32 totalBytesToRead, IOBehavior ioBehavior) in /_/src/MySqlConnector/Protocol/Serialization/BufferedByteReader.cs:line 34
   at MySqlConnector.Protocol.Serialization.ProtocolUtility.ReadPayloadAsync(BufferedByteReader bufferedByteReader, IByteHandler byteHandler, Func`1 getNextSequenceNumber, ArraySegmentHolder`1 previousPayloads, ProtocolErrorBehavior protocolErrorBehavior, IOBehavior ioBehavior) in /_/src/MySqlConnector/Protocol/Serialization/ProtocolUtility.cs:line 420
   at MySqlConnector.Core.ServerSession.ReceiveReplyAsync(IOBehavior ioBehavior, CancellationToken cancellationToken) in /_/src/MySqlConnector/Core/ServerSession.cs:line 1070
   at MySqlConnector.Core.ResultSet.ReadResultSetHeaderAsync(IOBehavior ioBehavior) in /_/src/MySqlConnector/Core/ResultSet.cs:line 37
   at MySqlConnector.MySqlDataReader.ActivateResultSet(CancellationToken cancellationToken) in /_/src/MySqlConnector/MySqlDataReader.cs:line 131
   at MySqlConnector.MySqlDataReader.InitAsync(CommandListPosition commandListPosition, ICommandPayloadCreator payloadCreator, IDictionary`2 cachedProcedures, IMySqlCommand command, CommandBehavior behavior, Activity activity, IOBehavior ioBehavior, CancellationToken cancellationToken) in /_/src/MySqlConnector/MySqlDataReader.cs:line 487
   at MySqlConnector.Core.CommandExecutor.ExecuteReaderAsync(CommandListPosition commandListPosition, ICommandPayloadCreator payloadCreator, CommandBehavior behavior, Activity activity, IOBehavior ioBehavior, CancellationToken cancellationToken) in /_/src/MySqlConnector/Core/CommandExecutor.cs:line 56
   at MySqlConnector.MySqlCommand.ExecuteReaderAsync(CommandBehavior behavior, IOBehavior ioBehavior, CancellationToken cancellationToken) in /_/src/MySqlConnector/MySqlCommand.cs:line 357
   at MySqlConnector.MySqlCommand.ExecuteDbDataReaderAsync(CommandBehavior behavior, CancellationToken cancellationToken) in /_/src/MySqlConnector/MySqlCommand.cs:line 350
   at Microsoft.EntityFrameworkCore.Storage.RelationalCommand.ExecuteReaderAsync(RelationalCommandParameterObject parameterObject, CancellationToken cancellationToken)
   at Microsoft.EntityFrameworkCore.Storage.RelationalCommand.ExecuteReaderAsync(RelationalCommandParameterObject parameterObject, CancellationToken cancellationToken)
   at Microsoft.EntityFrameworkCore.Update.ReaderModificationCommandBatch.ExecuteAsync(IRelationalConnection connection, CancellationToken cancellationToken)
   --- End of inner exception stack trace ---
   at Microsoft.EntityFrameworkCore.Update.ReaderModificationCommandBatch.ExecuteAsync(IRelationalConnection connection, CancellationToken cancellationToken)
   at Microsoft.EntityFrameworkCore.Update.Internal.BatchExecutor.ExecuteAsync(IEnumerable`1 commandBatches, IRelationalConnection connection, CancellationToken cancellationToken)
   at Microsoft.EntityFrameworkCore.Update.Internal.BatchExecutor.ExecuteAsync(IEnumerable`1 commandBatches, IRelationalConnection connection, CancellationToken cancellationToken)
   at Microsoft.EntityFrameworkCore.Update.Internal.BatchExecutor.ExecuteAsync(IEnumerable`1 commandBatches, IRelationalConnection connection, CancellationToken cancellationToken)
   at Microsoft.EntityFrameworkCore.Storage.RelationalDatabase.SaveChangesAsync(IList`1 entries, CancellationToken cancellationToken)
   at Microsoft.EntityFrameworkCore.ChangeTracking.Internal.StateManager.SaveChangesAsync(IList`1 entriesToSave, CancellationToken cancellationToken)
   at Microsoft.EntityFrameworkCore.ChangeTracking.Internal.StateManager.SaveChangesAsync(StateManager stateManager, Boolean acceptAllChangesOnSuccess, CancellationToken cancellationToken)
   at Microsoft.EntityFrameworkCore.Storage.ExecutionStrategy.<>c__DisplayClass30_0`2.<<ExecuteAsync>b__0>d.MoveNext()
--- End of stack trace from previous location ---
   at Microsoft.EntityFrameworkCore.Storage.ExecutionStrategy.ExecuteImplementationAsync[TState,TResult](Func`4 operation, Func`4 verifySucceeded, TState state, CancellationToken cancellationToken)
   at Microsoft.EntityFrameworkCore.Storage.ExecutionStrategy.ExecuteImplementationAsync[TState,TResult](Func`4 operation, Func`4 verifySucceeded, TState state, CancellationToken cancellationToken)
   at Microsoft.EntityFrameworkCore.Storage.ExecutionStrategy.ExecuteAsync[TState,TResult](TState state, Func`4 operation, Func`4 verifySucceeded, CancellationToken cancellationToken)
   at Microsoft.EntityFrameworkCore.DbContext.SaveChangesAsync(Boolean acceptAllChangesOnSuccess, CancellationToken cancellationToken)
Microsoft.EntityFrameworkCore.DbUpdateException: An error occurred while saving the entity changes. See the inner exception for details.
 ---> MySqlConnector.MySqlException (0x80004005): The Command Timeout expired before the operation completed.
 ---> System.Net.Sockets.SocketException (995): The I/O operation has been aborted because of either a thread exit or an application request.
   at System.Net.Sockets.Socket.AwaitableSocketAsyncEventArgs.ThrowException(SocketError error, CancellationToken cancellationToken)
   at System.Net.Sockets.Socket.AwaitableSocketAsyncEventArgs.System.Threading.Tasks.Sources.IValueTaskSource<System.Int32>.GetResult(Int16 token)
   at MySqlConnector.Protocol.Serialization.SocketByteHandler.DoReadBytesAsync(Memory`1 buffer) in /_/src/MySqlConnector/Protocol/Serialization/SocketByteHandler.cs:line 89
   at MySqlConnector.Protocol.Serialization.SocketByteHandler.DoReadBytesAsync(Memory`1 buffer) in /_/src/MySqlConnector/Protocol/Serialization/SocketByteHandler.cs:line 98
   at MySqlConnector.Protocol.Serialization.BufferedByteReader.ReadBytesAsync(IByteHandler byteHandler, ArraySegment`1 buffer, Int32 totalBytesToRead, IOBehavior ioBehavior) in /_/src/MySqlConnector/Protocol/Serialization/BufferedByteReader.cs:line 34
   at MySqlConnector.Protocol.Serialization.ProtocolUtility.ReadPayloadAsync(BufferedByteReader bufferedByteReader, IByteHandler byteHandler, Func`1 getNextSequenceNumber, ArraySegmentHolder`1 previousPayloads, ProtocolErrorBehavior protocolErrorBehavior, IOBehavior ioBehavior) in /_/src/MySqlConnector/Protocol/Serialization/ProtocolUtility.cs:line 420
   at MySqlConnector.Core.ServerSession.ReceiveReplyAsync(IOBehavior ioBehavior, CancellationToken cancellationToken) in /_/src/MySqlConnector/Core/ServerSession.cs:line 1070
   at MySqlConnector.Core.ResultSet.ReadResultSetHeaderAsync(IOBehavior ioBehavior) in /_/src/MySqlConnector/Core/ResultSet.cs:line 37
   at MySqlConnector.MySqlDataReader.ActivateResultSet(CancellationToken cancellationToken) in /_/src/MySqlConnector/MySqlDataReader.cs:line 131
   at MySqlConnector.MySqlDataReader.InitAsync(CommandListPosition commandListPosition, ICommandPayloadCreator payloadCreator, IDictionary`2 cachedProcedures, IMySqlCommand command, CommandBehavior behavior, Activity activity, IOBehavior ioBehavior, CancellationToken cancellationToken) in /_/src/MySqlConnector/MySqlDataReader.cs:line 487
   at MySqlConnector.Core.CommandExecutor.ExecuteReaderAsync(CommandListPosition commandListPosition, ICommandPayloadCreator payloadCreator, CommandBehavior behavior, Activity activity, IOBehavior ioBehavior, CancellationToken cancellationToken) in /_/src/MySqlConnector/Core/CommandExecutor.cs:line 56
   at MySqlConnector.MySqlCommand.ExecuteReaderAsync(CommandBehavior behavior, IOBehavior ioBehavior, CancellationToken cancellationToken) in /_/src/MySqlConnector/MySqlCommand.cs:line 357
   at MySqlConnector.MySqlCommand.ExecuteDbDataReaderAsync(CommandBehavior behavior, CancellationToken cancellationToken) in /_/src/MySqlConnector/MySqlCommand.cs:line 350
   at Microsoft.EntityFrameworkCore.Storage.RelationalCommand.ExecuteReaderAsync(RelationalCommandParameterObject parameterObject, CancellationToken cancellationToken)
   at Microsoft.EntityFrameworkCore.Storage.RelationalCommand.ExecuteReaderAsync(RelationalCommandParameterObject parameterObject, CancellationToken cancellationToken)
   at Microsoft.EntityFrameworkCore.Update.ReaderModificationCommandBatch.ExecuteAsync(IRelationalConnection connection, CancellationToken cancellationToken)
   --- End of inner exception stack trace ---
   at Microsoft.EntityFrameworkCore.Update.ReaderModificationCommandBatch.ExecuteAsync(IRelationalConnection connection, CancellationToken cancellationToken)
   at Microsoft.EntityFrameworkCore.Update.Internal.BatchExecutor.ExecuteAsync(IEnumerable`1 commandBatches, IRelationalConnection connection, CancellationToken cancellationToken)
   at Microsoft.EntityFrameworkCore.Update.Internal.BatchExecutor.ExecuteAsync(IEnumerable`1 commandBatches, IRelationalConnection connection, CancellationToken cancellationToken)
   at Microsoft.EntityFrameworkCore.Update.Internal.BatchExecutor.ExecuteAsync(IEnumerable`1 commandBatches, IRelationalConnection connection, CancellationToken cancellationToken)
   at Microsoft.EntityFrameworkCore.Storage.RelationalDatabase.SaveChangesAsync(IList`1 entries, CancellationToken cancellationToken)
   at Microsoft.EntityFrameworkCore.ChangeTracking.Internal.StateManager.SaveChangesAsync(IList`1 entriesToSave, CancellationToken cancellationToken)
   at Microsoft.EntityFrameworkCore.ChangeTracking.Internal.StateManager.SaveChangesAsync(StateManager stateManager, Boolean acceptAllChangesOnSuccess, CancellationToken cancellationToken)
   at Microsoft.EntityFrameworkCore.Storage.ExecutionStrategy.<>c__DisplayClass30_0`2.<<ExecuteAsync>b__0>d.MoveNext()
--- End of stack trace from previous location ---
   at Microsoft.EntityFrameworkCore.Storage.ExecutionStrategy.ExecuteImplementationAsync[TState,TResult](Func`4 operation, Func`4 verifySucceeded, TState state, CancellationToken cancellationToken)
   at Microsoft.EntityFrameworkCore.Storage.ExecutionStrategy.ExecuteImplementationAsync[TState,TResult](Func`4 operation, Func`4 verifySucceeded, TState state, CancellationToken cancellationToken)
   at Microsoft.EntityFrameworkCore.Storage.ExecutionStrategy.ExecuteAsync[TState,TResult](TState state, Func`4 operation, Func`4 verifySucceeded, CancellationToken cancellationToken)
   at Microsoft.EntityFrameworkCore.DbContext.SaveChangesAsync(Boolean acceptAllChangesOnSuccess, CancellationToken cancellationToken)
2026-03-04 14:55:27.163 +06:00 [ERR] HTTP POST /api/auth/logout responded 500 in 32195.7725 ms
Microsoft.EntityFrameworkCore.DbUpdateException: An error occurred while saving the entity changes. See the inner exception for details.
 ---> MySqlConnector.MySqlException (0x80004005): The Command Timeout expired before the operation completed.
 ---> System.Net.Sockets.SocketException (995): The I/O operation has been aborted because of either a thread exit or an application request.
   at System.Net.Sockets.Socket.AwaitableSocketAsyncEventArgs.ThrowException(SocketError error, CancellationToken cancellationToken)
   at System.Net.Sockets.Socket.AwaitableSocketAsyncEventArgs.System.Threading.Tasks.Sources.IValueTaskSource<System.Int32>.GetResult(Int16 token)
   at MySqlConnector.Protocol.Serialization.SocketByteHandler.DoReadBytesAsync(Memory`1 buffer) in /_/src/MySqlConnector/Protocol/Serialization/SocketByteHandler.cs:line 89
   at MySqlConnector.Protocol.Serialization.SocketByteHandler.DoReadBytesAsync(Memory`1 buffer) in /_/src/MySqlConnector/Protocol/Serialization/SocketByteHandler.cs:line 98
   at MySqlConnector.Protocol.Serialization.BufferedByteReader.ReadBytesAsync(IByteHandler byteHandler, ArraySegment`1 buffer, Int32 totalBytesToRead, IOBehavior ioBehavior) in /_/src/MySqlConnector/Protocol/Serialization/BufferedByteReader.cs:line 34
   at MySqlConnector.Protocol.Serialization.ProtocolUtility.ReadPayloadAsync(BufferedByteReader bufferedByteReader, IByteHandler byteHandler, Func`1 getNextSequenceNumber, ArraySegmentHolder`1 previousPayloads, ProtocolErrorBehavior protocolErrorBehavior, IOBehavior ioBehavior) in /_/src/MySqlConnector/Protocol/Serialization/ProtocolUtility.cs:line 420
   at MySqlConnector.Core.ServerSession.ReceiveReplyAsync(IOBehavior ioBehavior, CancellationToken cancellationToken) in /_/src/MySqlConnector/Core/ServerSession.cs:line 1070
   at MySqlConnector.Core.ResultSet.ReadResultSetHeaderAsync(IOBehavior ioBehavior) in /_/src/MySqlConnector/Core/ResultSet.cs:line 37
   at MySqlConnector.MySqlDataReader.ActivateResultSet(CancellationToken cancellationToken) in /_/src/MySqlConnector/MySqlDataReader.cs:line 131
   at MySqlConnector.MySqlDataReader.InitAsync(CommandListPosition commandListPosition, ICommandPayloadCreator payloadCreator, IDictionary`2 cachedProcedures, IMySqlCommand command, CommandBehavior behavior, Activity activity, IOBehavior ioBehavior, CancellationToken cancellationToken) in /_/src/MySqlConnector/MySqlDataReader.cs:line 487
   at MySqlConnector.Core.CommandExecutor.ExecuteReaderAsync(CommandListPosition commandListPosition, ICommandPayloadCreator payloadCreator, CommandBehavior behavior, Activity activity, IOBehavior ioBehavior, CancellationToken cancellationToken) in /_/src/MySqlConnector/Core/CommandExecutor.cs:line 56
   at MySqlConnector.MySqlCommand.ExecuteReaderAsync(CommandBehavior behavior, IOBehavior ioBehavior, CancellationToken cancellationToken) in /_/src/MySqlConnector/MySqlCommand.cs:line 357
   at MySqlConnector.MySqlCommand.ExecuteDbDataReaderAsync(CommandBehavior behavior, CancellationToken cancellationToken) in /_/src/MySqlConnector/MySqlCommand.cs:line 350
   at Microsoft.EntityFrameworkCore.Storage.RelationalCommand.ExecuteReaderAsync(RelationalCommandParameterObject parameterObject, CancellationToken cancellationToken)
   at Microsoft.EntityFrameworkCore.Storage.RelationalCommand.ExecuteReaderAsync(RelationalCommandParameterObject parameterObject, CancellationToken cancellationToken)
   at Microsoft.EntityFrameworkCore.Update.ReaderModificationCommandBatch.ExecuteAsync(IRelationalConnection connection, CancellationToken cancellationToken)
   --- End of inner exception stack trace ---
   at Microsoft.EntityFrameworkCore.Update.ReaderModificationCommandBatch.ExecuteAsync(IRelationalConnection connection, CancellationToken cancellationToken)
   at Microsoft.EntityFrameworkCore.Update.Internal.BatchExecutor.ExecuteAsync(IEnumerable`1 commandBatches, IRelationalConnection connection, CancellationToken cancellationToken)
   at Microsoft.EntityFrameworkCore.Update.Internal.BatchExecutor.ExecuteAsync(IEnumerable`1 commandBatches, IRelationalConnection connection, CancellationToken cancellationToken)
   at Microsoft.EntityFrameworkCore.Update.Internal.BatchExecutor.ExecuteAsync(IEnumerable`1 commandBatches, IRelationalConnection connection, CancellationToken cancellationToken)
   at Microsoft.EntityFrameworkCore.Storage.RelationalDatabase.SaveChangesAsync(IList`1 entries, CancellationToken cancellationToken)
   at Microsoft.EntityFrameworkCore.ChangeTracking.Internal.StateManager.SaveChangesAsync(IList`1 entriesToSave, CancellationToken cancellationToken)
   at Microsoft.EntityFrameworkCore.ChangeTracking.Internal.StateManager.SaveChangesAsync(StateManager stateManager, Boolean acceptAllChangesOnSuccess, CancellationToken cancellationToken)
   at Microsoft.EntityFrameworkCore.Storage.ExecutionStrategy.<>c__DisplayClass30_0`2.<<ExecuteAsync>b__0>d.MoveNext()
--- End of stack trace from previous location ---
   at Microsoft.EntityFrameworkCore.Storage.ExecutionStrategy.ExecuteImplementationAsync[TState,TResult](Func`4 operation, Func`4 verifySucceeded, TState state, CancellationToken cancellationToken)
   at Microsoft.EntityFrameworkCore.Storage.ExecutionStrategy.ExecuteImplementationAsync[TState,TResult](Func`4 operation, Func`4 verifySucceeded, TState state, CancellationToken cancellationToken)
   at Microsoft.EntityFrameworkCore.Storage.ExecutionStrategy.ExecuteAsync[TState,TResult](TState state, Func`4 operation, Func`4 verifySucceeded, CancellationToken cancellationToken)
   at Microsoft.EntityFrameworkCore.DbContext.SaveChangesAsync(Boolean acceptAllChangesOnSuccess, CancellationToken cancellationToken)
   at Microsoft.EntityFrameworkCore.DbContext.SaveChangesAsync(Boolean acceptAllChangesOnSuccess, CancellationToken cancellationToken)
   at EduNexis.Infrastructure.Persistence.Repositories.UnitOfWork.SaveChangesAsync(CancellationToken ct) in D:\Coding\Projects\edunexis-api\src\EduNexis.Infrastructure\Persistence\Repositories\UnitOfWork.cs:line 32
   at EduNexis.Application.Features.Auth.Commands.LogoutUserCommandHandler.Handle(LogoutUserCommand command, CancellationToken ct) in D:\Coding\Projects\edunexis-api\src\EduNexis.Application\Features\Auth\Commands\LogoutUserCommand.cs:line 19
   at EduNexis.API.Controllers.AuthController.Logout(CancellationToken ct) in D:\Coding\Projects\edunexis-api\src\EduNexis.API\Controllers\AuthController.cs:line 28
   at Microsoft.AspNetCore.Mvc.Infrastructure.ActionMethodExecutor.TaskOfIActionResultExecutor.Execute(ActionContext actionContext, IActionResultTypeMapper mapper, ObjectMethodExecutor executor, Object controller, Object[] arguments)
   at Microsoft.AspNetCore.Mvc.Infrastructure.ControllerActionInvoker.<InvokeActionMethodAsync>g__Awaited|12_0(ControllerActionInvoker invoker, ValueTask`1 actionResultValueTask)
   at Microsoft.AspNetCore.Mvc.Infrastructure.ControllerActionInvoker.<InvokeNextActionFilterAsync>g__Awaited|10_0(ControllerActionInvoker invoker, Task lastTask, State next, Scope scope, Object state, Boolean isCompleted)
   at Microsoft.AspNetCore.Mvc.Infrastructure.ControllerActionInvoker.Rethrow(ActionExecutedContextSealed context)
   at Microsoft.AspNetCore.Mvc.Infrastructure.ControllerActionInvoker.Next(State& next, Scope& scope, Object& state, Boolean& isCompleted)
   at Microsoft.AspNetCore.Mvc.Infrastructure.ControllerActionInvoker.<InvokeInnerFilterAsync>g__Awaited|13_0(ControllerActionInvoker invoker, Task lastTask, State next, Scope scope, Object state, Boolean isCompleted)
   at Microsoft.AspNetCore.Mvc.Infrastructure.ResourceInvoker.<InvokeFilterPipelineAsync>g__Awaited|20_0(ResourceInvoker invoker, Task lastTask, State next, Scope scope, Object state, Boolean isCompleted)
   at Microsoft.AspNetCore.Mvc.Infrastructure.ResourceInvoker.<InvokeAsync>g__Awaited|17_0(ResourceInvoker invoker, Task task, IDisposable scope)
   at Microsoft.AspNetCore.Mvc.Infrastructure.ResourceInvoker.<InvokeAsync>g__Awaited|17_0(ResourceInvoker invoker, Task task, IDisposable scope)
   at Microsoft.AspNetCore.Authorization.AuthorizationMiddleware.Invoke(HttpContext context)
   at Microsoft.AspNetCore.Authentication.AuthenticationMiddleware.Invoke(HttpContext context)
   at Serilog.AspNetCore.RequestLoggingMiddleware.Invoke(HttpContext httpContext)
2026-03-04 14:55:27.218 +06:00 [ERR] Unhandled exception: An error occurred while saving the entity changes. See the inner exception for details.
Microsoft.EntityFrameworkCore.DbUpdateException: An error occurred while saving the entity changes. See the inner exception for details.
 ---> MySqlConnector.MySqlException (0x80004005): The Command Timeout expired before the operation completed.
 ---> System.Net.Sockets.SocketException (995): The I/O operation has been aborted because of either a thread exit or an application request.
   at System.Net.Sockets.Socket.AwaitableSocketAsyncEventArgs.ThrowException(SocketError error, CancellationToken cancellationToken)
   at System.Net.Sockets.Socket.AwaitableSocketAsyncEventArgs.System.Threading.Tasks.Sources.IValueTaskSource<System.Int32>.GetResult(Int16 token)
   at MySqlConnector.Protocol.Serialization.SocketByteHandler.DoReadBytesAsync(Memory`1 buffer) in /_/src/MySqlConnector/Protocol/Serialization/SocketByteHandler.cs:line 89
   at MySqlConnector.Protocol.Serialization.SocketByteHandler.DoReadBytesAsync(Memory`1 buffer) in /_/src/MySqlConnector/Protocol/Serialization/SocketByteHandler.cs:line 98
   at MySqlConnector.Protocol.Serialization.BufferedByteReader.ReadBytesAsync(IByteHandler byteHandler, ArraySegment`1 buffer, Int32 totalBytesToRead, IOBehavior ioBehavior) in /_/src/MySqlConnector/Protocol/Serialization/BufferedByteReader.cs:line 34
   at MySqlConnector.Protocol.Serialization.ProtocolUtility.ReadPayloadAsync(BufferedByteReader bufferedByteReader, IByteHandler byteHandler, Func`1 getNextSequenceNumber, ArraySegmentHolder`1 previousPayloads, ProtocolErrorBehavior protocolErrorBehavior, IOBehavior ioBehavior) in /_/src/MySqlConnector/Protocol/Serialization/ProtocolUtility.cs:line 420
   at MySqlConnector.Core.ServerSession.ReceiveReplyAsync(IOBehavior ioBehavior, CancellationToken cancellationToken) in /_/src/MySqlConnector/Core/ServerSession.cs:line 1070
   at MySqlConnector.Core.ResultSet.ReadResultSetHeaderAsync(IOBehavior ioBehavior) in /_/src/MySqlConnector/Core/ResultSet.cs:line 37
   at MySqlConnector.MySqlDataReader.ActivateResultSet(CancellationToken cancellationToken) in /_/src/MySqlConnector/MySqlDataReader.cs:line 131
   at MySqlConnector.MySqlDataReader.InitAsync(CommandListPosition commandListPosition, ICommandPayloadCreator payloadCreator, IDictionary`2 cachedProcedures, IMySqlCommand command, CommandBehavior behavior, Activity activity, IOBehavior ioBehavior, CancellationToken cancellationToken) in /_/src/MySqlConnector/MySqlDataReader.cs:line 487
   at MySqlConnector.Core.CommandExecutor.ExecuteReaderAsync(CommandListPosition commandListPosition, ICommandPayloadCreator payloadCreator, CommandBehavior behavior, Activity activity, IOBehavior ioBehavior, CancellationToken cancellationToken) in /_/src/MySqlConnector/Core/CommandExecutor.cs:line 56
   at MySqlConnector.MySqlCommand.ExecuteReaderAsync(CommandBehavior behavior, IOBehavior ioBehavior, CancellationToken cancellationToken) in /_/src/MySqlConnector/MySqlCommand.cs:line 357
   at MySqlConnector.MySqlCommand.ExecuteDbDataReaderAsync(CommandBehavior behavior, CancellationToken cancellationToken) in /_/src/MySqlConnector/MySqlCommand.cs:line 350
   at Microsoft.EntityFrameworkCore.Storage.RelationalCommand.ExecuteReaderAsync(RelationalCommandParameterObject parameterObject, CancellationToken cancellationToken)
   at Microsoft.EntityFrameworkCore.Storage.RelationalCommand.ExecuteReaderAsync(RelationalCommandParameterObject parameterObject, CancellationToken cancellationToken)
   at Microsoft.EntityFrameworkCore.Update.ReaderModificationCommandBatch.ExecuteAsync(IRelationalConnection connection, CancellationToken cancellationToken)
   --- End of inner exception stack trace ---
   at Microsoft.EntityFrameworkCore.Update.ReaderModificationCommandBatch.ExecuteAsync(IRelationalConnection connection, CancellationToken cancellationToken)
   at Microsoft.EntityFrameworkCore.Update.Internal.BatchExecutor.ExecuteAsync(IEnumerable`1 commandBatches, IRelationalConnection connection, CancellationToken cancellationToken)
   at Microsoft.EntityFrameworkCore.Update.Internal.BatchExecutor.ExecuteAsync(IEnumerable`1 commandBatches, IRelationalConnection connection, CancellationToken cancellationToken)
   at Microsoft.EntityFrameworkCore.Update.Internal.BatchExecutor.ExecuteAsync(IEnumerable`1 commandBatches, IRelationalConnection connection, CancellationToken cancellationToken)
   at Microsoft.EntityFrameworkCore.Storage.RelationalDatabase.SaveChangesAsync(IList`1 entries, CancellationToken cancellationToken)
   at Microsoft.EntityFrameworkCore.ChangeTracking.Internal.StateManager.SaveChangesAsync(IList`1 entriesToSave, CancellationToken cancellationToken)
   at Microsoft.EntityFrameworkCore.ChangeTracking.Internal.StateManager.SaveChangesAsync(StateManager stateManager, Boolean acceptAllChangesOnSuccess, CancellationToken cancellationToken)
   at Microsoft.EntityFrameworkCore.Storage.ExecutionStrategy.<>c__DisplayClass30_0`2.<<ExecuteAsync>b__0>d.MoveNext()
--- End of stack trace from previous location ---
   at Microsoft.EntityFrameworkCore.Storage.ExecutionStrategy.ExecuteImplementationAsync[TState,TResult](Func`4 operation, Func`4 verifySucceeded, TState state, CancellationToken cancellationToken)
   at Microsoft.EntityFrameworkCore.Storage.ExecutionStrategy.ExecuteImplementationAsync[TState,TResult](Func`4 operation, Func`4 verifySucceeded, TState state, CancellationToken cancellationToken)
   at Microsoft.EntityFrameworkCore.Storage.ExecutionStrategy.ExecuteAsync[TState,TResult](TState state, Func`4 operation, Func`4 verifySucceeded, CancellationToken cancellationToken)
   at Microsoft.EntityFrameworkCore.DbContext.SaveChangesAsync(Boolean acceptAllChangesOnSuccess, CancellationToken cancellationToken)
   at Microsoft.EntityFrameworkCore.DbContext.SaveChangesAsync(Boolean acceptAllChangesOnSuccess, CancellationToken cancellationToken)
   at EduNexis.Infrastructure.Persistence.Repositories.UnitOfWork.SaveChangesAsync(CancellationToken ct) in D:\Coding\Projects\edunexis-api\src\EduNexis.Infrastructure\Persistence\Repositories\UnitOfWork.cs:line 32
   at EduNexis.Application.Features.Auth.Commands.LogoutUserCommandHandler.Handle(LogoutUserCommand command, CancellationToken ct) in D:\Coding\Projects\edunexis-api\src\EduNexis.Application\Features\Auth\Commands\LogoutUserCommand.cs:line 19
   at EduNexis.API.Controllers.AuthController.Logout(CancellationToken ct) in D:\Coding\Projects\edunexis-api\src\EduNexis.API\Controllers\AuthController.cs:line 28
   at Microsoft.AspNetCore.Mvc.Infrastructure.ActionMethodExecutor.TaskOfIActionResultExecutor.Execute(ActionContext actionContext, IActionResultTypeMapper mapper, ObjectMethodExecutor executor, Object controller, Object[] arguments)
   at Microsoft.AspNetCore.Mvc.Infrastructure.ControllerActionInvoker.<InvokeActionMethodAsync>g__Awaited|12_0(ControllerActionInvoker invoker, ValueTask`1 actionResultValueTask)
   at Microsoft.AspNetCore.Mvc.Infrastructure.ControllerActionInvoker.<InvokeNextActionFilterAsync>g__Awaited|10_0(ControllerActionInvoker invoker, Task lastTask, State next, Scope scope, Object state, Boolean isCompleted)
   at Microsoft.AspNetCore.Mvc.Infrastructure.ControllerActionInvoker.Rethrow(ActionExecutedContextSealed context)
   at Microsoft.AspNetCore.Mvc.Infrastructure.ControllerActionInvoker.Next(State& next, Scope& scope, Object& state, Boolean& isCompleted)
   at Microsoft.AspNetCore.Mvc.Infrastructure.ControllerActionInvoker.<InvokeInnerFilterAsync>g__Awaited|13_0(ControllerActionInvoker invoker, Task lastTask, State next, Scope scope, Object state, Boolean isCompleted)
   at Microsoft.AspNetCore.Mvc.Infrastructure.ResourceInvoker.<InvokeFilterPipelineAsync>g__Awaited|20_0(ResourceInvoker invoker, Task lastTask, State next, Scope scope, Object state, Boolean isCompleted)
   at Microsoft.AspNetCore.Mvc.Infrastructure.ResourceInvoker.<InvokeAsync>g__Awaited|17_0(ResourceInvoker invoker, Task task, IDisposable scope)
   at Microsoft.AspNetCore.Mvc.Infrastructure.ResourceInvoker.<InvokeAsync>g__Awaited|17_0(ResourceInvoker invoker, Task task, IDisposable scope)
   at Microsoft.AspNetCore.Authorization.AuthorizationMiddleware.Invoke(HttpContext context)
   at Microsoft.AspNetCore.Authentication.AuthenticationMiddleware.Invoke(HttpContext context)
   at Serilog.AspNetCore.RequestLoggingMiddleware.Invoke(HttpContext httpContext)
   at Swashbuckle.AspNetCore.SwaggerUI.SwaggerUIMiddleware.Invoke(HttpContext httpContext)
   at Swashbuckle.AspNetCore.Swagger.SwaggerMiddleware.Invoke(HttpContext httpContext, ISwaggerProvider swaggerProvider)
   at EduNexis.API.Middleware.ExceptionMiddleware.InvokeAsync(HttpContext context) in D:\Coding\Projects\edunexis-api\src\EduNexis.API\Middleware\ExceptionMiddleware.cs:line 15
2026-03-04 14:55:27.887 +06:00 [ERR] HTTP POST /api/auth/logout responded 500 in 29339.6812 ms
System.OperationCanceledException: Query execution was interrupted
 ---> MySqlConnector.MySqlException (0x80004005): Query execution was interrupted
   at MySqlConnector.Core.ServerSession.ReceiveReplyAsync(IOBehavior ioBehavior, CancellationToken cancellationToken) in /_/src/MySqlConnector/Core/ServerSession.cs:line 1081
   at MySqlConnector.Core.ResultSet.ReadResultSetHeaderAsync(IOBehavior ioBehavior) in /_/src/MySqlConnector/Core/ResultSet.cs:line 37
   --- End of inner exception stack trace ---
   at MySqlConnector.MySqlDataReader.ActivateResultSet(CancellationToken cancellationToken) in /_/src/MySqlConnector/MySqlDataReader.cs:line 122
   at MySqlConnector.MySqlDataReader.InitAsync(CommandListPosition commandListPosition, ICommandPayloadCreator payloadCreator, IDictionary`2 cachedProcedures, IMySqlCommand command, CommandBehavior behavior, Activity activity, IOBehavior ioBehavior, CancellationToken cancellationToken) in /_/src/MySqlConnector/MySqlDataReader.cs:line 487
   at MySqlConnector.Core.CommandExecutor.ExecuteReaderAsync(CommandListPosition commandListPosition, ICommandPayloadCreator payloadCreator, CommandBehavior behavior, Activity activity, IOBehavior ioBehavior, CancellationToken cancellationToken) in /_/src/MySqlConnector/Core/CommandExecutor.cs:line 56
   at MySqlConnector.MySqlCommand.ExecuteReaderAsync(CommandBehavior behavior, IOBehavior ioBehavior, CancellationToken cancellationToken) in /_/src/MySqlConnector/MySqlCommand.cs:line 357
   at MySqlConnector.MySqlCommand.ExecuteDbDataReaderAsync(CommandBehavior behavior, CancellationToken cancellationToken) in /_/src/MySqlConnector/MySqlCommand.cs:line 350
   at Microsoft.EntityFrameworkCore.Storage.RelationalCommand.ExecuteReaderAsync(RelationalCommandParameterObject parameterObject, CancellationToken cancellationToken)
   at Microsoft.EntityFrameworkCore.Storage.RelationalCommand.ExecuteReaderAsync(RelationalCommandParameterObject parameterObject, CancellationToken cancellationToken)
   at Microsoft.EntityFrameworkCore.Update.ReaderModificationCommandBatch.ExecuteAsync(IRelationalConnection connection, CancellationToken cancellationToken)
   at Microsoft.EntityFrameworkCore.Update.Internal.BatchExecutor.ExecuteAsync(IEnumerable`1 commandBatches, IRelationalConnection connection, CancellationToken cancellationToken)
   at Microsoft.EntityFrameworkCore.Update.Internal.BatchExecutor.ExecuteAsync(IEnumerable`1 commandBatches, IRelationalConnection connection, CancellationToken cancellationToken)
   at Microsoft.EntityFrameworkCore.Update.Internal.BatchExecutor.ExecuteAsync(IEnumerable`1 commandBatches, IRelationalConnection connection, CancellationToken cancellationToken)
   at Microsoft.EntityFrameworkCore.Storage.RelationalDatabase.SaveChangesAsync(IList`1 entries, CancellationToken cancellationToken)
   at Microsoft.EntityFrameworkCore.ChangeTracking.Internal.StateManager.SaveChangesAsync(IList`1 entriesToSave, CancellationToken cancellationToken)
   at Microsoft.EntityFrameworkCore.ChangeTracking.Internal.StateManager.SaveChangesAsync(StateManager stateManager, Boolean acceptAllChangesOnSuccess, CancellationToken cancellationToken)
   at Microsoft.EntityFrameworkCore.Storage.ExecutionStrategy.<>c__DisplayClass30_0`2.<<ExecuteAsync>b__0>d.MoveNext()
--- End of stack trace from previous location ---
   at Microsoft.EntityFrameworkCore.Storage.ExecutionStrategy.ExecuteImplementationAsync[TState,TResult](Func`4 operation, Func`4 verifySucceeded, TState state, CancellationToken cancellationToken)
   at Microsoft.EntityFrameworkCore.Storage.ExecutionStrategy.ExecuteImplementationAsync[TState,TResult](Func`4 operation, Func`4 verifySucceeded, TState state, CancellationToken cancellationToken)
   at Microsoft.EntityFrameworkCore.Storage.ExecutionStrategy.ExecuteAsync[TState,TResult](TState state, Func`4 operation, Func`4 verifySucceeded, CancellationToken cancellationToken)
   at Microsoft.EntityFrameworkCore.DbContext.SaveChangesAsync(Boolean acceptAllChangesOnSuccess, CancellationToken cancellationToken)
   at Microsoft.EntityFrameworkCore.DbContext.SaveChangesAsync(Boolean acceptAllChangesOnSuccess, CancellationToken cancellationToken)
   at EduNexis.Infrastructure.Persistence.Repositories.UnitOfWork.SaveChangesAsync(CancellationToken ct) in D:\Coding\Projects\edunexis-api\src\EduNexis.Infrastructure\Persistence\Repositories\UnitOfWork.cs:line 32
   at EduNexis.Application.Features.Auth.Commands.LogoutUserCommandHandler.Handle(LogoutUserCommand command, CancellationToken ct) in D:\Coding\Projects\edunexis-api\src\EduNexis.Application\Features\Auth\Commands\LogoutUserCommand.cs:line 19
   at EduNexis.API.Controllers.AuthController.Logout(CancellationToken ct) in D:\Coding\Projects\edunexis-api\src\EduNexis.API\Controllers\AuthController.cs:line 28
   at Microsoft.AspNetCore.Mvc.Infrastructure.ActionMethodExecutor.TaskOfIActionResultExecutor.Execute(ActionContext actionContext, IActionResultTypeMapper mapper, ObjectMethodExecutor executor, Object controller, Object[] arguments)
   at Microsoft.AspNetCore.Mvc.Infrastructure.ControllerActionInvoker.<InvokeActionMethodAsync>g__Awaited|12_0(ControllerActionInvoker invoker, ValueTask`1 actionResultValueTask)
   at Microsoft.AspNetCore.Mvc.Infrastructure.ControllerActionInvoker.<InvokeNextActionFilterAsync>g__Awaited|10_0(ControllerActionInvoker invoker, Task lastTask, State next, Scope scope, Object state, Boolean isCompleted)
   at Microsoft.AspNetCore.Mvc.Infrastructure.ControllerActionInvoker.Rethrow(ActionExecutedContextSealed context)
   at Microsoft.AspNetCore.Mvc.Infrastructure.ControllerActionInvoker.Next(State& next, Scope& scope, Object& state, Boolean& isCompleted)
   at Microsoft.AspNetCore.Mvc.Infrastructure.ControllerActionInvoker.<InvokeInnerFilterAsync>g__Awaited|13_0(ControllerActionInvoker invoker, Task lastTask, State next, Scope scope, Object state, Boolean isCompleted)
   at Microsoft.AspNetCore.Mvc.Infrastructure.ResourceInvoker.<InvokeFilterPipelineAsync>g__Awaited|20_0(ResourceInvoker invoker, Task lastTask, State next, Scope scope, Object state, Boolean isCompleted)
   at Microsoft.AspNetCore.Mvc.Infrastructure.ResourceInvoker.<InvokeAsync>g__Awaited|17_0(ResourceInvoker invoker, Task task, IDisposable scope)
   at Microsoft.AspNetCore.Mvc.Infrastructure.ResourceInvoker.<InvokeAsync>g__Awaited|17_0(ResourceInvoker invoker, Task task, IDisposable scope)
   at Microsoft.AspNetCore.Authorization.AuthorizationMiddleware.Invoke(HttpContext context)
   at Microsoft.AspNetCore.Authentication.AuthenticationMiddleware.Invoke(HttpContext context)
   at Serilog.AspNetCore.RequestLoggingMiddleware.Invoke(HttpContext httpContext)
2026-03-04 14:55:27.887 +06:00 [ERR] HTTP POST /api/auth/logout responded 500 in 25565.7596 ms
System.OperationCanceledException: Query execution was interrupted
 ---> MySqlConnector.MySqlException (0x80004005): Query execution was interrupted
   at MySqlConnector.Core.ServerSession.ReceiveReplyAsync(IOBehavior ioBehavior, CancellationToken cancellationToken) in /_/src/MySqlConnector/Core/ServerSession.cs:line 1081
   at MySqlConnector.Core.ResultSet.ReadResultSetHeaderAsync(IOBehavior ioBehavior) in /_/src/MySqlConnector/Core/ResultSet.cs:line 37
   --- End of inner exception stack trace ---
   at MySqlConnector.MySqlDataReader.ActivateResultSet(CancellationToken cancellationToken) in /_/src/MySqlConnector/MySqlDataReader.cs:line 122
   at MySqlConnector.MySqlDataReader.InitAsync(CommandListPosition commandListPosition, ICommandPayloadCreator payloadCreator, IDictionary`2 cachedProcedures, IMySqlCommand command, CommandBehavior behavior, Activity activity, IOBehavior ioBehavior, CancellationToken cancellationToken) in /_/src/MySqlConnector/MySqlDataReader.cs:line 487
   at MySqlConnector.Core.CommandExecutor.ExecuteReaderAsync(CommandListPosition commandListPosition, ICommandPayloadCreator payloadCreator, CommandBehavior behavior, Activity activity, IOBehavior ioBehavior, CancellationToken cancellationToken) in /_/src/MySqlConnector/Core/CommandExecutor.cs:line 56
   at MySqlConnector.MySqlCommand.ExecuteReaderAsync(CommandBehavior behavior, IOBehavior ioBehavior, CancellationToken cancellationToken) in /_/src/MySqlConnector/MySqlCommand.cs:line 357
   at MySqlConnector.MySqlCommand.ExecuteDbDataReaderAsync(CommandBehavior behavior, CancellationToken cancellationToken) in /_/src/MySqlConnector/MySqlCommand.cs:line 350
   at Microsoft.EntityFrameworkCore.Storage.RelationalCommand.ExecuteReaderAsync(RelationalCommandParameterObject parameterObject, CancellationToken cancellationToken)
   at Microsoft.EntityFrameworkCore.Storage.RelationalCommand.ExecuteReaderAsync(RelationalCommandParameterObject parameterObject, CancellationToken cancellationToken)
   at Microsoft.EntityFrameworkCore.Update.ReaderModificationCommandBatch.ExecuteAsync(IRelationalConnection connection, CancellationToken cancellationToken)
   at Microsoft.EntityFrameworkCore.Update.Internal.BatchExecutor.ExecuteAsync(IEnumerable`1 commandBatches, IRelationalConnection connection, CancellationToken cancellationToken)
   at Microsoft.EntityFrameworkCore.Update.Internal.BatchExecutor.ExecuteAsync(IEnumerable`1 commandBatches, IRelationalConnection connection, CancellationToken cancellationToken)
   at Microsoft.EntityFrameworkCore.Update.Internal.BatchExecutor.ExecuteAsync(IEnumerable`1 commandBatches, IRelationalConnection connection, CancellationToken cancellationToken)
   at Microsoft.EntityFrameworkCore.Storage.RelationalDatabase.SaveChangesAsync(IList`1 entries, CancellationToken cancellationToken)
   at Microsoft.EntityFrameworkCore.ChangeTracking.Internal.StateManager.SaveChangesAsync(IList`1 entriesToSave, CancellationToken cancellationToken)
   at Microsoft.EntityFrameworkCore.ChangeTracking.Internal.StateManager.SaveChangesAsync(StateManager stateManager, Boolean acceptAllChangesOnSuccess, CancellationToken cancellationToken)
   at Microsoft.EntityFrameworkCore.Storage.ExecutionStrategy.<>c__DisplayClass30_0`2.<<ExecuteAsync>b__0>d.MoveNext()
--- End of stack trace from previous location ---
   at Microsoft.EntityFrameworkCore.Storage.ExecutionStrategy.ExecuteImplementationAsync[TState,TResult](Func`4 operation, Func`4 verifySucceeded, TState state, CancellationToken cancellationToken)
   at Microsoft.EntityFrameworkCore.Storage.ExecutionStrategy.ExecuteImplementationAsync[TState,TResult](Func`4 operation, Func`4 verifySucceeded, TState state, CancellationToken cancellationToken)
   at Microsoft.EntityFrameworkCore.Storage.ExecutionStrategy.ExecuteAsync[TState,TResult](TState state, Func`4 operation, Func`4 verifySucceeded, CancellationToken cancellationToken)
   at Microsoft.EntityFrameworkCore.DbContext.SaveChangesAsync(Boolean acceptAllChangesOnSuccess, CancellationToken cancellationToken)
   at Microsoft.EntityFrameworkCore.DbContext.SaveChangesAsync(Boolean acceptAllChangesOnSuccess, CancellationToken cancellationToken)
   at EduNexis.Infrastructure.Persistence.Repositories.UnitOfWork.SaveChangesAsync(CancellationToken ct) in D:\Coding\Projects\edunexis-api\src\EduNexis.Infrastructure\Persistence\Repositories\UnitOfWork.cs:line 32
   at EduNexis.Application.Features.Auth.Commands.LogoutUserCommandHandler.Handle(LogoutUserCommand command, CancellationToken ct) in D:\Coding\Projects\edunexis-api\src\EduNexis.Application\Features\Auth\Commands\LogoutUserCommand.cs:line 19
   at EduNexis.API.Controllers.AuthController.Logout(CancellationToken ct) in D:\Coding\Projects\edunexis-api\src\EduNexis.API\Controllers\AuthController.cs:line 28
   at Microsoft.AspNetCore.Mvc.Infrastructure.ActionMethodExecutor.TaskOfIActionResultExecutor.Execute(ActionContext actionContext, IActionResultTypeMapper mapper, ObjectMethodExecutor executor, Object controller, Object[] arguments)
   at Microsoft.AspNetCore.Mvc.Infrastructure.ControllerActionInvoker.<InvokeActionMethodAsync>g__Awaited|12_0(ControllerActionInvoker invoker, ValueTask`1 actionResultValueTask)
   at Microsoft.AspNetCore.Mvc.Infrastructure.ControllerActionInvoker.<InvokeNextActionFilterAsync>g__Awaited|10_0(ControllerActionInvoker invoker, Task lastTask, State next, Scope scope, Object state, Boolean isCompleted)
   at Microsoft.AspNetCore.Mvc.Infrastructure.ControllerActionInvoker.Rethrow(ActionExecutedContextSealed context)
   at Microsoft.AspNetCore.Mvc.Infrastructure.ControllerActionInvoker.Next(State& next, Scope& scope, Object& state, Boolean& isCompleted)
   at Microsoft.AspNetCore.Mvc.Infrastructure.ControllerActionInvoker.<InvokeInnerFilterAsync>g__Awaited|13_0(ControllerActionInvoker invoker, Task lastTask, State next, Scope scope, Object state, Boolean isCompleted)
   at Microsoft.AspNetCore.Mvc.Infrastructure.ResourceInvoker.<InvokeFilterPipelineAsync>g__Awaited|20_0(ResourceInvoker invoker, Task lastTask, State next, Scope scope, Object state, Boolean isCompleted)
   at Microsoft.AspNetCore.Mvc.Infrastructure.ResourceInvoker.<InvokeAsync>g__Awaited|17_0(ResourceInvoker invoker, Task task, IDisposable scope)
   at Microsoft.AspNetCore.Mvc.Infrastructure.ResourceInvoker.<InvokeAsync>g__Awaited|17_0(ResourceInvoker invoker, Task task, IDisposable scope)
   at Microsoft.AspNetCore.Authorization.AuthorizationMiddleware.Invoke(HttpContext context)
   at Microsoft.AspNetCore.Authentication.AuthenticationMiddleware.Invoke(HttpContext context)
   at Serilog.AspNetCore.RequestLoggingMiddleware.Invoke(HttpContext httpContext)
2026-03-04 14:55:27.887 +06:00 [ERR] HTTP POST /api/auth/logout responded 500 in 25929.5435 ms
System.OperationCanceledException: Query execution was interrupted
 ---> MySqlConnector.MySqlException (0x80004005): Query execution was interrupted
   at MySqlConnector.Core.ServerSession.ReceiveReplyAsync(IOBehavior ioBehavior, CancellationToken cancellationToken) in /_/src/MySqlConnector/Core/ServerSession.cs:line 1081
   at MySqlConnector.Core.ResultSet.ReadResultSetHeaderAsync(IOBehavior ioBehavior) in /_/src/MySqlConnector/Core/ResultSet.cs:line 37
   --- End of inner exception stack trace ---
   at MySqlConnector.MySqlDataReader.ActivateResultSet(CancellationToken cancellationToken) in /_/src/MySqlConnector/MySqlDataReader.cs:line 122
   at MySqlConnector.MySqlDataReader.InitAsync(CommandListPosition commandListPosition, ICommandPayloadCreator payloadCreator, IDictionary`2 cachedProcedures, IMySqlCommand command, CommandBehavior behavior, Activity activity, IOBehavior ioBehavior, CancellationToken cancellationToken) in /_/src/MySqlConnector/MySqlDataReader.cs:line 487
   at MySqlConnector.Core.CommandExecutor.ExecuteReaderAsync(CommandListPosition commandListPosition, ICommandPayloadCreator payloadCreator, CommandBehavior behavior, Activity activity, IOBehavior ioBehavior, CancellationToken cancellationToken) in /_/src/MySqlConnector/Core/CommandExecutor.cs:line 56
   at MySqlConnector.MySqlCommand.ExecuteReaderAsync(CommandBehavior behavior, IOBehavior ioBehavior, CancellationToken cancellationToken) in /_/src/MySqlConnector/MySqlCommand.cs:line 357
   at MySqlConnector.MySqlCommand.ExecuteDbDataReaderAsync(CommandBehavior behavior, CancellationToken cancellationToken) in /_/src/MySqlConnector/MySqlCommand.cs:line 350
   at Microsoft.EntityFrameworkCore.Storage.RelationalCommand.ExecuteReaderAsync(RelationalCommandParameterObject parameterObject, CancellationToken cancellationToken)
   at Microsoft.EntityFrameworkCore.Storage.RelationalCommand.ExecuteReaderAsync(RelationalCommandParameterObject parameterObject, CancellationToken cancellationToken)
   at Microsoft.EntityFrameworkCore.Update.ReaderModificationCommandBatch.ExecuteAsync(IRelationalConnection connection, CancellationToken cancellationToken)
   at Microsoft.EntityFrameworkCore.Update.Internal.BatchExecutor.ExecuteAsync(IEnumerable`1 commandBatches, IRelationalConnection connection, CancellationToken cancellationToken)
   at Microsoft.EntityFrameworkCore.Update.Internal.BatchExecutor.ExecuteAsync(IEnumerable`1 commandBatches, IRelationalConnection connection, CancellationToken cancellationToken)
   at Microsoft.EntityFrameworkCore.Update.Internal.BatchExecutor.ExecuteAsync(IEnumerable`1 commandBatches, IRelationalConnection connection, CancellationToken cancellationToken)
   at Microsoft.EntityFrameworkCore.Storage.RelationalDatabase.SaveChangesAsync(IList`1 entries, CancellationToken cancellationToken)
   at Microsoft.EntityFrameworkCore.ChangeTracking.Internal.StateManager.SaveChangesAsync(IList`1 entriesToSave, CancellationToken cancellationToken)
   at Microsoft.EntityFrameworkCore.ChangeTracking.Internal.StateManager.SaveChangesAsync(StateManager stateManager, Boolean acceptAllChangesOnSuccess, CancellationToken cancellationToken)
   at Microsoft.EntityFrameworkCore.Storage.ExecutionStrategy.<>c__DisplayClass30_0`2.<<ExecuteAsync>b__0>d.MoveNext()
--- End of stack trace from previous location ---
   at Microsoft.EntityFrameworkCore.Storage.ExecutionStrategy.ExecuteImplementationAsync[TState,TResult](Func`4 operation, Func`4 verifySucceeded, TState state, CancellationToken cancellationToken)
   at Microsoft.EntityFrameworkCore.Storage.ExecutionStrategy.ExecuteImplementationAsync[TState,TResult](Func`4 operation, Func`4 verifySucceeded, TState state, CancellationToken cancellationToken)
   at Microsoft.EntityFrameworkCore.Storage.ExecutionStrategy.ExecuteAsync[TState,TResult](TState state, Func`4 operation, Func`4 verifySucceeded, CancellationToken cancellationToken)
   at Microsoft.EntityFrameworkCore.DbContext.SaveChangesAsync(Boolean acceptAllChangesOnSuccess, CancellationToken cancellationToken)
   at Microsoft.EntityFrameworkCore.DbContext.SaveChangesAsync(Boolean acceptAllChangesOnSuccess, CancellationToken cancellationToken)
   at EduNexis.Infrastructure.Persistence.Repositories.UnitOfWork.SaveChangesAsync(CancellationToken ct) in D:\Coding\Projects\edunexis-api\src\EduNexis.Infrastructure\Persistence\Repositories\UnitOfWork.cs:line 32
   at EduNexis.Application.Features.Auth.Commands.LogoutUserCommandHandler.Handle(LogoutUserCommand command, CancellationToken ct) in D:\Coding\Projects\edunexis-api\src\EduNexis.Application\Features\Auth\Commands\LogoutUserCommand.cs:line 19
   at EduNexis.API.Controllers.AuthController.Logout(CancellationToken ct) in D:\Coding\Projects\edunexis-api\src\EduNexis.API\Controllers\AuthController.cs:line 28
   at Microsoft.AspNetCore.Mvc.Infrastructure.ActionMethodExecutor.TaskOfIActionResultExecutor.Execute(ActionContext actionContext, IActionResultTypeMapper mapper, ObjectMethodExecutor executor, Object controller, Object[] arguments)
   at Microsoft.AspNetCore.Mvc.Infrastructure.ControllerActionInvoker.<InvokeActionMethodAsync>g__Awaited|12_0(ControllerActionInvoker invoker, ValueTask`1 actionResultValueTask)
   at Microsoft.AspNetCore.Mvc.Infrastructure.ControllerActionInvoker.<InvokeNextActionFilterAsync>g__Awaited|10_0(ControllerActionInvoker invoker, Task lastTask, State next, Scope scope, Object state, Boolean isCompleted)
   at Microsoft.AspNetCore.Mvc.Infrastructure.ControllerActionInvoker.Rethrow(ActionExecutedContextSealed context)
   at Microsoft.AspNetCore.Mvc.Infrastructure.ControllerActionInvoker.Next(State& next, Scope& scope, Object& state, Boolean& isCompleted)
   at Microsoft.AspNetCore.Mvc.Infrastructure.ControllerActionInvoker.<InvokeInnerFilterAsync>g__Awaited|13_0(ControllerActionInvoker invoker, Task lastTask, State next, Scope scope, Object state, Boolean isCompleted)
   at Microsoft.AspNetCore.Mvc.Infrastructure.ResourceInvoker.<InvokeFilterPipelineAsync>g__Awaited|20_0(ResourceInvoker invoker, Task lastTask, State next, Scope scope, Object state, Boolean isCompleted)
   at Microsoft.AspNetCore.Mvc.Infrastructure.ResourceInvoker.<InvokeAsync>g__Awaited|17_0(ResourceInvoker invoker, Task task, IDisposable scope)
   at Microsoft.AspNetCore.Mvc.Infrastructure.ResourceInvoker.<InvokeAsync>g__Awaited|17_0(ResourceInvoker invoker, Task task, IDisposable scope)
   at Microsoft.AspNetCore.Authorization.AuthorizationMiddleware.Invoke(HttpContext context)
   at Microsoft.AspNetCore.Authentication.AuthenticationMiddleware.Invoke(HttpContext context)
   at Serilog.AspNetCore.RequestLoggingMiddleware.Invoke(HttpContext httpContext)
2026-03-04 14:55:27.965 +06:00 [ERR] Unhandled exception: Query execution was interrupted
System.OperationCanceledException: Query execution was interrupted
 ---> MySqlConnector.MySqlException (0x80004005): Query execution was interrupted
   at MySqlConnector.Core.ServerSession.ReceiveReplyAsync(IOBehavior ioBehavior, CancellationToken cancellationToken) in /_/src/MySqlConnector/Core/ServerSession.cs:line 1081
   at MySqlConnector.Core.ResultSet.ReadResultSetHeaderAsync(IOBehavior ioBehavior) in /_/src/MySqlConnector/Core/ResultSet.cs:line 37
   --- End of inner exception stack trace ---
   at MySqlConnector.MySqlDataReader.ActivateResultSet(CancellationToken cancellationToken) in /_/src/MySqlConnector/MySqlDataReader.cs:line 122
   at MySqlConnector.MySqlDataReader.InitAsync(CommandListPosition commandListPosition, ICommandPayloadCreator payloadCreator, IDictionary`2 cachedProcedures, IMySqlCommand command, CommandBehavior behavior, Activity activity, IOBehavior ioBehavior, CancellationToken cancellationToken) in /_/src/MySqlConnector/MySqlDataReader.cs:line 487
   at MySqlConnector.Core.CommandExecutor.ExecuteReaderAsync(CommandListPosition commandListPosition, ICommandPayloadCreator payloadCreator, CommandBehavior behavior, Activity activity, IOBehavior ioBehavior, CancellationToken cancellationToken) in /_/src/MySqlConnector/Core/CommandExecutor.cs:line 56
   at MySqlConnector.MySqlCommand.ExecuteReaderAsync(CommandBehavior behavior, IOBehavior ioBehavior, CancellationToken cancellationToken) in /_/src/MySqlConnector/MySqlCommand.cs:line 357
   at MySqlConnector.MySqlCommand.ExecuteDbDataReaderAsync(CommandBehavior behavior, CancellationToken cancellationToken) in /_/src/MySqlConnector/MySqlCommand.cs:line 350
   at Microsoft.EntityFrameworkCore.Storage.RelationalCommand.ExecuteReaderAsync(RelationalCommandParameterObject parameterObject, CancellationToken cancellationToken)
   at Microsoft.EntityFrameworkCore.Storage.RelationalCommand.ExecuteReaderAsync(RelationalCommandParameterObject parameterObject, CancellationToken cancellationToken)
   at Microsoft.EntityFrameworkCore.Update.ReaderModificationCommandBatch.ExecuteAsync(IRelationalConnection connection, CancellationToken cancellationToken)
   at Microsoft.EntityFrameworkCore.Update.Internal.BatchExecutor.ExecuteAsync(IEnumerable`1 commandBatches, IRelationalConnection connection, CancellationToken cancellationToken)
   at Microsoft.EntityFrameworkCore.Update.Internal.BatchExecutor.ExecuteAsync(IEnumerable`1 commandBatches, IRelationalConnection connection, CancellationToken cancellationToken)
   at Microsoft.EntityFrameworkCore.Update.Internal.BatchExecutor.ExecuteAsync(IEnumerable`1 commandBatches, IRelationalConnection connection, CancellationToken cancellationToken)
   at Microsoft.EntityFrameworkCore.Storage.RelationalDatabase.SaveChangesAsync(IList`1 entries, CancellationToken cancellationToken)
   at Microsoft.EntityFrameworkCore.ChangeTracking.Internal.StateManager.SaveChangesAsync(IList`1 entriesToSave, CancellationToken cancellationToken)
   at Microsoft.EntityFrameworkCore.ChangeTracking.Internal.StateManager.SaveChangesAsync(StateManager stateManager, Boolean acceptAllChangesOnSuccess, CancellationToken cancellationToken)
   at Microsoft.EntityFrameworkCore.Storage.ExecutionStrategy.<>c__DisplayClass30_0`2.<<ExecuteAsync>b__0>d.MoveNext()
--- End of stack trace from previous location ---
   at Microsoft.EntityFrameworkCore.Storage.ExecutionStrategy.ExecuteImplementationAsync[TState,TResult](Func`4 operation, Func`4 verifySucceeded, TState state, CancellationToken cancellationToken)
   at Microsoft.EntityFrameworkCore.Storage.ExecutionStrategy.ExecuteImplementationAsync[TState,TResult](Func`4 operation, Func`4 verifySucceeded, TState state, CancellationToken cancellationToken)
   at Microsoft.EntityFrameworkCore.Storage.ExecutionStrategy.ExecuteAsync[TState,TResult](TState state, Func`4 operation, Func`4 verifySucceeded, CancellationToken cancellationToken)
   at Microsoft.EntityFrameworkCore.DbContext.SaveChangesAsync(Boolean acceptAllChangesOnSuccess, CancellationToken cancellationToken)
   at Microsoft.EntityFrameworkCore.DbContext.SaveChangesAsync(Boolean acceptAllChangesOnSuccess, CancellationToken cancellationToken)
   at EduNexis.Infrastructure.Persistence.Repositories.UnitOfWork.SaveChangesAsync(CancellationToken ct) in D:\Coding\Projects\edunexis-api\src\EduNexis.Infrastructure\Persistence\Repositories\UnitOfWork.cs:line 32
   at EduNexis.Application.Features.Auth.Commands.LogoutUserCommandHandler.Handle(LogoutUserCommand command, CancellationToken ct) in D:\Coding\Projects\edunexis-api\src\EduNexis.Application\Features\Auth\Commands\LogoutUserCommand.cs:line 19
   at EduNexis.API.Controllers.AuthController.Logout(CancellationToken ct) in D:\Coding\Projects\edunexis-api\src\EduNexis.API\Controllers\AuthController.cs:line 28
   at Microsoft.AspNetCore.Mvc.Infrastructure.ActionMethodExecutor.TaskOfIActionResultExecutor.Execute(ActionContext actionContext, IActionResultTypeMapper mapper, ObjectMethodExecutor executor, Object controller, Object[] arguments)
   at Microsoft.AspNetCore.Mvc.Infrastructure.ControllerActionInvoker.<InvokeActionMethodAsync>g__Awaited|12_0(ControllerActionInvoker invoker, ValueTask`1 actionResultValueTask)
   at Microsoft.AspNetCore.Mvc.Infrastructure.ControllerActionInvoker.<InvokeNextActionFilterAsync>g__Awaited|10_0(ControllerActionInvoker invoker, Task lastTask, State next, Scope scope, Object state, Boolean isCompleted)
   at Microsoft.AspNetCore.Mvc.Infrastructure.ControllerActionInvoker.Rethrow(ActionExecutedContextSealed context)
   at Microsoft.AspNetCore.Mvc.Infrastructure.ControllerActionInvoker.Next(State& next, Scope& scope, Object& state, Boolean& isCompleted)
   at Microsoft.AspNetCore.Mvc.Infrastructure.ControllerActionInvoker.<InvokeInnerFilterAsync>g__Awaited|13_0(ControllerActionInvoker invoker, Task lastTask, State next, Scope scope, Object state, Boolean isCompleted)
   at Microsoft.AspNetCore.Mvc.Infrastructure.ResourceInvoker.<InvokeFilterPipelineAsync>g__Awaited|20_0(ResourceInvoker invoker, Task lastTask, State next, Scope scope, Object state, Boolean isCompleted)
   at Microsoft.AspNetCore.Mvc.Infrastructure.ResourceInvoker.<InvokeAsync>g__Awaited|17_0(ResourceInvoker invoker, Task task, IDisposable scope)
   at Microsoft.AspNetCore.Mvc.Infrastructure.ResourceInvoker.<InvokeAsync>g__Awaited|17_0(ResourceInvoker invoker, Task task, IDisposable scope)
   at Microsoft.AspNetCore.Authorization.AuthorizationMiddleware.Invoke(HttpContext context)
   at Microsoft.AspNetCore.Authentication.AuthenticationMiddleware.Invoke(HttpContext context)
   at Serilog.AspNetCore.RequestLoggingMiddleware.Invoke(HttpContext httpContext)
   at Swashbuckle.AspNetCore.SwaggerUI.SwaggerUIMiddleware.Invoke(HttpContext httpContext)
   at Swashbuckle.AspNetCore.Swagger.SwaggerMiddleware.Invoke(HttpContext httpContext, ISwaggerProvider swaggerProvider)
   at EduNexis.API.Middleware.ExceptionMiddleware.InvokeAsync(HttpContext context) in D:\Coding\Projects\edunexis-api\src\EduNexis.API\Middleware\ExceptionMiddleware.cs:line 15
2026-03-04 14:55:28.000 +06:00 [ERR] Unhandled exception: Query execution was interrupted
System.OperationCanceledException: Query execution was interrupted
 ---> MySqlConnector.MySqlException (0x80004005): Query execution was interrupted
   at MySqlConnector.Core.ServerSession.ReceiveReplyAsync(IOBehavior ioBehavior, CancellationToken cancellationToken) in /_/src/MySqlConnector/Core/ServerSession.cs:line 1081
   at MySqlConnector.Core.ResultSet.ReadResultSetHeaderAsync(IOBehavior ioBehavior) in /_/src/MySqlConnector/Core/ResultSet.cs:line 37
   --- End of inner exception stack trace ---
   at MySqlConnector.MySqlDataReader.ActivateResultSet(CancellationToken cancellationToken) in /_/src/MySqlConnector/MySqlDataReader.cs:line 122
   at MySqlConnector.MySqlDataReader.InitAsync(CommandListPosition commandListPosition, ICommandPayloadCreator payloadCreator, IDictionary`2 cachedProcedures, IMySqlCommand command, CommandBehavior behavior, Activity activity, IOBehavior ioBehavior, CancellationToken cancellationToken) in /_/src/MySqlConnector/MySqlDataReader.cs:line 487
   at MySqlConnector.Core.CommandExecutor.ExecuteReaderAsync(CommandListPosition commandListPosition, ICommandPayloadCreator payloadCreator, CommandBehavior behavior, Activity activity, IOBehavior ioBehavior, CancellationToken cancellationToken) in /_/src/MySqlConnector/Core/CommandExecutor.cs:line 56
   at MySqlConnector.MySqlCommand.ExecuteReaderAsync(CommandBehavior behavior, IOBehavior ioBehavior, CancellationToken cancellationToken) in /_/src/MySqlConnector/MySqlCommand.cs:line 357
   at MySqlConnector.MySqlCommand.ExecuteDbDataReaderAsync(CommandBehavior behavior, CancellationToken cancellationToken) in /_/src/MySqlConnector/MySqlCommand.cs:line 350
   at Microsoft.EntityFrameworkCore.Storage.RelationalCommand.ExecuteReaderAsync(RelationalCommandParameterObject parameterObject, CancellationToken cancellationToken)
   at Microsoft.EntityFrameworkCore.Storage.RelationalCommand.ExecuteReaderAsync(RelationalCommandParameterObject parameterObject, CancellationToken cancellationToken)
   at Microsoft.EntityFrameworkCore.Update.ReaderModificationCommandBatch.ExecuteAsync(IRelationalConnection connection, CancellationToken cancellationToken)
   at Microsoft.EntityFrameworkCore.Update.Internal.BatchExecutor.ExecuteAsync(IEnumerable`1 commandBatches, IRelationalConnection connection, CancellationToken cancellationToken)
   at Microsoft.EntityFrameworkCore.Update.Internal.BatchExecutor.ExecuteAsync(IEnumerable`1 commandBatches, IRelationalConnection connection, CancellationToken cancellationToken)
   at Microsoft.EntityFrameworkCore.Update.Internal.BatchExecutor.ExecuteAsync(IEnumerable`1 commandBatches, IRelationalConnection connection, CancellationToken cancellationToken)
   at Microsoft.EntityFrameworkCore.Storage.RelationalDatabase.SaveChangesAsync(IList`1 entries, CancellationToken cancellationToken)
   at Microsoft.EntityFrameworkCore.ChangeTracking.Internal.StateManager.SaveChangesAsync(IList`1 entriesToSave, CancellationToken cancellationToken)
   at Microsoft.EntityFrameworkCore.ChangeTracking.Internal.StateManager.SaveChangesAsync(StateManager stateManager, Boolean acceptAllChangesOnSuccess, CancellationToken cancellationToken)
   at Microsoft.EntityFrameworkCore.Storage.ExecutionStrategy.<>c__DisplayClass30_0`2.<<ExecuteAsync>b__0>d.MoveNext()
--- End of stack trace from previous location ---
   at Microsoft.EntityFrameworkCore.Storage.ExecutionStrategy.ExecuteImplementationAsync[TState,TResult](Func`4 operation, Func`4 verifySucceeded, TState state, CancellationToken cancellationToken)
   at Microsoft.EntityFrameworkCore.Storage.ExecutionStrategy.ExecuteImplementationAsync[TState,TResult](Func`4 operation, Func`4 verifySucceeded, TState state, CancellationToken cancellationToken)
   at Microsoft.EntityFrameworkCore.Storage.ExecutionStrategy.ExecuteAsync[TState,TResult](TState state, Func`4 operation, Func`4 verifySucceeded, CancellationToken cancellationToken)
   at Microsoft.EntityFrameworkCore.DbContext.SaveChangesAsync(Boolean acceptAllChangesOnSuccess, CancellationToken cancellationToken)
   at Microsoft.EntityFrameworkCore.DbContext.SaveChangesAsync(Boolean acceptAllChangesOnSuccess, CancellationToken cancellationToken)
   at EduNexis.Infrastructure.Persistence.Repositories.UnitOfWork.SaveChangesAsync(CancellationToken ct) in D:\Coding\Projects\edunexis-api\src\EduNexis.Infrastructure\Persistence\Repositories\UnitOfWork.cs:line 32
   at EduNexis.Application.Features.Auth.Commands.LogoutUserCommandHandler.Handle(LogoutUserCommand command, CancellationToken ct) in D:\Coding\Projects\edunexis-api\src\EduNexis.Application\Features\Auth\Commands\LogoutUserCommand.cs:line 19
   at EduNexis.API.Controllers.AuthController.Logout(CancellationToken ct) in D:\Coding\Projects\edunexis-api\src\EduNexis.API\Controllers\AuthController.cs:line 28
   at Microsoft.AspNetCore.Mvc.Infrastructure.ActionMethodExecutor.TaskOfIActionResultExecutor.Execute(ActionContext actionContext, IActionResultTypeMapper mapper, ObjectMethodExecutor executor, Object controller, Object[] arguments)
   at Microsoft.AspNetCore.Mvc.Infrastructure.ControllerActionInvoker.<InvokeActionMethodAsync>g__Awaited|12_0(ControllerActionInvoker invoker, ValueTask`1 actionResultValueTask)
   at Microsoft.AspNetCore.Mvc.Infrastructure.ControllerActionInvoker.<InvokeNextActionFilterAsync>g__Awaited|10_0(ControllerActionInvoker invoker, Task lastTask, State next, Scope scope, Object state, Boolean isCompleted)
   at Microsoft.AspNetCore.Mvc.Infrastructure.ControllerActionInvoker.Rethrow(ActionExecutedContextSealed context)
   at Microsoft.AspNetCore.Mvc.Infrastructure.ControllerActionInvoker.Next(State& next, Scope& scope, Object& state, Boolean& isCompleted)
   at Microsoft.AspNetCore.Mvc.Infrastructure.ControllerActionInvoker.<InvokeInnerFilterAsync>g__Awaited|13_0(ControllerActionInvoker invoker, Task lastTask, State next, Scope scope, Object state, Boolean isCompleted)
   at Microsoft.AspNetCore.Mvc.Infrastructure.ResourceInvoker.<InvokeFilterPipelineAsync>g__Awaited|20_0(ResourceInvoker invoker, Task lastTask, State next, Scope scope, Object state, Boolean isCompleted)
   at Microsoft.AspNetCore.Mvc.Infrastructure.ResourceInvoker.<InvokeAsync>g__Awaited|17_0(ResourceInvoker invoker, Task task, IDisposable scope)
   at Microsoft.AspNetCore.Mvc.Infrastructure.ResourceInvoker.<InvokeAsync>g__Awaited|17_0(ResourceInvoker invoker, Task task, IDisposable scope)
   at Microsoft.AspNetCore.Authorization.AuthorizationMiddleware.Invoke(HttpContext context)
   at Microsoft.AspNetCore.Authentication.AuthenticationMiddleware.Invoke(HttpContext context)
   at Serilog.AspNetCore.RequestLoggingMiddleware.Invoke(HttpContext httpContext)
   at Swashbuckle.AspNetCore.SwaggerUI.SwaggerUIMiddleware.Invoke(HttpContext httpContext)
   at Swashbuckle.AspNetCore.Swagger.SwaggerMiddleware.Invoke(HttpContext httpContext, ISwaggerProvider swaggerProvider)
   at EduNexis.API.Middleware.ExceptionMiddleware.InvokeAsync(HttpContext context) in D:\Coding\Projects\edunexis-api\src\EduNexis.API\Middleware\ExceptionMiddleware.cs:line 15
2026-03-04 14:55:28.039 +06:00 [ERR] Unhandled exception: Query execution was interrupted
System.OperationCanceledException: Query execution was interrupted
 ---> MySqlConnector.MySqlException (0x80004005): Query execution was interrupted
   at MySqlConnector.Core.ServerSession.ReceiveReplyAsync(IOBehavior ioBehavior, CancellationToken cancellationToken) in /_/src/MySqlConnector/Core/ServerSession.cs:line 1081
   at MySqlConnector.Core.ResultSet.ReadResultSetHeaderAsync(IOBehavior ioBehavior) in /_/src/MySqlConnector/Core/ResultSet.cs:line 37
   --- End of inner exception stack trace ---
   at MySqlConnector.MySqlDataReader.ActivateResultSet(CancellationToken cancellationToken) in /_/src/MySqlConnector/MySqlDataReader.cs:line 122
   at MySqlConnector.MySqlDataReader.InitAsync(CommandListPosition commandListPosition, ICommandPayloadCreator payloadCreator, IDictionary`2 cachedProcedures, IMySqlCommand command, CommandBehavior behavior, Activity activity, IOBehavior ioBehavior, CancellationToken cancellationToken) in /_/src/MySqlConnector/MySqlDataReader.cs:line 487
   at MySqlConnector.Core.CommandExecutor.ExecuteReaderAsync(CommandListPosition commandListPosition, ICommandPayloadCreator payloadCreator, CommandBehavior behavior, Activity activity, IOBehavior ioBehavior, CancellationToken cancellationToken) in /_/src/MySqlConnector/Core/CommandExecutor.cs:line 56
   at MySqlConnector.MySqlCommand.ExecuteReaderAsync(CommandBehavior behavior, IOBehavior ioBehavior, CancellationToken cancellationToken) in /_/src/MySqlConnector/MySqlCommand.cs:line 357
   at MySqlConnector.MySqlCommand.ExecuteDbDataReaderAsync(CommandBehavior behavior, CancellationToken cancellationToken) in /_/src/MySqlConnector/MySqlCommand.cs:line 350
   at Microsoft.EntityFrameworkCore.Storage.RelationalCommand.ExecuteReaderAsync(RelationalCommandParameterObject parameterObject, CancellationToken cancellationToken)
   at Microsoft.EntityFrameworkCore.Storage.RelationalCommand.ExecuteReaderAsync(RelationalCommandParameterObject parameterObject, CancellationToken cancellationToken)
   at Microsoft.EntityFrameworkCore.Update.ReaderModificationCommandBatch.ExecuteAsync(IRelationalConnection connection, CancellationToken cancellationToken)
   at Microsoft.EntityFrameworkCore.Update.Internal.BatchExecutor.ExecuteAsync(IEnumerable`1 commandBatches, IRelationalConnection connection, CancellationToken cancellationToken)
   at Microsoft.EntityFrameworkCore.Update.Internal.BatchExecutor.ExecuteAsync(IEnumerable`1 commandBatches, IRelationalConnection connection, CancellationToken cancellationToken)
   at Microsoft.EntityFrameworkCore.Update.Internal.BatchExecutor.ExecuteAsync(IEnumerable`1 commandBatches, IRelationalConnection connection, CancellationToken cancellationToken)
   at Microsoft.EntityFrameworkCore.Storage.RelationalDatabase.SaveChangesAsync(IList`1 entries, CancellationToken cancellationToken)
   at Microsoft.EntityFrameworkCore.ChangeTracking.Internal.StateManager.SaveChangesAsync(IList`1 entriesToSave, CancellationToken cancellationToken)
   at Microsoft.EntityFrameworkCore.ChangeTracking.Internal.StateManager.SaveChangesAsync(StateManager stateManager, Boolean acceptAllChangesOnSuccess, CancellationToken cancellationToken)
   at Microsoft.EntityFrameworkCore.Storage.ExecutionStrategy.<>c__DisplayClass30_0`2.<<ExecuteAsync>b__0>d.MoveNext()
--- End of stack trace from previous location ---
   at Microsoft.EntityFrameworkCore.Storage.ExecutionStrategy.ExecuteImplementationAsync[TState,TResult](Func`4 operation, Func`4 verifySucceeded, TState state, CancellationToken cancellationToken)
   at Microsoft.EntityFrameworkCore.Storage.ExecutionStrategy.ExecuteImplementationAsync[TState,TResult](Func`4 operation, Func`4 verifySucceeded, TState state, CancellationToken cancellationToken)
   at Microsoft.EntityFrameworkCore.Storage.ExecutionStrategy.ExecuteAsync[TState,TResult](TState state, Func`4 operation, Func`4 verifySucceeded, CancellationToken cancellationToken)
   at Microsoft.EntityFrameworkCore.DbContext.SaveChangesAsync(Boolean acceptAllChangesOnSuccess, CancellationToken cancellationToken)
   at Microsoft.EntityFrameworkCore.DbContext.SaveChangesAsync(Boolean acceptAllChangesOnSuccess, CancellationToken cancellationToken)
   at EduNexis.Infrastructure.Persistence.Repositories.UnitOfWork.SaveChangesAsync(CancellationToken ct) in D:\Coding\Projects\edunexis-api\src\EduNexis.Infrastructure\Persistence\Repositories\UnitOfWork.cs:line 32
   at EduNexis.Application.Features.Auth.Commands.LogoutUserCommandHandler.Handle(LogoutUserCommand command, CancellationToken ct) in D:\Coding\Projects\edunexis-api\src\EduNexis.Application\Features\Auth\Commands\LogoutUserCommand.cs:line 19
   at EduNexis.API.Controllers.AuthController.Logout(CancellationToken ct) in D:\Coding\Projects\edunexis-api\src\EduNexis.API\Controllers\AuthController.cs:line 28
   at Microsoft.AspNetCore.Mvc.Infrastructure.ActionMethodExecutor.TaskOfIActionResultExecutor.Execute(ActionContext actionContext, IActionResultTypeMapper mapper, ObjectMethodExecutor executor, Object controller, Object[] arguments)
   at Microsoft.AspNetCore.Mvc.Infrastructure.ControllerActionInvoker.<InvokeActionMethodAsync>g__Awaited|12_0(ControllerActionInvoker invoker, ValueTask`1 actionResultValueTask)
   at Microsoft.AspNetCore.Mvc.Infrastructure.ControllerActionInvoker.<InvokeNextActionFilterAsync>g__Awaited|10_0(ControllerActionInvoker invoker, Task lastTask, State next, Scope scope, Object state, Boolean isCompleted)
   at Microsoft.AspNetCore.Mvc.Infrastructure.ControllerActionInvoker.Rethrow(ActionExecutedContextSealed context)
   at Microsoft.AspNetCore.Mvc.Infrastructure.ControllerActionInvoker.Next(State& next, Scope& scope, Object& state, Boolean& isCompleted)
   at Microsoft.AspNetCore.Mvc.Infrastructure.ControllerActionInvoker.<InvokeInnerFilterAsync>g__Awaited|13_0(ControllerActionInvoker invoker, Task lastTask, State next, Scope scope, Object state, Boolean isCompleted)
   at Microsoft.AspNetCore.Mvc.Infrastructure.ResourceInvoker.<InvokeFilterPipelineAsync>g__Awaited|20_0(ResourceInvoker invoker, Task lastTask, State next, Scope scope, Object state, Boolean isCompleted)
   at Microsoft.AspNetCore.Mvc.Infrastructure.ResourceInvoker.<InvokeAsync>g__Awaited|17_0(ResourceInvoker invoker, Task task, IDisposable scope)
   at Microsoft.AspNetCore.Mvc.Infrastructure.ResourceInvoker.<InvokeAsync>g__Awaited|17_0(ResourceInvoker invoker, Task task, IDisposable scope)
   at Microsoft.AspNetCore.Authorization.AuthorizationMiddleware.Invoke(HttpContext context)
   at Microsoft.AspNetCore.Authentication.AuthenticationMiddleware.Invoke(HttpContext context)
   at Serilog.AspNetCore.RequestLoggingMiddleware.Invoke(HttpContext httpContext)
   at Swashbuckle.AspNetCore.SwaggerUI.SwaggerUIMiddleware.Invoke(HttpContext httpContext)
   at Swashbuckle.AspNetCore.Swagger.SwaggerMiddleware.Invoke(HttpContext httpContext, ISwaggerProvider swaggerProvider)
   at EduNexis.API.Middleware.ExceptionMiddleware.InvokeAsync(HttpContext context) in D:\Coding\Projects\edunexis-api\src\EduNexis.API\Middleware\ExceptionMiddleware.cs:line 15
2026-03-04 14:58:37.155 +06:00 [INF] HTTP OPTIONS /api/auth/register responded 204 in 9.2778 ms
2026-03-04 14:59:19.358 +06:00 [ERR] Failed executing DbCommand (32,020ms) [Parameters=[@p0='?' (DbType = Guid), @p1='?' (DbType = DateTime), @p2='?' (DbType = DateTime), @p3='?' (Size = 255), @p4='?' (DbType = Boolean), @p5='?' (DbType = Boolean), @p6='?' (DbType = Boolean), @p7='?' (Size = 4000), @p8='?' (Size = 4000), @p9='?' (DbType = DateTime), @p10='?' (Size = 4000), @p11='?' (DbType = DateTime), @p12='?' (DbType = Guid), @p13='?' (Size = 4000), @p14='?' (Size = 4000), @p15='?' (DbType = DateTime), @p16='?' (DbType = DateTime), @p17='?' (Size = 4000), @p18='?' (Size = 4000), @p19='?' (Size = 4000), @p20='?' (Size = 4000), @p21='?' (Size = 4000), @p22='?' (DbType = Boolean), @p23='?' (Size = 4000), @p24='?' (Size = 4000), @p25='?' (DbType = Int32), @p26='?' (Size = 4000), @p27='?' (Size = 4000), @p28='?' (Size = 4000), @p29='?' (DbType = DateTime), @p30='?' (DbType = Guid), @p31='?' (Size = 4000)], CommandType='"Text"', CommandTimeout='30']
INSERT INTO `Users` (`Id`, `CreatedAt`, `DeletedAt`, `Email`, `IsActive`, `IsDeleted`, `IsProfileComplete`, `PasswordHash`, `RefreshToken`, `RefreshTokenExpiry`, `Role`, `UpdatedAt`)
VALUES (@p0, @p1, @p2, @p3, @p4, @p5, @p6, @p7, @p8, @p9, @p10, @p11);
INSERT INTO `UserProfiles` (`Id`, `Bio`, `CoverPhotoUrl`, `CreatedAt`, `DeletedAt`, `Department`, `Designation`, `FacebookUrl`, `FullName`, `GitHubUrl`, `IsDeleted`, `LinkedInUrl`, `PhoneNumber`, `ProfileCompletionPercent`, `ProfilePhotoUrl`, `StudentId`, `TwitterUrl`, `UpdatedAt`, `UserId`, `WebsiteUrl`)
VALUES (@p12, @p13, @p14, @p15, @p16, @p17, @p18, @p19, @p20, @p21, @p22, @p23, @p24, @p25, @p26, @p27, @p28, @p29, @p30, @p31);
2026-03-04 14:59:19.514 +06:00 [ERR] An exception occurred in the database while saving changes for context type 'EduNexis.Infrastructure.Persistence.AppDbContext'.
Microsoft.EntityFrameworkCore.DbUpdateException: An error occurred while saving the entity changes. See the inner exception for details.
 ---> MySqlConnector.MySqlException (0x80004005): The Command Timeout expired before the operation completed.
 ---> System.Net.Sockets.SocketException (995): The I/O operation has been aborted because of either a thread exit or an application request.
   at System.Net.Sockets.Socket.AwaitableSocketAsyncEventArgs.ThrowException(SocketError error, CancellationToken cancellationToken)
   at System.Net.Sockets.Socket.AwaitableSocketAsyncEventArgs.System.Threading.Tasks.Sources.IValueTaskSource<System.Int32>.GetResult(Int16 token)
   at MySqlConnector.Protocol.Serialization.SocketByteHandler.DoReadBytesAsync(Memory`1 buffer) in /_/src/MySqlConnector/Protocol/Serialization/SocketByteHandler.cs:line 89
   at MySqlConnector.Protocol.Serialization.SocketByteHandler.DoReadBytesAsync(Memory`1 buffer) in /_/src/MySqlConnector/Protocol/Serialization/SocketByteHandler.cs:line 98
   at MySqlConnector.Protocol.Serialization.BufferedByteReader.ReadBytesAsync(IByteHandler byteHandler, ArraySegment`1 buffer, Int32 totalBytesToRead, IOBehavior ioBehavior) in /_/src/MySqlConnector/Protocol/Serialization/BufferedByteReader.cs:line 34
   at MySqlConnector.Protocol.Serialization.ProtocolUtility.ReadPayloadAsync(BufferedByteReader bufferedByteReader, IByteHandler byteHandler, Func`1 getNextSequenceNumber, ArraySegmentHolder`1 previousPayloads, ProtocolErrorBehavior protocolErrorBehavior, IOBehavior ioBehavior) in /_/src/MySqlConnector/Protocol/Serialization/ProtocolUtility.cs:line 420
   at MySqlConnector.Core.ServerSession.ReceiveReplyAsync(IOBehavior ioBehavior, CancellationToken cancellationToken) in /_/src/MySqlConnector/Core/ServerSession.cs:line 1070
   at MySqlConnector.Core.ResultSet.ReadResultSetHeaderAsync(IOBehavior ioBehavior) in /_/src/MySqlConnector/Core/ResultSet.cs:line 37
   at MySqlConnector.MySqlDataReader.ActivateResultSet(CancellationToken cancellationToken) in /_/src/MySqlConnector/MySqlDataReader.cs:line 131
   at MySqlConnector.MySqlDataReader.InitAsync(CommandListPosition commandListPosition, ICommandPayloadCreator payloadCreator, IDictionary`2 cachedProcedures, IMySqlCommand command, CommandBehavior behavior, Activity activity, IOBehavior ioBehavior, CancellationToken cancellationToken) in /_/src/MySqlConnector/MySqlDataReader.cs:line 487
   at MySqlConnector.Core.CommandExecutor.ExecuteReaderAsync(CommandListPosition commandListPosition, ICommandPayloadCreator payloadCreator, CommandBehavior behavior, Activity activity, IOBehavior ioBehavior, CancellationToken cancellationToken) in /_/src/MySqlConnector/Core/CommandExecutor.cs:line 56
   at MySqlConnector.MySqlCommand.ExecuteReaderAsync(CommandBehavior behavior, IOBehavior ioBehavior, CancellationToken cancellationToken) in /_/src/MySqlConnector/MySqlCommand.cs:line 357
   at MySqlConnector.MySqlCommand.ExecuteDbDataReaderAsync(CommandBehavior behavior, CancellationToken cancellationToken) in /_/src/MySqlConnector/MySqlCommand.cs:line 350
   at Microsoft.EntityFrameworkCore.Storage.RelationalCommand.ExecuteReaderAsync(RelationalCommandParameterObject parameterObject, CancellationToken cancellationToken)
   at Microsoft.EntityFrameworkCore.Storage.RelationalCommand.ExecuteReaderAsync(RelationalCommandParameterObject parameterObject, CancellationToken cancellationToken)
   at Microsoft.EntityFrameworkCore.Update.ReaderModificationCommandBatch.ExecuteAsync(IRelationalConnection connection, CancellationToken cancellationToken)
   --- End of inner exception stack trace ---
   at Microsoft.EntityFrameworkCore.Update.ReaderModificationCommandBatch.ExecuteAsync(IRelationalConnection connection, CancellationToken cancellationToken)
   at Microsoft.EntityFrameworkCore.Update.Internal.BatchExecutor.ExecuteAsync(IEnumerable`1 commandBatches, IRelationalConnection connection, CancellationToken cancellationToken)
   at Microsoft.EntityFrameworkCore.Update.Internal.BatchExecutor.ExecuteAsync(IEnumerable`1 commandBatches, IRelationalConnection connection, CancellationToken cancellationToken)
   at Microsoft.EntityFrameworkCore.Update.Internal.BatchExecutor.ExecuteAsync(IEnumerable`1 commandBatches, IRelationalConnection connection, CancellationToken cancellationToken)
   at Microsoft.EntityFrameworkCore.Storage.RelationalDatabase.SaveChangesAsync(IList`1 entries, CancellationToken cancellationToken)
   at Microsoft.EntityFrameworkCore.ChangeTracking.Internal.StateManager.SaveChangesAsync(IList`1 entriesToSave, CancellationToken cancellationToken)
   at Microsoft.EntityFrameworkCore.ChangeTracking.Internal.StateManager.SaveChangesAsync(StateManager stateManager, Boolean acceptAllChangesOnSuccess, CancellationToken cancellationToken)
   at Microsoft.EntityFrameworkCore.Storage.ExecutionStrategy.<>c__DisplayClass30_0`2.<<ExecuteAsync>b__0>d.MoveNext()
--- End of stack trace from previous location ---
   at Microsoft.EntityFrameworkCore.Storage.ExecutionStrategy.ExecuteImplementationAsync[TState,TResult](Func`4 operation, Func`4 verifySucceeded, TState state, CancellationToken cancellationToken)
   at Microsoft.EntityFrameworkCore.Storage.ExecutionStrategy.ExecuteImplementationAsync[TState,TResult](Func`4 operation, Func`4 verifySucceeded, TState state, CancellationToken cancellationToken)
   at Microsoft.EntityFrameworkCore.Storage.ExecutionStrategy.ExecuteAsync[TState,TResult](TState state, Func`4 operation, Func`4 verifySucceeded, CancellationToken cancellationToken)
   at Microsoft.EntityFrameworkCore.DbContext.SaveChangesAsync(Boolean acceptAllChangesOnSuccess, CancellationToken cancellationToken)
Microsoft.EntityFrameworkCore.DbUpdateException: An error occurred while saving the entity changes. See the inner exception for details.
 ---> MySqlConnector.MySqlException (0x80004005): The Command Timeout expired before the operation completed.
 ---> System.Net.Sockets.SocketException (995): The I/O operation has been aborted because of either a thread exit or an application request.
   at System.Net.Sockets.Socket.AwaitableSocketAsyncEventArgs.ThrowException(SocketError error, CancellationToken cancellationToken)
   at System.Net.Sockets.Socket.AwaitableSocketAsyncEventArgs.System.Threading.Tasks.Sources.IValueTaskSource<System.Int32>.GetResult(Int16 token)
   at MySqlConnector.Protocol.Serialization.SocketByteHandler.DoReadBytesAsync(Memory`1 buffer) in /_/src/MySqlConnector/Protocol/Serialization/SocketByteHandler.cs:line 89
   at MySqlConnector.Protocol.Serialization.SocketByteHandler.DoReadBytesAsync(Memory`1 buffer) in /_/src/MySqlConnector/Protocol/Serialization/SocketByteHandler.cs:line 98
   at MySqlConnector.Protocol.Serialization.BufferedByteReader.ReadBytesAsync(IByteHandler byteHandler, ArraySegment`1 buffer, Int32 totalBytesToRead, IOBehavior ioBehavior) in /_/src/MySqlConnector/Protocol/Serialization/BufferedByteReader.cs:line 34
   at MySqlConnector.Protocol.Serialization.ProtocolUtility.ReadPayloadAsync(BufferedByteReader bufferedByteReader, IByteHandler byteHandler, Func`1 getNextSequenceNumber, ArraySegmentHolder`1 previousPayloads, ProtocolErrorBehavior protocolErrorBehavior, IOBehavior ioBehavior) in /_/src/MySqlConnector/Protocol/Serialization/ProtocolUtility.cs:line 420
   at MySqlConnector.Core.ServerSession.ReceiveReplyAsync(IOBehavior ioBehavior, CancellationToken cancellationToken) in /_/src/MySqlConnector/Core/ServerSession.cs:line 1070
   at MySqlConnector.Core.ResultSet.ReadResultSetHeaderAsync(IOBehavior ioBehavior) in /_/src/MySqlConnector/Core/ResultSet.cs:line 37
   at MySqlConnector.MySqlDataReader.ActivateResultSet(CancellationToken cancellationToken) in /_/src/MySqlConnector/MySqlDataReader.cs:line 131
   at MySqlConnector.MySqlDataReader.InitAsync(CommandListPosition commandListPosition, ICommandPayloadCreator payloadCreator, IDictionary`2 cachedProcedures, IMySqlCommand command, CommandBehavior behavior, Activity activity, IOBehavior ioBehavior, CancellationToken cancellationToken) in /_/src/MySqlConnector/MySqlDataReader.cs:line 487
   at MySqlConnector.Core.CommandExecutor.ExecuteReaderAsync(CommandListPosition commandListPosition, ICommandPayloadCreator payloadCreator, CommandBehavior behavior, Activity activity, IOBehavior ioBehavior, CancellationToken cancellationToken) in /_/src/MySqlConnector/Core/CommandExecutor.cs:line 56
   at MySqlConnector.MySqlCommand.ExecuteReaderAsync(CommandBehavior behavior, IOBehavior ioBehavior, CancellationToken cancellationToken) in /_/src/MySqlConnector/MySqlCommand.cs:line 357
   at MySqlConnector.MySqlCommand.ExecuteDbDataReaderAsync(CommandBehavior behavior, CancellationToken cancellationToken) in /_/src/MySqlConnector/MySqlCommand.cs:line 350
   at Microsoft.EntityFrameworkCore.Storage.RelationalCommand.ExecuteReaderAsync(RelationalCommandParameterObject parameterObject, CancellationToken cancellationToken)
   at Microsoft.EntityFrameworkCore.Storage.RelationalCommand.ExecuteReaderAsync(RelationalCommandParameterObject parameterObject, CancellationToken cancellationToken)
   at Microsoft.EntityFrameworkCore.Update.ReaderModificationCommandBatch.ExecuteAsync(IRelationalConnection connection, CancellationToken cancellationToken)
   --- End of inner exception stack trace ---
   at Microsoft.EntityFrameworkCore.Update.ReaderModificationCommandBatch.ExecuteAsync(IRelationalConnection connection, CancellationToken cancellationToken)
   at Microsoft.EntityFrameworkCore.Update.Internal.BatchExecutor.ExecuteAsync(IEnumerable`1 commandBatches, IRelationalConnection connection, CancellationToken cancellationToken)
   at Microsoft.EntityFrameworkCore.Update.Internal.BatchExecutor.ExecuteAsync(IEnumerable`1 commandBatches, IRelationalConnection connection, CancellationToken cancellationToken)
   at Microsoft.EntityFrameworkCore.Update.Internal.BatchExecutor.ExecuteAsync(IEnumerable`1 commandBatches, IRelationalConnection connection, CancellationToken cancellationToken)
   at Microsoft.EntityFrameworkCore.Storage.RelationalDatabase.SaveChangesAsync(IList`1 entries, CancellationToken cancellationToken)
   at Microsoft.EntityFrameworkCore.ChangeTracking.Internal.StateManager.SaveChangesAsync(IList`1 entriesToSave, CancellationToken cancellationToken)
   at Microsoft.EntityFrameworkCore.ChangeTracking.Internal.StateManager.SaveChangesAsync(StateManager stateManager, Boolean acceptAllChangesOnSuccess, CancellationToken cancellationToken)
   at Microsoft.EntityFrameworkCore.Storage.ExecutionStrategy.<>c__DisplayClass30_0`2.<<ExecuteAsync>b__0>d.MoveNext()
--- End of stack trace from previous location ---
   at Microsoft.EntityFrameworkCore.Storage.ExecutionStrategy.ExecuteImplementationAsync[TState,TResult](Func`4 operation, Func`4 verifySucceeded, TState state, CancellationToken cancellationToken)
   at Microsoft.EntityFrameworkCore.Storage.ExecutionStrategy.ExecuteImplementationAsync[TState,TResult](Func`4 operation, Func`4 verifySucceeded, TState state, CancellationToken cancellationToken)
   at Microsoft.EntityFrameworkCore.Storage.ExecutionStrategy.ExecuteAsync[TState,TResult](TState state, Func`4 operation, Func`4 verifySucceeded, CancellationToken cancellationToken)
   at Microsoft.EntityFrameworkCore.DbContext.SaveChangesAsync(Boolean acceptAllChangesOnSuccess, CancellationToken cancellationToken)
2026-03-04 14:59:19.720 +06:00 [ERR] HTTP POST /api/auth/register responded 500 in 42390.2661 ms
Microsoft.EntityFrameworkCore.DbUpdateException: An error occurred while saving the entity changes. See the inner exception for details.
 ---> MySqlConnector.MySqlException (0x80004005): The Command Timeout expired before the operation completed.
 ---> System.Net.Sockets.SocketException (995): The I/O operation has been aborted because of either a thread exit or an application request.
   at System.Net.Sockets.Socket.AwaitableSocketAsyncEventArgs.ThrowException(SocketError error, CancellationToken cancellationToken)
   at System.Net.Sockets.Socket.AwaitableSocketAsyncEventArgs.System.Threading.Tasks.Sources.IValueTaskSource<System.Int32>.GetResult(Int16 token)
   at MySqlConnector.Protocol.Serialization.SocketByteHandler.DoReadBytesAsync(Memory`1 buffer) in /_/src/MySqlConnector/Protocol/Serialization/SocketByteHandler.cs:line 89
   at MySqlConnector.Protocol.Serialization.SocketByteHandler.DoReadBytesAsync(Memory`1 buffer) in /_/src/MySqlConnector/Protocol/Serialization/SocketByteHandler.cs:line 98
   at MySqlConnector.Protocol.Serialization.BufferedByteReader.ReadBytesAsync(IByteHandler byteHandler, ArraySegment`1 buffer, Int32 totalBytesToRead, IOBehavior ioBehavior) in /_/src/MySqlConnector/Protocol/Serialization/BufferedByteReader.cs:line 34
   at MySqlConnector.Protocol.Serialization.ProtocolUtility.ReadPayloadAsync(BufferedByteReader bufferedByteReader, IByteHandler byteHandler, Func`1 getNextSequenceNumber, ArraySegmentHolder`1 previousPayloads, ProtocolErrorBehavior protocolErrorBehavior, IOBehavior ioBehavior) in /_/src/MySqlConnector/Protocol/Serialization/ProtocolUtility.cs:line 420
   at MySqlConnector.Core.ServerSession.ReceiveReplyAsync(IOBehavior ioBehavior, CancellationToken cancellationToken) in /_/src/MySqlConnector/Core/ServerSession.cs:line 1070
   at MySqlConnector.Core.ResultSet.ReadResultSetHeaderAsync(IOBehavior ioBehavior) in /_/src/MySqlConnector/Core/ResultSet.cs:line 37
   at MySqlConnector.MySqlDataReader.ActivateResultSet(CancellationToken cancellationToken) in /_/src/MySqlConnector/MySqlDataReader.cs:line 131
   at MySqlConnector.MySqlDataReader.InitAsync(CommandListPosition commandListPosition, ICommandPayloadCreator payloadCreator, IDictionary`2 cachedProcedures, IMySqlCommand command, CommandBehavior behavior, Activity activity, IOBehavior ioBehavior, CancellationToken cancellationToken) in /_/src/MySqlConnector/MySqlDataReader.cs:line 487
   at MySqlConnector.Core.CommandExecutor.ExecuteReaderAsync(CommandListPosition commandListPosition, ICommandPayloadCreator payloadCreator, CommandBehavior behavior, Activity activity, IOBehavior ioBehavior, CancellationToken cancellationToken) in /_/src/MySqlConnector/Core/CommandExecutor.cs:line 56
   at MySqlConnector.MySqlCommand.ExecuteReaderAsync(CommandBehavior behavior, IOBehavior ioBehavior, CancellationToken cancellationToken) in /_/src/MySqlConnector/MySqlCommand.cs:line 357
   at MySqlConnector.MySqlCommand.ExecuteDbDataReaderAsync(CommandBehavior behavior, CancellationToken cancellationToken) in /_/src/MySqlConnector/MySqlCommand.cs:line 350
   at Microsoft.EntityFrameworkCore.Storage.RelationalCommand.ExecuteReaderAsync(RelationalCommandParameterObject parameterObject, CancellationToken cancellationToken)
   at Microsoft.EntityFrameworkCore.Storage.RelationalCommand.ExecuteReaderAsync(RelationalCommandParameterObject parameterObject, CancellationToken cancellationToken)
   at Microsoft.EntityFrameworkCore.Update.ReaderModificationCommandBatch.ExecuteAsync(IRelationalConnection connection, CancellationToken cancellationToken)
   --- End of inner exception stack trace ---
   at Microsoft.EntityFrameworkCore.Update.ReaderModificationCommandBatch.ExecuteAsync(IRelationalConnection connection, CancellationToken cancellationToken)
   at Microsoft.EntityFrameworkCore.Update.Internal.BatchExecutor.ExecuteAsync(IEnumerable`1 commandBatches, IRelationalConnection connection, CancellationToken cancellationToken)
   at Microsoft.EntityFrameworkCore.Update.Internal.BatchExecutor.ExecuteAsync(IEnumerable`1 commandBatches, IRelationalConnection connection, CancellationToken cancellationToken)
   at Microsoft.EntityFrameworkCore.Update.Internal.BatchExecutor.ExecuteAsync(IEnumerable`1 commandBatches, IRelationalConnection connection, CancellationToken cancellationToken)
   at Microsoft.EntityFrameworkCore.Storage.RelationalDatabase.SaveChangesAsync(IList`1 entries, CancellationToken cancellationToken)
   at Microsoft.EntityFrameworkCore.ChangeTracking.Internal.StateManager.SaveChangesAsync(IList`1 entriesToSave, CancellationToken cancellationToken)
   at Microsoft.EntityFrameworkCore.ChangeTracking.Internal.StateManager.SaveChangesAsync(StateManager stateManager, Boolean acceptAllChangesOnSuccess, CancellationToken cancellationToken)
   at Microsoft.EntityFrameworkCore.Storage.ExecutionStrategy.<>c__DisplayClass30_0`2.<<ExecuteAsync>b__0>d.MoveNext()
--- End of stack trace from previous location ---
   at Microsoft.EntityFrameworkCore.Storage.ExecutionStrategy.ExecuteImplementationAsync[TState,TResult](Func`4 operation, Func`4 verifySucceeded, TState state, CancellationToken cancellationToken)
   at Microsoft.EntityFrameworkCore.Storage.ExecutionStrategy.ExecuteImplementationAsync[TState,TResult](Func`4 operation, Func`4 verifySucceeded, TState state, CancellationToken cancellationToken)
   at Microsoft.EntityFrameworkCore.Storage.ExecutionStrategy.ExecuteAsync[TState,TResult](TState state, Func`4 operation, Func`4 verifySucceeded, CancellationToken cancellationToken)
   at Microsoft.EntityFrameworkCore.DbContext.SaveChangesAsync(Boolean acceptAllChangesOnSuccess, CancellationToken cancellationToken)
   at Microsoft.EntityFrameworkCore.DbContext.SaveChangesAsync(Boolean acceptAllChangesOnSuccess, CancellationToken cancellationToken)
   at EduNexis.Infrastructure.Persistence.Repositories.UnitOfWork.SaveChangesAsync(CancellationToken ct) in D:\Coding\Projects\edunexis-api\src\EduNexis.Infrastructure\Persistence\Repositories\UnitOfWork.cs:line 32
   at EduNexis.Application.Features.Auth.Commands.RegisterUserCommandHandler.Handle(RegisterUserCommand command, CancellationToken ct) in D:\Coding\Projects\edunexis-api\src\EduNexis.Application\Features\Auth\Commands\RegisterUserCommand.cs:line 45
   at EduNexis.API.Controllers.AuthController.Register(RegisterUserCommand command, CancellationToken ct) in D:\Coding\Projects\edunexis-api\src\EduNexis.API\Controllers\AuthController.cs:line 13
   at Microsoft.AspNetCore.Mvc.Infrastructure.ActionMethodExecutor.TaskOfIActionResultExecutor.Execute(ActionContext actionContext, IActionResultTypeMapper mapper, ObjectMethodExecutor executor, Object controller, Object[] arguments)
   at Microsoft.AspNetCore.Mvc.Infrastructure.ControllerActionInvoker.<InvokeActionMethodAsync>g__Awaited|12_0(ControllerActionInvoker invoker, ValueTask`1 actionResultValueTask)
   at Microsoft.AspNetCore.Mvc.Infrastructure.ControllerActionInvoker.<InvokeNextActionFilterAsync>g__Awaited|10_0(ControllerActionInvoker invoker, Task lastTask, State next, Scope scope, Object state, Boolean isCompleted)
   at Microsoft.AspNetCore.Mvc.Infrastructure.ControllerActionInvoker.Rethrow(ActionExecutedContextSealed context)
   at Microsoft.AspNetCore.Mvc.Infrastructure.ControllerActionInvoker.Next(State& next, Scope& scope, Object& state, Boolean& isCompleted)
   at Microsoft.AspNetCore.Mvc.Infrastructure.ControllerActionInvoker.<InvokeInnerFilterAsync>g__Awaited|13_0(ControllerActionInvoker invoker, Task lastTask, State next, Scope scope, Object state, Boolean isCompleted)
   at Microsoft.AspNetCore.Mvc.Infrastructure.ResourceInvoker.<InvokeFilterPipelineAsync>g__Awaited|20_0(ResourceInvoker invoker, Task lastTask, State next, Scope scope, Object state, Boolean isCompleted)
   at Microsoft.AspNetCore.Mvc.Infrastructure.ResourceInvoker.<InvokeAsync>g__Awaited|17_0(ResourceInvoker invoker, Task task, IDisposable scope)
   at Microsoft.AspNetCore.Mvc.Infrastructure.ResourceInvoker.<InvokeAsync>g__Awaited|17_0(ResourceInvoker invoker, Task task, IDisposable scope)
   at Microsoft.AspNetCore.Authorization.AuthorizationMiddleware.Invoke(HttpContext context)
   at Microsoft.AspNetCore.Authentication.AuthenticationMiddleware.Invoke(HttpContext context)
   at Serilog.AspNetCore.RequestLoggingMiddleware.Invoke(HttpContext httpContext)
2026-03-04 14:59:19.833 +06:00 [ERR] Unhandled exception: An error occurred while saving the entity changes. See the inner exception for details.
Microsoft.EntityFrameworkCore.DbUpdateException: An error occurred while saving the entity changes. See the inner exception for details.
 ---> MySqlConnector.MySqlException (0x80004005): The Command Timeout expired before the operation completed.
 ---> System.Net.Sockets.SocketException (995): The I/O operation has been aborted because of either a thread exit or an application request.
   at System.Net.Sockets.Socket.AwaitableSocketAsyncEventArgs.ThrowException(SocketError error, CancellationToken cancellationToken)
   at System.Net.Sockets.Socket.AwaitableSocketAsyncEventArgs.System.Threading.Tasks.Sources.IValueTaskSource<System.Int32>.GetResult(Int16 token)
   at MySqlConnector.Protocol.Serialization.SocketByteHandler.DoReadBytesAsync(Memory`1 buffer) in /_/src/MySqlConnector/Protocol/Serialization/SocketByteHandler.cs:line 89
   at MySqlConnector.Protocol.Serialization.SocketByteHandler.DoReadBytesAsync(Memory`1 buffer) in /_/src/MySqlConnector/Protocol/Serialization/SocketByteHandler.cs:line 98
   at MySqlConnector.Protocol.Serialization.BufferedByteReader.ReadBytesAsync(IByteHandler byteHandler, ArraySegment`1 buffer, Int32 totalBytesToRead, IOBehavior ioBehavior) in /_/src/MySqlConnector/Protocol/Serialization/BufferedByteReader.cs:line 34
   at MySqlConnector.Protocol.Serialization.ProtocolUtility.ReadPayloadAsync(BufferedByteReader bufferedByteReader, IByteHandler byteHandler, Func`1 getNextSequenceNumber, ArraySegmentHolder`1 previousPayloads, ProtocolErrorBehavior protocolErrorBehavior, IOBehavior ioBehavior) in /_/src/MySqlConnector/Protocol/Serialization/ProtocolUtility.cs:line 420
   at MySqlConnector.Core.ServerSession.ReceiveReplyAsync(IOBehavior ioBehavior, CancellationToken cancellationToken) in /_/src/MySqlConnector/Core/ServerSession.cs:line 1070
   at MySqlConnector.Core.ResultSet.ReadResultSetHeaderAsync(IOBehavior ioBehavior) in /_/src/MySqlConnector/Core/ResultSet.cs:line 37
   at MySqlConnector.MySqlDataReader.ActivateResultSet(CancellationToken cancellationToken) in /_/src/MySqlConnector/MySqlDataReader.cs:line 131
   at MySqlConnector.MySqlDataReader.InitAsync(CommandListPosition commandListPosition, ICommandPayloadCreator payloadCreator, IDictionary`2 cachedProcedures, IMySqlCommand command, CommandBehavior behavior, Activity activity, IOBehavior ioBehavior, CancellationToken cancellationToken) in /_/src/MySqlConnector/MySqlDataReader.cs:line 487
   at MySqlConnector.Core.CommandExecutor.ExecuteReaderAsync(CommandListPosition commandListPosition, ICommandPayloadCreator payloadCreator, CommandBehavior behavior, Activity activity, IOBehavior ioBehavior, CancellationToken cancellationToken) in /_/src/MySqlConnector/Core/CommandExecutor.cs:line 56
   at MySqlConnector.MySqlCommand.ExecuteReaderAsync(CommandBehavior behavior, IOBehavior ioBehavior, CancellationToken cancellationToken) in /_/src/MySqlConnector/MySqlCommand.cs:line 357
   at MySqlConnector.MySqlCommand.ExecuteDbDataReaderAsync(CommandBehavior behavior, CancellationToken cancellationToken) in /_/src/MySqlConnector/MySqlCommand.cs:line 350
   at Microsoft.EntityFrameworkCore.Storage.RelationalCommand.ExecuteReaderAsync(RelationalCommandParameterObject parameterObject, CancellationToken cancellationToken)
   at Microsoft.EntityFrameworkCore.Storage.RelationalCommand.ExecuteReaderAsync(RelationalCommandParameterObject parameterObject, CancellationToken cancellationToken)
   at Microsoft.EntityFrameworkCore.Update.ReaderModificationCommandBatch.ExecuteAsync(IRelationalConnection connection, CancellationToken cancellationToken)
   --- End of inner exception stack trace ---
   at Microsoft.EntityFrameworkCore.Update.ReaderModificationCommandBatch.ExecuteAsync(IRelationalConnection connection, CancellationToken cancellationToken)
   at Microsoft.EntityFrameworkCore.Update.Internal.BatchExecutor.ExecuteAsync(IEnumerable`1 commandBatches, IRelationalConnection connection, CancellationToken cancellationToken)
   at Microsoft.EntityFrameworkCore.Update.Internal.BatchExecutor.ExecuteAsync(IEnumerable`1 commandBatches, IRelationalConnection connection, CancellationToken cancellationToken)
   at Microsoft.EntityFrameworkCore.Update.Internal.BatchExecutor.ExecuteAsync(IEnumerable`1 commandBatches, IRelationalConnection connection, CancellationToken cancellationToken)
   at Microsoft.EntityFrameworkCore.Storage.RelationalDatabase.SaveChangesAsync(IList`1 entries, CancellationToken cancellationToken)
   at Microsoft.EntityFrameworkCore.ChangeTracking.Internal.StateManager.SaveChangesAsync(IList`1 entriesToSave, CancellationToken cancellationToken)
   at Microsoft.EntityFrameworkCore.ChangeTracking.Internal.StateManager.SaveChangesAsync(StateManager stateManager, Boolean acceptAllChangesOnSuccess, CancellationToken cancellationToken)
   at Microsoft.EntityFrameworkCore.Storage.ExecutionStrategy.<>c__DisplayClass30_0`2.<<ExecuteAsync>b__0>d.MoveNext()
--- End of stack trace from previous location ---
   at Microsoft.EntityFrameworkCore.Storage.ExecutionStrategy.ExecuteImplementationAsync[TState,TResult](Func`4 operation, Func`4 verifySucceeded, TState state, CancellationToken cancellationToken)
   at Microsoft.EntityFrameworkCore.Storage.ExecutionStrategy.ExecuteImplementationAsync[TState,TResult](Func`4 operation, Func`4 verifySucceeded, TState state, CancellationToken cancellationToken)
   at Microsoft.EntityFrameworkCore.Storage.ExecutionStrategy.ExecuteAsync[TState,TResult](TState state, Func`4 operation, Func`4 verifySucceeded, CancellationToken cancellationToken)
   at Microsoft.EntityFrameworkCore.DbContext.SaveChangesAsync(Boolean acceptAllChangesOnSuccess, CancellationToken cancellationToken)
   at Microsoft.EntityFrameworkCore.DbContext.SaveChangesAsync(Boolean acceptAllChangesOnSuccess, CancellationToken cancellationToken)
   at EduNexis.Infrastructure.Persistence.Repositories.UnitOfWork.SaveChangesAsync(CancellationToken ct) in D:\Coding\Projects\edunexis-api\src\EduNexis.Infrastructure\Persistence\Repositories\UnitOfWork.cs:line 32
   at EduNexis.Application.Features.Auth.Commands.RegisterUserCommandHandler.Handle(RegisterUserCommand command, CancellationToken ct) in D:\Coding\Projects\edunexis-api\src\EduNexis.Application\Features\Auth\Commands\RegisterUserCommand.cs:line 45
   at EduNexis.API.Controllers.AuthController.Register(RegisterUserCommand command, CancellationToken ct) in D:\Coding\Projects\edunexis-api\src\EduNexis.API\Controllers\AuthController.cs:line 13
   at Microsoft.AspNetCore.Mvc.Infrastructure.ActionMethodExecutor.TaskOfIActionResultExecutor.Execute(ActionContext actionContext, IActionResultTypeMapper mapper, ObjectMethodExecutor executor, Object controller, Object[] arguments)
   at Microsoft.AspNetCore.Mvc.Infrastructure.ControllerActionInvoker.<InvokeActionMethodAsync>g__Awaited|12_0(ControllerActionInvoker invoker, ValueTask`1 actionResultValueTask)
   at Microsoft.AspNetCore.Mvc.Infrastructure.ControllerActionInvoker.<InvokeNextActionFilterAsync>g__Awaited|10_0(ControllerActionInvoker invoker, Task lastTask, State next, Scope scope, Object state, Boolean isCompleted)
   at Microsoft.AspNetCore.Mvc.Infrastructure.ControllerActionInvoker.Rethrow(ActionExecutedContextSealed context)
   at Microsoft.AspNetCore.Mvc.Infrastructure.ControllerActionInvoker.Next(State& next, Scope& scope, Object& state, Boolean& isCompleted)
   at Microsoft.AspNetCore.Mvc.Infrastructure.ControllerActionInvoker.<InvokeInnerFilterAsync>g__Awaited|13_0(ControllerActionInvoker invoker, Task lastTask, State next, Scope scope, Object state, Boolean isCompleted)
   at Microsoft.AspNetCore.Mvc.Infrastructure.ResourceInvoker.<InvokeFilterPipelineAsync>g__Awaited|20_0(ResourceInvoker invoker, Task lastTask, State next, Scope scope, Object state, Boolean isCompleted)
   at Microsoft.AspNetCore.Mvc.Infrastructure.ResourceInvoker.<InvokeAsync>g__Awaited|17_0(ResourceInvoker invoker, Task task, IDisposable scope)
   at Microsoft.AspNetCore.Mvc.Infrastructure.ResourceInvoker.<InvokeAsync>g__Awaited|17_0(ResourceInvoker invoker, Task task, IDisposable scope)
   at Microsoft.AspNetCore.Authorization.AuthorizationMiddleware.Invoke(HttpContext context)
   at Microsoft.AspNetCore.Authentication.AuthenticationMiddleware.Invoke(HttpContext context)
   at Serilog.AspNetCore.RequestLoggingMiddleware.Invoke(HttpContext httpContext)
   at Swashbuckle.AspNetCore.SwaggerUI.SwaggerUIMiddleware.Invoke(HttpContext httpContext)
   at Swashbuckle.AspNetCore.Swagger.SwaggerMiddleware.Invoke(HttpContext httpContext, ISwaggerProvider swaggerProvider)
   at EduNexis.API.Middleware.ExceptionMiddleware.InvokeAsync(HttpContext context) in D:\Coding\Projects\edunexis-api\src\EduNexis.API\Middleware\ExceptionMiddleware.cs:line 15
2026-03-04 14:59:30.685 +06:00 [INF] HTTP OPTIONS /api/auth/register responded 204 in 4.5191 ms
2026-03-04 15:00:04.206 +06:00 [ERR] Failed executing DbCommand (31,992ms) [Parameters=[@p0='?' (DbType = Guid), @p1='?' (DbType = DateTime), @p2='?' (DbType = DateTime), @p3='?' (Size = 255), @p4='?' (DbType = Boolean), @p5='?' (DbType = Boolean), @p6='?' (DbType = Boolean), @p7='?' (Size = 4000), @p8='?' (Size = 4000), @p9='?' (DbType = DateTime), @p10='?' (Size = 4000), @p11='?' (DbType = DateTime), @p12='?' (DbType = Guid), @p13='?' (Size = 4000), @p14='?' (Size = 4000), @p15='?' (DbType = DateTime), @p16='?' (DbType = DateTime), @p17='?' (Size = 4000), @p18='?' (Size = 4000), @p19='?' (Size = 4000), @p20='?' (Size = 4000), @p21='?' (Size = 4000), @p22='?' (DbType = Boolean), @p23='?' (Size = 4000), @p24='?' (Size = 4000), @p25='?' (DbType = Int32), @p26='?' (Size = 4000), @p27='?' (Size = 4000), @p28='?' (Size = 4000), @p29='?' (DbType = DateTime), @p30='?' (DbType = Guid), @p31='?' (Size = 4000)], CommandType='"Text"', CommandTimeout='30']
INSERT INTO `Users` (`Id`, `CreatedAt`, `DeletedAt`, `Email`, `IsActive`, `IsDeleted`, `IsProfileComplete`, `PasswordHash`, `RefreshToken`, `RefreshTokenExpiry`, `Role`, `UpdatedAt`)
VALUES (@p0, @p1, @p2, @p3, @p4, @p5, @p6, @p7, @p8, @p9, @p10, @p11);
INSERT INTO `UserProfiles` (`Id`, `Bio`, `CoverPhotoUrl`, `CreatedAt`, `DeletedAt`, `Department`, `Designation`, `FacebookUrl`, `FullName`, `GitHubUrl`, `IsDeleted`, `LinkedInUrl`, `PhoneNumber`, `ProfileCompletionPercent`, `ProfilePhotoUrl`, `StudentId`, `TwitterUrl`, `UpdatedAt`, `UserId`, `WebsiteUrl`)
VALUES (@p12, @p13, @p14, @p15, @p16, @p17, @p18, @p19, @p20, @p21, @p22, @p23, @p24, @p25, @p26, @p27, @p28, @p29, @p30, @p31);
2026-03-04 15:00:04.232 +06:00 [ERR] An exception occurred in the database while saving changes for context type 'EduNexis.Infrastructure.Persistence.AppDbContext'.
Microsoft.EntityFrameworkCore.DbUpdateException: An error occurred while saving the entity changes. See the inner exception for details.
 ---> MySqlConnector.MySqlException (0x80004005): The Command Timeout expired before the operation completed.
 ---> System.Net.Sockets.SocketException (995): The I/O operation has been aborted because of either a thread exit or an application request.
   at System.Net.Sockets.Socket.AwaitableSocketAsyncEventArgs.ThrowException(SocketError error, CancellationToken cancellationToken)
   at System.Net.Sockets.Socket.AwaitableSocketAsyncEventArgs.System.Threading.Tasks.Sources.IValueTaskSource<System.Int32>.GetResult(Int16 token)
   at MySqlConnector.Protocol.Serialization.SocketByteHandler.DoReadBytesAsync(Memory`1 buffer) in /_/src/MySqlConnector/Protocol/Serialization/SocketByteHandler.cs:line 89
   at MySqlConnector.Protocol.Serialization.SocketByteHandler.DoReadBytesAsync(Memory`1 buffer) in /_/src/MySqlConnector/Protocol/Serialization/SocketByteHandler.cs:line 98
   at MySqlConnector.Protocol.Serialization.BufferedByteReader.ReadBytesAsync(IByteHandler byteHandler, ArraySegment`1 buffer, Int32 totalBytesToRead, IOBehavior ioBehavior) in /_/src/MySqlConnector/Protocol/Serialization/BufferedByteReader.cs:line 34
   at MySqlConnector.Protocol.Serialization.ProtocolUtility.ReadPayloadAsync(BufferedByteReader bufferedByteReader, IByteHandler byteHandler, Func`1 getNextSequenceNumber, ArraySegmentHolder`1 previousPayloads, ProtocolErrorBehavior protocolErrorBehavior, IOBehavior ioBehavior) in /_/src/MySqlConnector/Protocol/Serialization/ProtocolUtility.cs:line 420
   at MySqlConnector.Core.ServerSession.ReceiveReplyAsync(IOBehavior ioBehavior, CancellationToken cancellationToken) in /_/src/MySqlConnector/Core/ServerSession.cs:line 1070
   at MySqlConnector.Core.ResultSet.ReadResultSetHeaderAsync(IOBehavior ioBehavior) in /_/src/MySqlConnector/Core/ResultSet.cs:line 37
   at MySqlConnector.MySqlDataReader.ActivateResultSet(CancellationToken cancellationToken) in /_/src/MySqlConnector/MySqlDataReader.cs:line 131
   at MySqlConnector.MySqlDataReader.InitAsync(CommandListPosition commandListPosition, ICommandPayloadCreator payloadCreator, IDictionary`2 cachedProcedures, IMySqlCommand command, CommandBehavior behavior, Activity activity, IOBehavior ioBehavior, CancellationToken cancellationToken) in /_/src/MySqlConnector/MySqlDataReader.cs:line 487
   at MySqlConnector.Core.CommandExecutor.ExecuteReaderAsync(CommandListPosition commandListPosition, ICommandPayloadCreator payloadCreator, CommandBehavior behavior, Activity activity, IOBehavior ioBehavior, CancellationToken cancellationToken) in /_/src/MySqlConnector/Core/CommandExecutor.cs:line 56
   at MySqlConnector.MySqlCommand.ExecuteReaderAsync(CommandBehavior behavior, IOBehavior ioBehavior, CancellationToken cancellationToken) in /_/src/MySqlConnector/MySqlCommand.cs:line 357
   at MySqlConnector.MySqlCommand.ExecuteDbDataReaderAsync(CommandBehavior behavior, CancellationToken cancellationToken) in /_/src/MySqlConnector/MySqlCommand.cs:line 350
   at Microsoft.EntityFrameworkCore.Storage.RelationalCommand.ExecuteReaderAsync(RelationalCommandParameterObject parameterObject, CancellationToken cancellationToken)
   at Microsoft.EntityFrameworkCore.Storage.RelationalCommand.ExecuteReaderAsync(RelationalCommandParameterObject parameterObject, CancellationToken cancellationToken)
   at Microsoft.EntityFrameworkCore.Update.ReaderModificationCommandBatch.ExecuteAsync(IRelationalConnection connection, CancellationToken cancellationToken)
   --- End of inner exception stack trace ---
   at Microsoft.EntityFrameworkCore.Update.ReaderModificationCommandBatch.ExecuteAsync(IRelationalConnection connection, CancellationToken cancellationToken)
   at Microsoft.EntityFrameworkCore.Update.Internal.BatchExecutor.ExecuteAsync(IEnumerable`1 commandBatches, IRelationalConnection connection, CancellationToken cancellationToken)
   at Microsoft.EntityFrameworkCore.Update.Internal.BatchExecutor.ExecuteAsync(IEnumerable`1 commandBatches, IRelationalConnection connection, CancellationToken cancellationToken)
   at Microsoft.EntityFrameworkCore.Update.Internal.BatchExecutor.ExecuteAsync(IEnumerable`1 commandBatches, IRelationalConnection connection, CancellationToken cancellationToken)
   at Microsoft.EntityFrameworkCore.Storage.RelationalDatabase.SaveChangesAsync(IList`1 entries, CancellationToken cancellationToken)
   at Microsoft.EntityFrameworkCore.ChangeTracking.Internal.StateManager.SaveChangesAsync(IList`1 entriesToSave, CancellationToken cancellationToken)
   at Microsoft.EntityFrameworkCore.ChangeTracking.Internal.StateManager.SaveChangesAsync(StateManager stateManager, Boolean acceptAllChangesOnSuccess, CancellationToken cancellationToken)
   at Microsoft.EntityFrameworkCore.Storage.ExecutionStrategy.<>c__DisplayClass30_0`2.<<ExecuteAsync>b__0>d.MoveNext()
--- End of stack trace from previous location ---
   at Microsoft.EntityFrameworkCore.Storage.ExecutionStrategy.ExecuteImplementationAsync[TState,TResult](Func`4 operation, Func`4 verifySucceeded, TState state, CancellationToken cancellationToken)
   at Microsoft.EntityFrameworkCore.Storage.ExecutionStrategy.ExecuteImplementationAsync[TState,TResult](Func`4 operation, Func`4 verifySucceeded, TState state, CancellationToken cancellationToken)
   at Microsoft.EntityFrameworkCore.Storage.ExecutionStrategy.ExecuteAsync[TState,TResult](TState state, Func`4 operation, Func`4 verifySucceeded, CancellationToken cancellationToken)
   at Microsoft.EntityFrameworkCore.DbContext.SaveChangesAsync(Boolean acceptAllChangesOnSuccess, CancellationToken cancellationToken)
Microsoft.EntityFrameworkCore.DbUpdateException: An error occurred while saving the entity changes. See the inner exception for details.
 ---> MySqlConnector.MySqlException (0x80004005): The Command Timeout expired before the operation completed.
 ---> System.Net.Sockets.SocketException (995): The I/O operation has been aborted because of either a thread exit or an application request.
   at System.Net.Sockets.Socket.AwaitableSocketAsyncEventArgs.ThrowException(SocketError error, CancellationToken cancellationToken)
   at System.Net.Sockets.Socket.AwaitableSocketAsyncEventArgs.System.Threading.Tasks.Sources.IValueTaskSource<System.Int32>.GetResult(Int16 token)
   at MySqlConnector.Protocol.Serialization.SocketByteHandler.DoReadBytesAsync(Memory`1 buffer) in /_/src/MySqlConnector/Protocol/Serialization/SocketByteHandler.cs:line 89
   at MySqlConnector.Protocol.Serialization.SocketByteHandler.DoReadBytesAsync(Memory`1 buffer) in /_/src/MySqlConnector/Protocol/Serialization/SocketByteHandler.cs:line 98
   at MySqlConnector.Protocol.Serialization.BufferedByteReader.ReadBytesAsync(IByteHandler byteHandler, ArraySegment`1 buffer, Int32 totalBytesToRead, IOBehavior ioBehavior) in /_/src/MySqlConnector/Protocol/Serialization/BufferedByteReader.cs:line 34
   at MySqlConnector.Protocol.Serialization.ProtocolUtility.ReadPayloadAsync(BufferedByteReader bufferedByteReader, IByteHandler byteHandler, Func`1 getNextSequenceNumber, ArraySegmentHolder`1 previousPayloads, ProtocolErrorBehavior protocolErrorBehavior, IOBehavior ioBehavior) in /_/src/MySqlConnector/Protocol/Serialization/ProtocolUtility.cs:line 420
   at MySqlConnector.Core.ServerSession.ReceiveReplyAsync(IOBehavior ioBehavior, CancellationToken cancellationToken) in /_/src/MySqlConnector/Core/ServerSession.cs:line 1070
   at MySqlConnector.Core.ResultSet.ReadResultSetHeaderAsync(IOBehavior ioBehavior) in /_/src/MySqlConnector/Core/ResultSet.cs:line 37
   at MySqlConnector.MySqlDataReader.ActivateResultSet(CancellationToken cancellationToken) in /_/src/MySqlConnector/MySqlDataReader.cs:line 131
   at MySqlConnector.MySqlDataReader.InitAsync(CommandListPosition commandListPosition, ICommandPayloadCreator payloadCreator, IDictionary`2 cachedProcedures, IMySqlCommand command, CommandBehavior behavior, Activity activity, IOBehavior ioBehavior, CancellationToken cancellationToken) in /_/src/MySqlConnector/MySqlDataReader.cs:line 487
   at MySqlConnector.Core.CommandExecutor.ExecuteReaderAsync(CommandListPosition commandListPosition, ICommandPayloadCreator payloadCreator, CommandBehavior behavior, Activity activity, IOBehavior ioBehavior, CancellationToken cancellationToken) in /_/src/MySqlConnector/Core/CommandExecutor.cs:line 56
   at MySqlConnector.MySqlCommand.ExecuteReaderAsync(CommandBehavior behavior, IOBehavior ioBehavior, CancellationToken cancellationToken) in /_/src/MySqlConnector/MySqlCommand.cs:line 357
   at MySqlConnector.MySqlCommand.ExecuteDbDataReaderAsync(CommandBehavior behavior, CancellationToken cancellationToken) in /_/src/MySqlConnector/MySqlCommand.cs:line 350
   at Microsoft.EntityFrameworkCore.Storage.RelationalCommand.ExecuteReaderAsync(RelationalCommandParameterObject parameterObject, CancellationToken cancellationToken)
   at Microsoft.EntityFrameworkCore.Storage.RelationalCommand.ExecuteReaderAsync(RelationalCommandParameterObject parameterObject, CancellationToken cancellationToken)
   at Microsoft.EntityFrameworkCore.Update.ReaderModificationCommandBatch.ExecuteAsync(IRelationalConnection connection, CancellationToken cancellationToken)
   --- End of inner exception stack trace ---
   at Microsoft.EntityFrameworkCore.Update.ReaderModificationCommandBatch.ExecuteAsync(IRelationalConnection connection, CancellationToken cancellationToken)
   at Microsoft.EntityFrameworkCore.Update.Internal.BatchExecutor.ExecuteAsync(IEnumerable`1 commandBatches, IRelationalConnection connection, CancellationToken cancellationToken)
   at Microsoft.EntityFrameworkCore.Update.Internal.BatchExecutor.ExecuteAsync(IEnumerable`1 commandBatches, IRelationalConnection connection, CancellationToken cancellationToken)
   at Microsoft.EntityFrameworkCore.Update.Internal.BatchExecutor.ExecuteAsync(IEnumerable`1 commandBatches, IRelationalConnection connection, CancellationToken cancellationToken)
   at Microsoft.EntityFrameworkCore.Storage.RelationalDatabase.SaveChangesAsync(IList`1 entries, CancellationToken cancellationToken)
   at Microsoft.EntityFrameworkCore.ChangeTracking.Internal.StateManager.SaveChangesAsync(IList`1 entriesToSave, CancellationToken cancellationToken)
   at Microsoft.EntityFrameworkCore.ChangeTracking.Internal.StateManager.SaveChangesAsync(StateManager stateManager, Boolean acceptAllChangesOnSuccess, CancellationToken cancellationToken)
   at Microsoft.EntityFrameworkCore.Storage.ExecutionStrategy.<>c__DisplayClass30_0`2.<<ExecuteAsync>b__0>d.MoveNext()
--- End of stack trace from previous location ---
   at Microsoft.EntityFrameworkCore.Storage.ExecutionStrategy.ExecuteImplementationAsync[TState,TResult](Func`4 operation, Func`4 verifySucceeded, TState state, CancellationToken cancellationToken)
   at Microsoft.EntityFrameworkCore.Storage.ExecutionStrategy.ExecuteImplementationAsync[TState,TResult](Func`4 operation, Func`4 verifySucceeded, TState state, CancellationToken cancellationToken)
   at Microsoft.EntityFrameworkCore.Storage.ExecutionStrategy.ExecuteAsync[TState,TResult](TState state, Func`4 operation, Func`4 verifySucceeded, CancellationToken cancellationToken)
   at Microsoft.EntityFrameworkCore.DbContext.SaveChangesAsync(Boolean acceptAllChangesOnSuccess, CancellationToken cancellationToken)
2026-03-04 15:00:04.283 +06:00 [ERR] HTTP POST /api/auth/register responded 500 in 33580.3825 ms
Microsoft.EntityFrameworkCore.DbUpdateException: An error occurred while saving the entity changes. See the inner exception for details.
 ---> MySqlConnector.MySqlException (0x80004005): The Command Timeout expired before the operation completed.
 ---> System.Net.Sockets.SocketException (995): The I/O operation has been aborted because of either a thread exit or an application request.
   at System.Net.Sockets.Socket.AwaitableSocketAsyncEventArgs.ThrowException(SocketError error, CancellationToken cancellationToken)
   at System.Net.Sockets.Socket.AwaitableSocketAsyncEventArgs.System.Threading.Tasks.Sources.IValueTaskSource<System.Int32>.GetResult(Int16 token)
   at MySqlConnector.Protocol.Serialization.SocketByteHandler.DoReadBytesAsync(Memory`1 buffer) in /_/src/MySqlConnector/Protocol/Serialization/SocketByteHandler.cs:line 89
   at MySqlConnector.Protocol.Serialization.SocketByteHandler.DoReadBytesAsync(Memory`1 buffer) in /_/src/MySqlConnector/Protocol/Serialization/SocketByteHandler.cs:line 98
   at MySqlConnector.Protocol.Serialization.BufferedByteReader.ReadBytesAsync(IByteHandler byteHandler, ArraySegment`1 buffer, Int32 totalBytesToRead, IOBehavior ioBehavior) in /_/src/MySqlConnector/Protocol/Serialization/BufferedByteReader.cs:line 34
   at MySqlConnector.Protocol.Serialization.ProtocolUtility.ReadPayloadAsync(BufferedByteReader bufferedByteReader, IByteHandler byteHandler, Func`1 getNextSequenceNumber, ArraySegmentHolder`1 previousPayloads, ProtocolErrorBehavior protocolErrorBehavior, IOBehavior ioBehavior) in /_/src/MySqlConnector/Protocol/Serialization/ProtocolUtility.cs:line 420
   at MySqlConnector.Core.ServerSession.ReceiveReplyAsync(IOBehavior ioBehavior, CancellationToken cancellationToken) in /_/src/MySqlConnector/Core/ServerSession.cs:line 1070
   at MySqlConnector.Core.ResultSet.ReadResultSetHeaderAsync(IOBehavior ioBehavior) in /_/src/MySqlConnector/Core/ResultSet.cs:line 37
   at MySqlConnector.MySqlDataReader.ActivateResultSet(CancellationToken cancellationToken) in /_/src/MySqlConnector/MySqlDataReader.cs:line 131
   at MySqlConnector.MySqlDataReader.InitAsync(CommandListPosition commandListPosition, ICommandPayloadCreator payloadCreator, IDictionary`2 cachedProcedures, IMySqlCommand command, CommandBehavior behavior, Activity activity, IOBehavior ioBehavior, CancellationToken cancellationToken) in /_/src/MySqlConnector/MySqlDataReader.cs:line 487
   at MySqlConnector.Core.CommandExecutor.ExecuteReaderAsync(CommandListPosition commandListPosition, ICommandPayloadCreator payloadCreator, CommandBehavior behavior, Activity activity, IOBehavior ioBehavior, CancellationToken cancellationToken) in /_/src/MySqlConnector/Core/CommandExecutor.cs:line 56
   at MySqlConnector.MySqlCommand.ExecuteReaderAsync(CommandBehavior behavior, IOBehavior ioBehavior, CancellationToken cancellationToken) in /_/src/MySqlConnector/MySqlCommand.cs:line 357
   at MySqlConnector.MySqlCommand.ExecuteDbDataReaderAsync(CommandBehavior behavior, CancellationToken cancellationToken) in /_/src/MySqlConnector/MySqlCommand.cs:line 350
   at Microsoft.EntityFrameworkCore.Storage.RelationalCommand.ExecuteReaderAsync(RelationalCommandParameterObject parameterObject, CancellationToken cancellationToken)
   at Microsoft.EntityFrameworkCore.Storage.RelationalCommand.ExecuteReaderAsync(RelationalCommandParameterObject parameterObject, CancellationToken cancellationToken)
   at Microsoft.EntityFrameworkCore.Update.ReaderModificationCommandBatch.ExecuteAsync(IRelationalConnection connection, CancellationToken cancellationToken)
   --- End of inner exception stack trace ---
   at Microsoft.EntityFrameworkCore.Update.ReaderModificationCommandBatch.ExecuteAsync(IRelationalConnection connection, CancellationToken cancellationToken)
   at Microsoft.EntityFrameworkCore.Update.Internal.BatchExecutor.ExecuteAsync(IEnumerable`1 commandBatches, IRelationalConnection connection, CancellationToken cancellationToken)
   at Microsoft.EntityFrameworkCore.Update.Internal.BatchExecutor.ExecuteAsync(IEnumerable`1 commandBatches, IRelationalConnection connection, CancellationToken cancellationToken)
   at Microsoft.EntityFrameworkCore.Update.Internal.BatchExecutor.ExecuteAsync(IEnumerable`1 commandBatches, IRelationalConnection connection, CancellationToken cancellationToken)
   at Microsoft.EntityFrameworkCore.Storage.RelationalDatabase.SaveChangesAsync(IList`1 entries, CancellationToken cancellationToken)
   at Microsoft.EntityFrameworkCore.ChangeTracking.Internal.StateManager.SaveChangesAsync(IList`1 entriesToSave, CancellationToken cancellationToken)
   at Microsoft.EntityFrameworkCore.ChangeTracking.Internal.StateManager.SaveChangesAsync(StateManager stateManager, Boolean acceptAllChangesOnSuccess, CancellationToken cancellationToken)
   at Microsoft.EntityFrameworkCore.Storage.ExecutionStrategy.<>c__DisplayClass30_0`2.<<ExecuteAsync>b__0>d.MoveNext()
--- End of stack trace from previous location ---
   at Microsoft.EntityFrameworkCore.Storage.ExecutionStrategy.ExecuteImplementationAsync[TState,TResult](Func`4 operation, Func`4 verifySucceeded, TState state, CancellationToken cancellationToken)
   at Microsoft.EntityFrameworkCore.Storage.ExecutionStrategy.ExecuteImplementationAsync[TState,TResult](Func`4 operation, Func`4 verifySucceeded, TState state, CancellationToken cancellationToken)
   at Microsoft.EntityFrameworkCore.Storage.ExecutionStrategy.ExecuteAsync[TState,TResult](TState state, Func`4 operation, Func`4 verifySucceeded, CancellationToken cancellationToken)
   at Microsoft.EntityFrameworkCore.DbContext.SaveChangesAsync(Boolean acceptAllChangesOnSuccess, CancellationToken cancellationToken)
   at Microsoft.EntityFrameworkCore.DbContext.SaveChangesAsync(Boolean acceptAllChangesOnSuccess, CancellationToken cancellationToken)
   at EduNexis.Infrastructure.Persistence.Repositories.UnitOfWork.SaveChangesAsync(CancellationToken ct) in D:\Coding\Projects\edunexis-api\src\EduNexis.Infrastructure\Persistence\Repositories\UnitOfWork.cs:line 32
   at EduNexis.Application.Features.Auth.Commands.RegisterUserCommandHandler.Handle(RegisterUserCommand command, CancellationToken ct) in D:\Coding\Projects\edunexis-api\src\EduNexis.Application\Features\Auth\Commands\RegisterUserCommand.cs:line 45
   at EduNexis.API.Controllers.AuthController.Register(RegisterUserCommand command, CancellationToken ct) in D:\Coding\Projects\edunexis-api\src\EduNexis.API\Controllers\AuthController.cs:line 13
   at Microsoft.AspNetCore.Mvc.Infrastructure.ActionMethodExecutor.TaskOfIActionResultExecutor.Execute(ActionContext actionContext, IActionResultTypeMapper mapper, ObjectMethodExecutor executor, Object controller, Object[] arguments)
   at Microsoft.AspNetCore.Mvc.Infrastructure.ControllerActionInvoker.<InvokeActionMethodAsync>g__Awaited|12_0(ControllerActionInvoker invoker, ValueTask`1 actionResultValueTask)
   at Microsoft.AspNetCore.Mvc.Infrastructure.ControllerActionInvoker.<InvokeNextActionFilterAsync>g__Awaited|10_0(ControllerActionInvoker invoker, Task lastTask, State next, Scope scope, Object state, Boolean isCompleted)
   at Microsoft.AspNetCore.Mvc.Infrastructure.ControllerActionInvoker.Rethrow(ActionExecutedContextSealed context)
   at Microsoft.AspNetCore.Mvc.Infrastructure.ControllerActionInvoker.Next(State& next, Scope& scope, Object& state, Boolean& isCompleted)
   at Microsoft.AspNetCore.Mvc.Infrastructure.ControllerActionInvoker.<InvokeInnerFilterAsync>g__Awaited|13_0(ControllerActionInvoker invoker, Task lastTask, State next, Scope scope, Object state, Boolean isCompleted)
   at Microsoft.AspNetCore.Mvc.Infrastructure.ResourceInvoker.<InvokeFilterPipelineAsync>g__Awaited|20_0(ResourceInvoker invoker, Task lastTask, State next, Scope scope, Object state, Boolean isCompleted)
   at Microsoft.AspNetCore.Mvc.Infrastructure.ResourceInvoker.<InvokeAsync>g__Awaited|17_0(ResourceInvoker invoker, Task task, IDisposable scope)
   at Microsoft.AspNetCore.Mvc.Infrastructure.ResourceInvoker.<InvokeAsync>g__Awaited|17_0(ResourceInvoker invoker, Task task, IDisposable scope)
   at Microsoft.AspNetCore.Authorization.AuthorizationMiddleware.Invoke(HttpContext context)
   at Microsoft.AspNetCore.Authentication.AuthenticationMiddleware.Invoke(HttpContext context)
   at Serilog.AspNetCore.RequestLoggingMiddleware.Invoke(HttpContext httpContext)
2026-03-04 15:00:04.366 +06:00 [ERR] Unhandled exception: An error occurred while saving the entity changes. See the inner exception for details.
Microsoft.EntityFrameworkCore.DbUpdateException: An error occurred while saving the entity changes. See the inner exception for details.
 ---> MySqlConnector.MySqlException (0x80004005): The Command Timeout expired before the operation completed.
 ---> System.Net.Sockets.SocketException (995): The I/O operation has been aborted because of either a thread exit or an application request.
   at System.Net.Sockets.Socket.AwaitableSocketAsyncEventArgs.ThrowException(SocketError error, CancellationToken cancellationToken)
   at System.Net.Sockets.Socket.AwaitableSocketAsyncEventArgs.System.Threading.Tasks.Sources.IValueTaskSource<System.Int32>.GetResult(Int16 token)
   at MySqlConnector.Protocol.Serialization.SocketByteHandler.DoReadBytesAsync(Memory`1 buffer) in /_/src/MySqlConnector/Protocol/Serialization/SocketByteHandler.cs:line 89
   at MySqlConnector.Protocol.Serialization.SocketByteHandler.DoReadBytesAsync(Memory`1 buffer) in /_/src/MySqlConnector/Protocol/Serialization/SocketByteHandler.cs:line 98
   at MySqlConnector.Protocol.Serialization.BufferedByteReader.ReadBytesAsync(IByteHandler byteHandler, ArraySegment`1 buffer, Int32 totalBytesToRead, IOBehavior ioBehavior) in /_/src/MySqlConnector/Protocol/Serialization/BufferedByteReader.cs:line 34
   at MySqlConnector.Protocol.Serialization.ProtocolUtility.ReadPayloadAsync(BufferedByteReader bufferedByteReader, IByteHandler byteHandler, Func`1 getNextSequenceNumber, ArraySegmentHolder`1 previousPayloads, ProtocolErrorBehavior protocolErrorBehavior, IOBehavior ioBehavior) in /_/src/MySqlConnector/Protocol/Serialization/ProtocolUtility.cs:line 420
   at MySqlConnector.Core.ServerSession.ReceiveReplyAsync(IOBehavior ioBehavior, CancellationToken cancellationToken) in /_/src/MySqlConnector/Core/ServerSession.cs:line 1070
   at MySqlConnector.Core.ResultSet.ReadResultSetHeaderAsync(IOBehavior ioBehavior) in /_/src/MySqlConnector/Core/ResultSet.cs:line 37
   at MySqlConnector.MySqlDataReader.ActivateResultSet(CancellationToken cancellationToken) in /_/src/MySqlConnector/MySqlDataReader.cs:line 131
   at MySqlConnector.MySqlDataReader.InitAsync(CommandListPosition commandListPosition, ICommandPayloadCreator payloadCreator, IDictionary`2 cachedProcedures, IMySqlCommand command, CommandBehavior behavior, Activity activity, IOBehavior ioBehavior, CancellationToken cancellationToken) in /_/src/MySqlConnector/MySqlDataReader.cs:line 487
   at MySqlConnector.Core.CommandExecutor.ExecuteReaderAsync(CommandListPosition commandListPosition, ICommandPayloadCreator payloadCreator, CommandBehavior behavior, Activity activity, IOBehavior ioBehavior, CancellationToken cancellationToken) in /_/src/MySqlConnector/Core/CommandExecutor.cs:line 56
   at MySqlConnector.MySqlCommand.ExecuteReaderAsync(CommandBehavior behavior, IOBehavior ioBehavior, CancellationToken cancellationToken) in /_/src/MySqlConnector/MySqlCommand.cs:line 357
   at MySqlConnector.MySqlCommand.ExecuteDbDataReaderAsync(CommandBehavior behavior, CancellationToken cancellationToken) in /_/src/MySqlConnector/MySqlCommand.cs:line 350
   at Microsoft.EntityFrameworkCore.Storage.RelationalCommand.ExecuteReaderAsync(RelationalCommandParameterObject parameterObject, CancellationToken cancellationToken)
   at Microsoft.EntityFrameworkCore.Storage.RelationalCommand.ExecuteReaderAsync(RelationalCommandParameterObject parameterObject, CancellationToken cancellationToken)
   at Microsoft.EntityFrameworkCore.Update.ReaderModificationCommandBatch.ExecuteAsync(IRelationalConnection connection, CancellationToken cancellationToken)
   --- End of inner exception stack trace ---
   at Microsoft.EntityFrameworkCore.Update.ReaderModificationCommandBatch.ExecuteAsync(IRelationalConnection connection, CancellationToken cancellationToken)
   at Microsoft.EntityFrameworkCore.Update.Internal.BatchExecutor.ExecuteAsync(IEnumerable`1 commandBatches, IRelationalConnection connection, CancellationToken cancellationToken)
   at Microsoft.EntityFrameworkCore.Update.Internal.BatchExecutor.ExecuteAsync(IEnumerable`1 commandBatches, IRelationalConnection connection, CancellationToken cancellationToken)
   at Microsoft.EntityFrameworkCore.Update.Internal.BatchExecutor.ExecuteAsync(IEnumerable`1 commandBatches, IRelationalConnection connection, CancellationToken cancellationToken)
   at Microsoft.EntityFrameworkCore.Storage.RelationalDatabase.SaveChangesAsync(IList`1 entries, CancellationToken cancellationToken)
   at Microsoft.EntityFrameworkCore.ChangeTracking.Internal.StateManager.SaveChangesAsync(IList`1 entriesToSave, CancellationToken cancellationToken)
   at Microsoft.EntityFrameworkCore.ChangeTracking.Internal.StateManager.SaveChangesAsync(StateManager stateManager, Boolean acceptAllChangesOnSuccess, CancellationToken cancellationToken)
   at Microsoft.EntityFrameworkCore.Storage.ExecutionStrategy.<>c__DisplayClass30_0`2.<<ExecuteAsync>b__0>d.MoveNext()
--- End of stack trace from previous location ---
   at Microsoft.EntityFrameworkCore.Storage.ExecutionStrategy.ExecuteImplementationAsync[TState,TResult](Func`4 operation, Func`4 verifySucceeded, TState state, CancellationToken cancellationToken)
   at Microsoft.EntityFrameworkCore.Storage.ExecutionStrategy.ExecuteImplementationAsync[TState,TResult](Func`4 operation, Func`4 verifySucceeded, TState state, CancellationToken cancellationToken)
   at Microsoft.EntityFrameworkCore.Storage.ExecutionStrategy.ExecuteAsync[TState,TResult](TState state, Func`4 operation, Func`4 verifySucceeded, CancellationToken cancellationToken)
   at Microsoft.EntityFrameworkCore.DbContext.SaveChangesAsync(Boolean acceptAllChangesOnSuccess, CancellationToken cancellationToken)
   at Microsoft.EntityFrameworkCore.DbContext.SaveChangesAsync(Boolean acceptAllChangesOnSuccess, CancellationToken cancellationToken)
   at EduNexis.Infrastructure.Persistence.Repositories.UnitOfWork.SaveChangesAsync(CancellationToken ct) in D:\Coding\Projects\edunexis-api\src\EduNexis.Infrastructure\Persistence\Repositories\UnitOfWork.cs:line 32
   at EduNexis.Application.Features.Auth.Commands.RegisterUserCommandHandler.Handle(RegisterUserCommand command, CancellationToken ct) in D:\Coding\Projects\edunexis-api\src\EduNexis.Application\Features\Auth\Commands\RegisterUserCommand.cs:line 45
   at EduNexis.API.Controllers.AuthController.Register(RegisterUserCommand command, CancellationToken ct) in D:\Coding\Projects\edunexis-api\src\EduNexis.API\Controllers\AuthController.cs:line 13
   at Microsoft.AspNetCore.Mvc.Infrastructure.ActionMethodExecutor.TaskOfIActionResultExecutor.Execute(ActionContext actionContext, IActionResultTypeMapper mapper, ObjectMethodExecutor executor, Object controller, Object[] arguments)
   at Microsoft.AspNetCore.Mvc.Infrastructure.ControllerActionInvoker.<InvokeActionMethodAsync>g__Awaited|12_0(ControllerActionInvoker invoker, ValueTask`1 actionResultValueTask)
   at Microsoft.AspNetCore.Mvc.Infrastructure.ControllerActionInvoker.<InvokeNextActionFilterAsync>g__Awaited|10_0(ControllerActionInvoker invoker, Task lastTask, State next, Scope scope, Object state, Boolean isCompleted)
   at Microsoft.AspNetCore.Mvc.Infrastructure.ControllerActionInvoker.Rethrow(ActionExecutedContextSealed context)
   at Microsoft.AspNetCore.Mvc.Infrastructure.ControllerActionInvoker.Next(State& next, Scope& scope, Object& state, Boolean& isCompleted)
   at Microsoft.AspNetCore.Mvc.Infrastructure.ControllerActionInvoker.<InvokeInnerFilterAsync>g__Awaited|13_0(ControllerActionInvoker invoker, Task lastTask, State next, Scope scope, Object state, Boolean isCompleted)
   at Microsoft.AspNetCore.Mvc.Infrastructure.ResourceInvoker.<InvokeFilterPipelineAsync>g__Awaited|20_0(ResourceInvoker invoker, Task lastTask, State next, Scope scope, Object state, Boolean isCompleted)
   at Microsoft.AspNetCore.Mvc.Infrastructure.ResourceInvoker.<InvokeAsync>g__Awaited|17_0(ResourceInvoker invoker, Task task, IDisposable scope)
   at Microsoft.AspNetCore.Mvc.Infrastructure.ResourceInvoker.<InvokeAsync>g__Awaited|17_0(ResourceInvoker invoker, Task task, IDisposable scope)
   at Microsoft.AspNetCore.Authorization.AuthorizationMiddleware.Invoke(HttpContext context)
   at Microsoft.AspNetCore.Authentication.AuthenticationMiddleware.Invoke(HttpContext context)
   at Serilog.AspNetCore.RequestLoggingMiddleware.Invoke(HttpContext httpContext)
   at Swashbuckle.AspNetCore.SwaggerUI.SwaggerUIMiddleware.Invoke(HttpContext httpContext)
   at Swashbuckle.AspNetCore.Swagger.SwaggerMiddleware.Invoke(HttpContext httpContext, ISwaggerProvider swaggerProvider)
   at EduNexis.API.Middleware.ExceptionMiddleware.InvokeAsync(HttpContext context) in D:\Coding\Projects\edunexis-api\src\EduNexis.API\Middleware\ExceptionMiddleware.cs:line 15
2026-03-04 15:01:02.713 +06:00 [INF] HTTP OPTIONS /api/auth/login responded 204 in 5.2994 ms
2026-03-04 15:01:41.606 +06:00 [ERR] Failed executing DbCommand (32,032ms) [Parameters=[@p3='?' (DbType = Guid), @p0='?' (Size = 4000), @p1='?' (DbType = DateTime), @p2='?' (DbType = DateTime)], CommandType='"Text"', CommandTimeout='30']
SET AUTOCOMMIT = 1;
UPDATE `Users` SET `RefreshToken` = @p0, `RefreshTokenExpiry` = @p1, `UpdatedAt` = @p2
WHERE `Id` = @p3;
SELECT ROW_COUNT();
2026-03-04 15:01:41.737 +06:00 [ERR] An exception occurred in the database while saving changes for context type 'EduNexis.Infrastructure.Persistence.AppDbContext'.
Microsoft.EntityFrameworkCore.DbUpdateException: An error occurred while saving the entity changes. See the inner exception for details.
 ---> MySqlConnector.MySqlException (0x80004005): The Command Timeout expired before the operation completed.
 ---> System.Net.Sockets.SocketException (995): The I/O operation has been aborted because of either a thread exit or an application request.
   at System.Net.Sockets.Socket.AwaitableSocketAsyncEventArgs.ThrowException(SocketError error, CancellationToken cancellationToken)
   at System.Net.Sockets.Socket.AwaitableSocketAsyncEventArgs.System.Threading.Tasks.Sources.IValueTaskSource<System.Int32>.GetResult(Int16 token)
   at MySqlConnector.Protocol.Serialization.SocketByteHandler.DoReadBytesAsync(Memory`1 buffer) in /_/src/MySqlConnector/Protocol/Serialization/SocketByteHandler.cs:line 89
   at MySqlConnector.Protocol.Serialization.SocketByteHandler.DoReadBytesAsync(Memory`1 buffer) in /_/src/MySqlConnector/Protocol/Serialization/SocketByteHandler.cs:line 98
   at MySqlConnector.Protocol.Serialization.BufferedByteReader.ReadBytesAsync(IByteHandler byteHandler, ArraySegment`1 buffer, Int32 totalBytesToRead, IOBehavior ioBehavior) in /_/src/MySqlConnector/Protocol/Serialization/BufferedByteReader.cs:line 34
   at MySqlConnector.Protocol.Serialization.ProtocolUtility.ReadPayloadAsync(BufferedByteReader bufferedByteReader, IByteHandler byteHandler, Func`1 getNextSequenceNumber, ArraySegmentHolder`1 previousPayloads, ProtocolErrorBehavior protocolErrorBehavior, IOBehavior ioBehavior) in /_/src/MySqlConnector/Protocol/Serialization/ProtocolUtility.cs:line 420
   at MySqlConnector.Core.ServerSession.ReceiveReplyAsync(IOBehavior ioBehavior, CancellationToken cancellationToken) in /_/src/MySqlConnector/Core/ServerSession.cs:line 1070
   at MySqlConnector.Core.ResultSet.ReadResultSetHeaderAsync(IOBehavior ioBehavior) in /_/src/MySqlConnector/Core/ResultSet.cs:line 37
   at MySqlConnector.MySqlDataReader.ActivateResultSet(CancellationToken cancellationToken) in /_/src/MySqlConnector/MySqlDataReader.cs:line 131
   at MySqlConnector.MySqlDataReader.InitAsync(CommandListPosition commandListPosition, ICommandPayloadCreator payloadCreator, IDictionary`2 cachedProcedures, IMySqlCommand command, CommandBehavior behavior, Activity activity, IOBehavior ioBehavior, CancellationToken cancellationToken) in /_/src/MySqlConnector/MySqlDataReader.cs:line 487
   at MySqlConnector.Core.CommandExecutor.ExecuteReaderAsync(CommandListPosition commandListPosition, ICommandPayloadCreator payloadCreator, CommandBehavior behavior, Activity activity, IOBehavior ioBehavior, CancellationToken cancellationToken) in /_/src/MySqlConnector/Core/CommandExecutor.cs:line 56
   at MySqlConnector.MySqlCommand.ExecuteReaderAsync(CommandBehavior behavior, IOBehavior ioBehavior, CancellationToken cancellationToken) in /_/src/MySqlConnector/MySqlCommand.cs:line 357
   at MySqlConnector.MySqlCommand.ExecuteDbDataReaderAsync(CommandBehavior behavior, CancellationToken cancellationToken) in /_/src/MySqlConnector/MySqlCommand.cs:line 350
   at Microsoft.EntityFrameworkCore.Storage.RelationalCommand.ExecuteReaderAsync(RelationalCommandParameterObject parameterObject, CancellationToken cancellationToken)
   at Microsoft.EntityFrameworkCore.Storage.RelationalCommand.ExecuteReaderAsync(RelationalCommandParameterObject parameterObject, CancellationToken cancellationToken)
   at Microsoft.EntityFrameworkCore.Update.ReaderModificationCommandBatch.ExecuteAsync(IRelationalConnection connection, CancellationToken cancellationToken)
   --- End of inner exception stack trace ---
   at Microsoft.EntityFrameworkCore.Update.ReaderModificationCommandBatch.ExecuteAsync(IRelationalConnection connection, CancellationToken cancellationToken)
   at Microsoft.EntityFrameworkCore.Update.Internal.BatchExecutor.ExecuteAsync(IEnumerable`1 commandBatches, IRelationalConnection connection, CancellationToken cancellationToken)
   at Microsoft.EntityFrameworkCore.Update.Internal.BatchExecutor.ExecuteAsync(IEnumerable`1 commandBatches, IRelationalConnection connection, CancellationToken cancellationToken)
   at Microsoft.EntityFrameworkCore.Update.Internal.BatchExecutor.ExecuteAsync(IEnumerable`1 commandBatches, IRelationalConnection connection, CancellationToken cancellationToken)
   at Microsoft.EntityFrameworkCore.Storage.RelationalDatabase.SaveChangesAsync(IList`1 entries, CancellationToken cancellationToken)
   at Microsoft.EntityFrameworkCore.ChangeTracking.Internal.StateManager.SaveChangesAsync(IList`1 entriesToSave, CancellationToken cancellationToken)
   at Microsoft.EntityFrameworkCore.ChangeTracking.Internal.StateManager.SaveChangesAsync(StateManager stateManager, Boolean acceptAllChangesOnSuccess, CancellationToken cancellationToken)
   at Microsoft.EntityFrameworkCore.Storage.ExecutionStrategy.<>c__DisplayClass30_0`2.<<ExecuteAsync>b__0>d.MoveNext()
--- End of stack trace from previous location ---
   at Microsoft.EntityFrameworkCore.Storage.ExecutionStrategy.ExecuteImplementationAsync[TState,TResult](Func`4 operation, Func`4 verifySucceeded, TState state, CancellationToken cancellationToken)
   at Microsoft.EntityFrameworkCore.Storage.ExecutionStrategy.ExecuteImplementationAsync[TState,TResult](Func`4 operation, Func`4 verifySucceeded, TState state, CancellationToken cancellationToken)
   at Microsoft.EntityFrameworkCore.Storage.ExecutionStrategy.ExecuteAsync[TState,TResult](TState state, Func`4 operation, Func`4 verifySucceeded, CancellationToken cancellationToken)
   at Microsoft.EntityFrameworkCore.DbContext.SaveChangesAsync(Boolean acceptAllChangesOnSuccess, CancellationToken cancellationToken)
Microsoft.EntityFrameworkCore.DbUpdateException: An error occurred while saving the entity changes. See the inner exception for details.
 ---> MySqlConnector.MySqlException (0x80004005): The Command Timeout expired before the operation completed.
 ---> System.Net.Sockets.SocketException (995): The I/O operation has been aborted because of either a thread exit or an application request.
   at System.Net.Sockets.Socket.AwaitableSocketAsyncEventArgs.ThrowException(SocketError error, CancellationToken cancellationToken)
   at System.Net.Sockets.Socket.AwaitableSocketAsyncEventArgs.System.Threading.Tasks.Sources.IValueTaskSource<System.Int32>.GetResult(Int16 token)
   at MySqlConnector.Protocol.Serialization.SocketByteHandler.DoReadBytesAsync(Memory`1 buffer) in /_/src/MySqlConnector/Protocol/Serialization/SocketByteHandler.cs:line 89
   at MySqlConnector.Protocol.Serialization.SocketByteHandler.DoReadBytesAsync(Memory`1 buffer) in /_/src/MySqlConnector/Protocol/Serialization/SocketByteHandler.cs:line 98
   at MySqlConnector.Protocol.Serialization.BufferedByteReader.ReadBytesAsync(IByteHandler byteHandler, ArraySegment`1 buffer, Int32 totalBytesToRead, IOBehavior ioBehavior) in /_/src/MySqlConnector/Protocol/Serialization/BufferedByteReader.cs:line 34
   at MySqlConnector.Protocol.Serialization.ProtocolUtility.ReadPayloadAsync(BufferedByteReader bufferedByteReader, IByteHandler byteHandler, Func`1 getNextSequenceNumber, ArraySegmentHolder`1 previousPayloads, ProtocolErrorBehavior protocolErrorBehavior, IOBehavior ioBehavior) in /_/src/MySqlConnector/Protocol/Serialization/ProtocolUtility.cs:line 420
   at MySqlConnector.Core.ServerSession.ReceiveReplyAsync(IOBehavior ioBehavior, CancellationToken cancellationToken) in /_/src/MySqlConnector/Core/ServerSession.cs:line 1070
   at MySqlConnector.Core.ResultSet.ReadResultSetHeaderAsync(IOBehavior ioBehavior) in /_/src/MySqlConnector/Core/ResultSet.cs:line 37
   at MySqlConnector.MySqlDataReader.ActivateResultSet(CancellationToken cancellationToken) in /_/src/MySqlConnector/MySqlDataReader.cs:line 131
   at MySqlConnector.MySqlDataReader.InitAsync(CommandListPosition commandListPosition, ICommandPayloadCreator payloadCreator, IDictionary`2 cachedProcedures, IMySqlCommand command, CommandBehavior behavior, Activity activity, IOBehavior ioBehavior, CancellationToken cancellationToken) in /_/src/MySqlConnector/MySqlDataReader.cs:line 487
   at MySqlConnector.Core.CommandExecutor.ExecuteReaderAsync(CommandListPosition commandListPosition, ICommandPayloadCreator payloadCreator, CommandBehavior behavior, Activity activity, IOBehavior ioBehavior, CancellationToken cancellationToken) in /_/src/MySqlConnector/Core/CommandExecutor.cs:line 56
   at MySqlConnector.MySqlCommand.ExecuteReaderAsync(CommandBehavior behavior, IOBehavior ioBehavior, CancellationToken cancellationToken) in /_/src/MySqlConnector/MySqlCommand.cs:line 357
   at MySqlConnector.MySqlCommand.ExecuteDbDataReaderAsync(CommandBehavior behavior, CancellationToken cancellationToken) in /_/src/MySqlConnector/MySqlCommand.cs:line 350
   at Microsoft.EntityFrameworkCore.Storage.RelationalCommand.ExecuteReaderAsync(RelationalCommandParameterObject parameterObject, CancellationToken cancellationToken)
   at Microsoft.EntityFrameworkCore.Storage.RelationalCommand.ExecuteReaderAsync(RelationalCommandParameterObject parameterObject, CancellationToken cancellationToken)
   at Microsoft.EntityFrameworkCore.Update.ReaderModificationCommandBatch.ExecuteAsync(IRelationalConnection connection, CancellationToken cancellationToken)
   --- End of inner exception stack trace ---
   at Microsoft.EntityFrameworkCore.Update.ReaderModificationCommandBatch.ExecuteAsync(IRelationalConnection connection, CancellationToken cancellationToken)
   at Microsoft.EntityFrameworkCore.Update.Internal.BatchExecutor.ExecuteAsync(IEnumerable`1 commandBatches, IRelationalConnection connection, CancellationToken cancellationToken)
   at Microsoft.EntityFrameworkCore.Update.Internal.BatchExecutor.ExecuteAsync(IEnumerable`1 commandBatches, IRelationalConnection connection, CancellationToken cancellationToken)
   at Microsoft.EntityFrameworkCore.Update.Internal.BatchExecutor.ExecuteAsync(IEnumerable`1 commandBatches, IRelationalConnection connection, CancellationToken cancellationToken)
   at Microsoft.EntityFrameworkCore.Storage.RelationalDatabase.SaveChangesAsync(IList`1 entries, CancellationToken cancellationToken)
   at Microsoft.EntityFrameworkCore.ChangeTracking.Internal.StateManager.SaveChangesAsync(IList`1 entriesToSave, CancellationToken cancellationToken)
   at Microsoft.EntityFrameworkCore.ChangeTracking.Internal.StateManager.SaveChangesAsync(StateManager stateManager, Boolean acceptAllChangesOnSuccess, CancellationToken cancellationToken)
   at Microsoft.EntityFrameworkCore.Storage.ExecutionStrategy.<>c__DisplayClass30_0`2.<<ExecuteAsync>b__0>d.MoveNext()
--- End of stack trace from previous location ---
   at Microsoft.EntityFrameworkCore.Storage.ExecutionStrategy.ExecuteImplementationAsync[TState,TResult](Func`4 operation, Func`4 verifySucceeded, TState state, CancellationToken cancellationToken)
   at Microsoft.EntityFrameworkCore.Storage.ExecutionStrategy.ExecuteImplementationAsync[TState,TResult](Func`4 operation, Func`4 verifySucceeded, TState state, CancellationToken cancellationToken)
   at Microsoft.EntityFrameworkCore.Storage.ExecutionStrategy.ExecuteAsync[TState,TResult](TState state, Func`4 operation, Func`4 verifySucceeded, CancellationToken cancellationToken)
   at Microsoft.EntityFrameworkCore.DbContext.SaveChangesAsync(Boolean acceptAllChangesOnSuccess, CancellationToken cancellationToken)
2026-03-04 15:01:41.928 +06:00 [ERR] HTTP POST /api/auth/login responded 500 in 39031.2420 ms
Microsoft.EntityFrameworkCore.DbUpdateException: An error occurred while saving the entity changes. See the inner exception for details.
 ---> MySqlConnector.MySqlException (0x80004005): The Command Timeout expired before the operation completed.
 ---> System.Net.Sockets.SocketException (995): The I/O operation has been aborted because of either a thread exit or an application request.
   at System.Net.Sockets.Socket.AwaitableSocketAsyncEventArgs.ThrowException(SocketError error, CancellationToken cancellationToken)
   at System.Net.Sockets.Socket.AwaitableSocketAsyncEventArgs.System.Threading.Tasks.Sources.IValueTaskSource<System.Int32>.GetResult(Int16 token)
   at MySqlConnector.Protocol.Serialization.SocketByteHandler.DoReadBytesAsync(Memory`1 buffer) in /_/src/MySqlConnector/Protocol/Serialization/SocketByteHandler.cs:line 89
   at MySqlConnector.Protocol.Serialization.SocketByteHandler.DoReadBytesAsync(Memory`1 buffer) in /_/src/MySqlConnector/Protocol/Serialization/SocketByteHandler.cs:line 98
   at MySqlConnector.Protocol.Serialization.BufferedByteReader.ReadBytesAsync(IByteHandler byteHandler, ArraySegment`1 buffer, Int32 totalBytesToRead, IOBehavior ioBehavior) in /_/src/MySqlConnector/Protocol/Serialization/BufferedByteReader.cs:line 34
   at MySqlConnector.Protocol.Serialization.ProtocolUtility.ReadPayloadAsync(BufferedByteReader bufferedByteReader, IByteHandler byteHandler, Func`1 getNextSequenceNumber, ArraySegmentHolder`1 previousPayloads, ProtocolErrorBehavior protocolErrorBehavior, IOBehavior ioBehavior) in /_/src/MySqlConnector/Protocol/Serialization/ProtocolUtility.cs:line 420
   at MySqlConnector.Core.ServerSession.ReceiveReplyAsync(IOBehavior ioBehavior, CancellationToken cancellationToken) in /_/src/MySqlConnector/Core/ServerSession.cs:line 1070
   at MySqlConnector.Core.ResultSet.ReadResultSetHeaderAsync(IOBehavior ioBehavior) in /_/src/MySqlConnector/Core/ResultSet.cs:line 37
   at MySqlConnector.MySqlDataReader.ActivateResultSet(CancellationToken cancellationToken) in /_/src/MySqlConnector/MySqlDataReader.cs:line 131
   at MySqlConnector.MySqlDataReader.InitAsync(CommandListPosition commandListPosition, ICommandPayloadCreator payloadCreator, IDictionary`2 cachedProcedures, IMySqlCommand command, CommandBehavior behavior, Activity activity, IOBehavior ioBehavior, CancellationToken cancellationToken) in /_/src/MySqlConnector/MySqlDataReader.cs:line 487
   at MySqlConnector.Core.CommandExecutor.ExecuteReaderAsync(CommandListPosition commandListPosition, ICommandPayloadCreator payloadCreator, CommandBehavior behavior, Activity activity, IOBehavior ioBehavior, CancellationToken cancellationToken) in /_/src/MySqlConnector/Core/CommandExecutor.cs:line 56
   at MySqlConnector.MySqlCommand.ExecuteReaderAsync(CommandBehavior behavior, IOBehavior ioBehavior, CancellationToken cancellationToken) in /_/src/MySqlConnector/MySqlCommand.cs:line 357
   at MySqlConnector.MySqlCommand.ExecuteDbDataReaderAsync(CommandBehavior behavior, CancellationToken cancellationToken) in /_/src/MySqlConnector/MySqlCommand.cs:line 350
   at Microsoft.EntityFrameworkCore.Storage.RelationalCommand.ExecuteReaderAsync(RelationalCommandParameterObject parameterObject, CancellationToken cancellationToken)
   at Microsoft.EntityFrameworkCore.Storage.RelationalCommand.ExecuteReaderAsync(RelationalCommandParameterObject parameterObject, CancellationToken cancellationToken)
   at Microsoft.EntityFrameworkCore.Update.ReaderModificationCommandBatch.ExecuteAsync(IRelationalConnection connection, CancellationToken cancellationToken)
   --- End of inner exception stack trace ---
   at Microsoft.EntityFrameworkCore.Update.ReaderModificationCommandBatch.ExecuteAsync(IRelationalConnection connection, CancellationToken cancellationToken)
   at Microsoft.EntityFrameworkCore.Update.Internal.BatchExecutor.ExecuteAsync(IEnumerable`1 commandBatches, IRelationalConnection connection, CancellationToken cancellationToken)
   at Microsoft.EntityFrameworkCore.Update.Internal.BatchExecutor.ExecuteAsync(IEnumerable`1 commandBatches, IRelationalConnection connection, CancellationToken cancellationToken)
   at Microsoft.EntityFrameworkCore.Update.Internal.BatchExecutor.ExecuteAsync(IEnumerable`1 commandBatches, IRelationalConnection connection, CancellationToken cancellationToken)
   at Microsoft.EntityFrameworkCore.Storage.RelationalDatabase.SaveChangesAsync(IList`1 entries, CancellationToken cancellationToken)
   at Microsoft.EntityFrameworkCore.ChangeTracking.Internal.StateManager.SaveChangesAsync(IList`1 entriesToSave, CancellationToken cancellationToken)
   at Microsoft.EntityFrameworkCore.ChangeTracking.Internal.StateManager.SaveChangesAsync(StateManager stateManager, Boolean acceptAllChangesOnSuccess, CancellationToken cancellationToken)
   at Microsoft.EntityFrameworkCore.Storage.ExecutionStrategy.<>c__DisplayClass30_0`2.<<ExecuteAsync>b__0>d.MoveNext()
--- End of stack trace from previous location ---
   at Microsoft.EntityFrameworkCore.Storage.ExecutionStrategy.ExecuteImplementationAsync[TState,TResult](Func`4 operation, Func`4 verifySucceeded, TState state, CancellationToken cancellationToken)
   at Microsoft.EntityFrameworkCore.Storage.ExecutionStrategy.ExecuteImplementationAsync[TState,TResult](Func`4 operation, Func`4 verifySucceeded, TState state, CancellationToken cancellationToken)
   at Microsoft.EntityFrameworkCore.Storage.ExecutionStrategy.ExecuteAsync[TState,TResult](TState state, Func`4 operation, Func`4 verifySucceeded, CancellationToken cancellationToken)
   at Microsoft.EntityFrameworkCore.DbContext.SaveChangesAsync(Boolean acceptAllChangesOnSuccess, CancellationToken cancellationToken)
   at Microsoft.EntityFrameworkCore.DbContext.SaveChangesAsync(Boolean acceptAllChangesOnSuccess, CancellationToken cancellationToken)
   at EduNexis.Infrastructure.Persistence.Repositories.UnitOfWork.SaveChangesAsync(CancellationToken ct) in D:\Coding\Projects\edunexis-api\src\EduNexis.Infrastructure\Persistence\Repositories\UnitOfWork.cs:line 32
   at EduNexis.Application.Features.Auth.Commands.LoginUserCommandHandler.Handle(LoginUserCommand command, CancellationToken ct) in D:\Coding\Projects\edunexis-api\src\EduNexis.Application\Features\Auth\Commands\LoginUserCommand.cs:line 36
   at EduNexis.API.Controllers.AuthController.Login(LoginUserCommand command, CancellationToken ct) in D:\Coding\Projects\edunexis-api\src\EduNexis.API\Controllers\AuthController.cs:line 18
   at Microsoft.AspNetCore.Mvc.Infrastructure.ActionMethodExecutor.TaskOfIActionResultExecutor.Execute(ActionContext actionContext, IActionResultTypeMapper mapper, ObjectMethodExecutor executor, Object controller, Object[] arguments)
   at Microsoft.AspNetCore.Mvc.Infrastructure.ControllerActionInvoker.<InvokeActionMethodAsync>g__Awaited|12_0(ControllerActionInvoker invoker, ValueTask`1 actionResultValueTask)
   at Microsoft.AspNetCore.Mvc.Infrastructure.ControllerActionInvoker.<InvokeNextActionFilterAsync>g__Awaited|10_0(ControllerActionInvoker invoker, Task lastTask, State next, Scope scope, Object state, Boolean isCompleted)
   at Microsoft.AspNetCore.Mvc.Infrastructure.ControllerActionInvoker.Rethrow(ActionExecutedContextSealed context)
   at Microsoft.AspNetCore.Mvc.Infrastructure.ControllerActionInvoker.Next(State& next, Scope& scope, Object& state, Boolean& isCompleted)
   at Microsoft.AspNetCore.Mvc.Infrastructure.ControllerActionInvoker.<InvokeInnerFilterAsync>g__Awaited|13_0(ControllerActionInvoker invoker, Task lastTask, State next, Scope scope, Object state, Boolean isCompleted)
   at Microsoft.AspNetCore.Mvc.Infrastructure.ResourceInvoker.<InvokeFilterPipelineAsync>g__Awaited|20_0(ResourceInvoker invoker, Task lastTask, State next, Scope scope, Object state, Boolean isCompleted)
   at Microsoft.AspNetCore.Mvc.Infrastructure.ResourceInvoker.<InvokeAsync>g__Awaited|17_0(ResourceInvoker invoker, Task task, IDisposable scope)
   at Microsoft.AspNetCore.Mvc.Infrastructure.ResourceInvoker.<InvokeAsync>g__Awaited|17_0(ResourceInvoker invoker, Task task, IDisposable scope)
   at Microsoft.AspNetCore.Authorization.AuthorizationMiddleware.Invoke(HttpContext context)
   at Microsoft.AspNetCore.Authentication.AuthenticationMiddleware.Invoke(HttpContext context)
   at Serilog.AspNetCore.RequestLoggingMiddleware.Invoke(HttpContext httpContext)
2026-03-04 15:01:42.006 +06:00 [ERR] Unhandled exception: An error occurred while saving the entity changes. See the inner exception for details.
Microsoft.EntityFrameworkCore.DbUpdateException: An error occurred while saving the entity changes. See the inner exception for details.
 ---> MySqlConnector.MySqlException (0x80004005): The Command Timeout expired before the operation completed.
 ---> System.Net.Sockets.SocketException (995): The I/O operation has been aborted because of either a thread exit or an application request.
   at System.Net.Sockets.Socket.AwaitableSocketAsyncEventArgs.ThrowException(SocketError error, CancellationToken cancellationToken)
   at System.Net.Sockets.Socket.AwaitableSocketAsyncEventArgs.System.Threading.Tasks.Sources.IValueTaskSource<System.Int32>.GetResult(Int16 token)
   at MySqlConnector.Protocol.Serialization.SocketByteHandler.DoReadBytesAsync(Memory`1 buffer) in /_/src/MySqlConnector/Protocol/Serialization/SocketByteHandler.cs:line 89
   at MySqlConnector.Protocol.Serialization.SocketByteHandler.DoReadBytesAsync(Memory`1 buffer) in /_/src/MySqlConnector/Protocol/Serialization/SocketByteHandler.cs:line 98
   at MySqlConnector.Protocol.Serialization.BufferedByteReader.ReadBytesAsync(IByteHandler byteHandler, ArraySegment`1 buffer, Int32 totalBytesToRead, IOBehavior ioBehavior) in /_/src/MySqlConnector/Protocol/Serialization/BufferedByteReader.cs:line 34
   at MySqlConnector.Protocol.Serialization.ProtocolUtility.ReadPayloadAsync(BufferedByteReader bufferedByteReader, IByteHandler byteHandler, Func`1 getNextSequenceNumber, ArraySegmentHolder`1 previousPayloads, ProtocolErrorBehavior protocolErrorBehavior, IOBehavior ioBehavior) in /_/src/MySqlConnector/Protocol/Serialization/ProtocolUtility.cs:line 420
   at MySqlConnector.Core.ServerSession.ReceiveReplyAsync(IOBehavior ioBehavior, CancellationToken cancellationToken) in /_/src/MySqlConnector/Core/ServerSession.cs:line 1070
   at MySqlConnector.Core.ResultSet.ReadResultSetHeaderAsync(IOBehavior ioBehavior) in /_/src/MySqlConnector/Core/ResultSet.cs:line 37
   at MySqlConnector.MySqlDataReader.ActivateResultSet(CancellationToken cancellationToken) in /_/src/MySqlConnector/MySqlDataReader.cs:line 131
   at MySqlConnector.MySqlDataReader.InitAsync(CommandListPosition commandListPosition, ICommandPayloadCreator payloadCreator, IDictionary`2 cachedProcedures, IMySqlCommand command, CommandBehavior behavior, Activity activity, IOBehavior ioBehavior, CancellationToken cancellationToken) in /_/src/MySqlConnector/MySqlDataReader.cs:line 487
   at MySqlConnector.Core.CommandExecutor.ExecuteReaderAsync(CommandListPosition commandListPosition, ICommandPayloadCreator payloadCreator, CommandBehavior behavior, Activity activity, IOBehavior ioBehavior, CancellationToken cancellationToken) in /_/src/MySqlConnector/Core/CommandExecutor.cs:line 56
   at MySqlConnector.MySqlCommand.ExecuteReaderAsync(CommandBehavior behavior, IOBehavior ioBehavior, CancellationToken cancellationToken) in /_/src/MySqlConnector/MySqlCommand.cs:line 357
   at MySqlConnector.MySqlCommand.ExecuteDbDataReaderAsync(CommandBehavior behavior, CancellationToken cancellationToken) in /_/src/MySqlConnector/MySqlCommand.cs:line 350
   at Microsoft.EntityFrameworkCore.Storage.RelationalCommand.ExecuteReaderAsync(RelationalCommandParameterObject parameterObject, CancellationToken cancellationToken)
   at Microsoft.EntityFrameworkCore.Storage.RelationalCommand.ExecuteReaderAsync(RelationalCommandParameterObject parameterObject, CancellationToken cancellationToken)
   at Microsoft.EntityFrameworkCore.Update.ReaderModificationCommandBatch.ExecuteAsync(IRelationalConnection connection, CancellationToken cancellationToken)
   --- End of inner exception stack trace ---
   at Microsoft.EntityFrameworkCore.Update.ReaderModificationCommandBatch.ExecuteAsync(IRelationalConnection connection, CancellationToken cancellationToken)
   at Microsoft.EntityFrameworkCore.Update.Internal.BatchExecutor.ExecuteAsync(IEnumerable`1 commandBatches, IRelationalConnection connection, CancellationToken cancellationToken)
   at Microsoft.EntityFrameworkCore.Update.Internal.BatchExecutor.ExecuteAsync(IEnumerable`1 commandBatches, IRelationalConnection connection, CancellationToken cancellationToken)
   at Microsoft.EntityFrameworkCore.Update.Internal.BatchExecutor.ExecuteAsync(IEnumerable`1 commandBatches, IRelationalConnection connection, CancellationToken cancellationToken)
   at Microsoft.EntityFrameworkCore.Storage.RelationalDatabase.SaveChangesAsync(IList`1 entries, CancellationToken cancellationToken)
   at Microsoft.EntityFrameworkCore.ChangeTracking.Internal.StateManager.SaveChangesAsync(IList`1 entriesToSave, CancellationToken cancellationToken)
   at Microsoft.EntityFrameworkCore.ChangeTracking.Internal.StateManager.SaveChangesAsync(StateManager stateManager, Boolean acceptAllChangesOnSuccess, CancellationToken cancellationToken)
   at Microsoft.EntityFrameworkCore.Storage.ExecutionStrategy.<>c__DisplayClass30_0`2.<<ExecuteAsync>b__0>d.MoveNext()
--- End of stack trace from previous location ---
   at Microsoft.EntityFrameworkCore.Storage.ExecutionStrategy.ExecuteImplementationAsync[TState,TResult](Func`4 operation, Func`4 verifySucceeded, TState state, CancellationToken cancellationToken)
   at Microsoft.EntityFrameworkCore.Storage.ExecutionStrategy.ExecuteImplementationAsync[TState,TResult](Func`4 operation, Func`4 verifySucceeded, TState state, CancellationToken cancellationToken)
   at Microsoft.EntityFrameworkCore.Storage.ExecutionStrategy.ExecuteAsync[TState,TResult](TState state, Func`4 operation, Func`4 verifySucceeded, CancellationToken cancellationToken)
   at Microsoft.EntityFrameworkCore.DbContext.SaveChangesAsync(Boolean acceptAllChangesOnSuccess, CancellationToken cancellationToken)
   at Microsoft.EntityFrameworkCore.DbContext.SaveChangesAsync(Boolean acceptAllChangesOnSuccess, CancellationToken cancellationToken)
   at EduNexis.Infrastructure.Persistence.Repositories.UnitOfWork.SaveChangesAsync(CancellationToken ct) in D:\Coding\Projects\edunexis-api\src\EduNexis.Infrastructure\Persistence\Repositories\UnitOfWork.cs:line 32
   at EduNexis.Application.Features.Auth.Commands.LoginUserCommandHandler.Handle(LoginUserCommand command, CancellationToken ct) in D:\Coding\Projects\edunexis-api\src\EduNexis.Application\Features\Auth\Commands\LoginUserCommand.cs:line 36
   at EduNexis.API.Controllers.AuthController.Login(LoginUserCommand command, CancellationToken ct) in D:\Coding\Projects\edunexis-api\src\EduNexis.API\Controllers\AuthController.cs:line 18
   at Microsoft.AspNetCore.Mvc.Infrastructure.ActionMethodExecutor.TaskOfIActionResultExecutor.Execute(ActionContext actionContext, IActionResultTypeMapper mapper, ObjectMethodExecutor executor, Object controller, Object[] arguments)
   at Microsoft.AspNetCore.Mvc.Infrastructure.ControllerActionInvoker.<InvokeActionMethodAsync>g__Awaited|12_0(ControllerActionInvoker invoker, ValueTask`1 actionResultValueTask)
   at Microsoft.AspNetCore.Mvc.Infrastructure.ControllerActionInvoker.<InvokeNextActionFilterAsync>g__Awaited|10_0(ControllerActionInvoker invoker, Task lastTask, State next, Scope scope, Object state, Boolean isCompleted)
   at Microsoft.AspNetCore.Mvc.Infrastructure.ControllerActionInvoker.Rethrow(ActionExecutedContextSealed context)
   at Microsoft.AspNetCore.Mvc.Infrastructure.ControllerActionInvoker.Next(State& next, Scope& scope, Object& state, Boolean& isCompleted)
   at Microsoft.AspNetCore.Mvc.Infrastructure.ControllerActionInvoker.<InvokeInnerFilterAsync>g__Awaited|13_0(ControllerActionInvoker invoker, Task lastTask, State next, Scope scope, Object state, Boolean isCompleted)
   at Microsoft.AspNetCore.Mvc.Infrastructure.ResourceInvoker.<InvokeFilterPipelineAsync>g__Awaited|20_0(ResourceInvoker invoker, Task lastTask, State next, Scope scope, Object state, Boolean isCompleted)
   at Microsoft.AspNetCore.Mvc.Infrastructure.ResourceInvoker.<InvokeAsync>g__Awaited|17_0(ResourceInvoker invoker, Task task, IDisposable scope)
   at Microsoft.AspNetCore.Mvc.Infrastructure.ResourceInvoker.<InvokeAsync>g__Awaited|17_0(ResourceInvoker invoker, Task task, IDisposable scope)
   at Microsoft.AspNetCore.Authorization.AuthorizationMiddleware.Invoke(HttpContext context)
   at Microsoft.AspNetCore.Authentication.AuthenticationMiddleware.Invoke(HttpContext context)
   at Serilog.AspNetCore.RequestLoggingMiddleware.Invoke(HttpContext httpContext)
   at Swashbuckle.AspNetCore.SwaggerUI.SwaggerUIMiddleware.Invoke(HttpContext httpContext)
   at Swashbuckle.AspNetCore.Swagger.SwaggerMiddleware.Invoke(HttpContext httpContext, ISwaggerProvider swaggerProvider)
   at EduNexis.API.Middleware.ExceptionMiddleware.InvokeAsync(HttpContext context) in D:\Coding\Projects\edunexis-api\src\EduNexis.API\Middleware\ExceptionMiddleware.cs:line 15
2026-03-04 15:05:31.617 +06:00 [INF] HTTP OPTIONS /api/auth/login responded 204 in 7.9165 ms
2026-03-04 15:05:37.116 +06:00 [INF] HTTP POST /api/auth/login responded 200 in 5341.1529 ms
2026-03-04 15:05:37.359 +06:00 [INF] HTTP OPTIONS /api/Courses responded 204 in 0.1509 ms
2026-03-04 15:05:37.359 +06:00 [INF] HTTP OPTIONS /api/Courses responded 204 in 0.0366 ms
2026-03-04 15:05:37.359 +06:00 [INF] HTTP OPTIONS /api/Notifications responded 204 in 37.2436 ms
2026-03-04 15:05:37.709 +06:00 [INF] HTTP GET /api/Notifications responded 200 in 323.5434 ms
2026-03-04 15:05:37.987 +06:00 [INF] HTTP GET /api/Courses responded 200 in 601.3982 ms
2026-03-04 15:05:37.987 +06:00 [INF] HTTP GET /api/Courses responded 200 in 601.3957 ms
2026-03-04 15:05:53.025 +06:00 [INF] HTTP OPTIONS /api/profile/cb1e1fdb-d34e-4816-8908-436bc28ffdf2 responded 204 in 0.2541 ms
2026-03-04 15:05:53.025 +06:00 [INF] HTTP OPTIONS /api/profile responded 204 in 0.2259 ms
2026-03-04 15:05:53.081 +06:00 [INF] HTTP GET /api/profile responded 200 in 44.6080 ms
2026-03-04 15:05:53.159 +06:00 [INF] HTTP GET /api/profile/cb1e1fdb-d34e-4816-8908-436bc28ffdf2 responded 200 in 125.4381 ms
2026-03-04 15:06:49.357 +06:00 [INF] HTTP OPTIONS /api/profile/photo responded 204 in 0.1352 ms
2026-03-04 15:06:51.134 +06:00 [INF] HTTP POST /api/profile/photo responded 200 in 1768.6125 ms
2026-03-04 15:06:51.143 +06:00 [INF] HTTP OPTIONS /api/profile responded 204 in 0.0713 ms
2026-03-04 15:06:51.143 +06:00 [INF] HTTP OPTIONS /api/profile/cb1e1fdb-d34e-4816-8908-436bc28ffdf2 responded 204 in 0.0709 ms
2026-03-04 15:06:51.155 +06:00 [INF] HTTP GET /api/profile responded 200 in 5.1353 ms
2026-03-04 15:06:51.159 +06:00 [INF] HTTP GET /api/profile/cb1e1fdb-d34e-4816-8908-436bc28ffdf2 responded 200 in 6.2867 ms
2026-03-04 15:06:54.133 +06:00 [INF] HTTP OPTIONS /api/profile/cover responded 204 in 0.1636 ms
2026-03-04 15:06:56.062 +06:00 [INF] HTTP POST /api/profile/cover responded 200 in 1922.1121 ms
2026-03-04 15:06:56.084 +06:00 [INF] HTTP GET /api/profile responded 200 in 8.0212 ms
2026-03-04 15:06:56.088 +06:00 [INF] HTTP GET /api/profile/cb1e1fdb-d34e-4816-8908-436bc28ffdf2 responded 200 in 12.0039 ms
2026-03-04 15:07:07.721 +06:00 [INF] HTTP OPTIONS /api/Notifications responded 204 in 0.0740 ms
2026-03-04 15:07:07.733 +06:00 [INF] HTTP GET /api/Notifications responded 200 in 4.6017 ms
2026-03-04 15:07:09.222 +06:00 [INF] HTTP OPTIONS /api/Courses responded 204 in 0.5056 ms
2026-03-04 15:07:09.222 +06:00 [INF] HTTP OPTIONS /api/Courses responded 204 in 0.4463 ms
2026-03-04 15:07:09.267 +06:00 [INF] HTTP GET /api/Courses responded 200 in 37.8119 ms
2026-03-04 15:07:09.286 +06:00 [INF] HTTP GET /api/Courses responded 200 in 55.7962 ms
2026-03-04 15:08:47.506 +06:00 [INF] HTTP OPTIONS /api/Courses responded 204 in 0.1171 ms
2026-03-04 15:08:47.506 +06:00 [INF] HTTP OPTIONS /api/Courses responded 204 in 0.1171 ms
2026-03-04 15:08:47.556 +06:00 [INF] HTTP GET /api/Courses responded 200 in 42.5554 ms
2026-03-04 15:08:47.564 +06:00 [INF] HTTP GET /api/Courses responded 200 in 43.9099 ms
2026-03-04 15:08:49.311 +06:00 [INF] HTTP OPTIONS /api/Notifications responded 204 in 0.0543 ms
2026-03-04 15:08:49.325 +06:00 [INF] HTTP GET /api/Notifications responded 200 in 4.7682 ms
2026-03-04 15:09:07.744 +06:00 [INF] HTTP OPTIONS /api/Courses/90d7ab00-c743-4253-8d9f-e69759d0be36 responded 204 in 0.1333 ms
2026-03-04 15:09:07.929 +06:00 [INF] HTTP GET /api/Courses/90d7ab00-c743-4253-8d9f-e69759d0be36 responded 200 in 176.0908 ms
2026-03-04 15:09:07.956 +06:00 [INF] HTTP OPTIONS /api/Announcements/courses/90d7ab00-c743-4253-8d9f-e69759d0be36/announcements responded 204 in 0.0899 ms
2026-03-04 15:09:08.053 +06:00 [INF] HTTP GET /api/Announcements/courses/90d7ab00-c743-4253-8d9f-e69759d0be36/announcements responded 200 in 86.2190 ms
2026-03-04 15:09:19.341 +06:00 [INF] HTTP OPTIONS /api/Notifications responded 204 in 0.0928 ms
2026-03-04 15:09:19.360 +06:00 [INF] HTTP GET /api/Notifications responded 200 in 3.7144 ms
2026-03-04 15:09:32.527 +06:00 [INF] HTTP OPTIONS /api/profile responded 204 in 0.0892 ms
2026-03-04 15:09:32.692 +06:00 [INF] HTTP PUT /api/profile responded 200 in 147.9958 ms
2026-03-04 15:09:32.718 +06:00 [INF] HTTP OPTIONS /api/profile/cb1e1fdb-d34e-4816-8908-436bc28ffdf2 responded 204 in 0.0326 ms
2026-03-04 15:09:32.723 +06:00 [INF] HTTP GET /api/profile responded 200 in 4.7495 ms
2026-03-04 15:09:32.742 +06:00 [INF] HTTP GET /api/profile/cb1e1fdb-d34e-4816-8908-436bc28ffdf2 responded 200 in 15.8514 ms
2026-03-04 15:09:49.381 +06:00 [INF] HTTP OPTIONS /api/Notifications responded 204 in 0.0412 ms
2026-03-04 15:09:49.400 +06:00 [INF] HTTP GET /api/Notifications responded 200 in 3.9843 ms
2026-03-04 15:09:52.446 +06:00 [INF] HTTP OPTIONS /api/profile responded 204 in 0.0378 ms
2026-03-04 15:09:52.477 +06:00 [INF] HTTP PUT /api/profile responded 200 in 17.8033 ms
2026-03-04 15:09:52.500 +06:00 [INF] HTTP OPTIONS /api/profile/cb1e1fdb-d34e-4816-8908-436bc28ffdf2 responded 204 in 0.0601 ms
2026-03-04 15:09:52.503 +06:00 [INF] HTTP GET /api/profile responded 200 in 3.4604 ms
2026-03-04 15:09:52.521 +06:00 [INF] HTTP GET /api/profile/cb1e1fdb-d34e-4816-8908-436bc28ffdf2 responded 200 in 5.5887 ms
2026-03-04 15:10:19.422 +06:00 [INF] HTTP OPTIONS /api/Notifications responded 204 in 0.0704 ms
2026-03-04 15:10:19.440 +06:00 [INF] HTTP GET /api/Notifications responded 200 in 4.0173 ms
2026-03-04 15:10:45.843 +06:00 [INF] HTTP OPTIONS /api/profile/education responded 204 in 0.0478 ms
2026-03-04 15:10:45.987 +06:00 [INF] HTTP POST /api/profile/education responded 200 in 129.0070 ms
2026-03-04 15:10:45.999 +06:00 [INF] HTTP OPTIONS /api/profile responded 204 in 0.0350 ms
2026-03-04 15:10:45.999 +06:00 [INF] HTTP OPTIONS /api/profile/cb1e1fdb-d34e-4816-8908-436bc28ffdf2 responded 204 in 0.0234 ms
2026-03-04 15:10:46.018 +06:00 [INF] HTTP GET /api/profile responded 200 in 3.3289 ms
2026-03-04 15:10:46.023 +06:00 [INF] HTTP GET /api/profile/cb1e1fdb-d34e-4816-8908-436bc28ffdf2 responded 200 in 9.1948 ms
2026-03-04 15:10:49.464 +06:00 [INF] HTTP OPTIONS /api/Notifications responded 204 in 0.0589 ms
2026-03-04 15:10:49.490 +06:00 [INF] HTTP GET /api/Notifications responded 200 in 12.6506 ms
2026-03-04 15:11:17.858 +06:00 [INF] HTTP OPTIONS /api/profile/education responded 204 in 0.0593 ms
2026-03-04 15:11:17.890 +06:00 [INF] HTTP POST /api/profile/education responded 200 in 17.3976 ms
2026-03-04 15:11:17.904 +06:00 [INF] HTTP OPTIONS /api/profile responded 204 in 0.0425 ms
2026-03-04 15:11:17.905 +06:00 [INF] HTTP OPTIONS /api/profile/cb1e1fdb-d34e-4816-8908-436bc28ffdf2 responded 204 in 0.0123 ms
2026-03-04 15:11:17.916 +06:00 [INF] HTTP GET /api/profile responded 200 in 2.7586 ms
2026-03-04 15:11:17.930 +06:00 [INF] HTTP GET /api/profile/cb1e1fdb-d34e-4816-8908-436bc28ffdf2 responded 200 in 14.1141 ms
2026-03-04 15:11:19.505 +06:00 [INF] HTTP OPTIONS /api/Notifications responded 204 in 0.0454 ms
2026-03-04 15:11:19.522 +06:00 [INF] HTTP GET /api/Notifications responded 200 in 3.8898 ms
2026-03-04 15:11:31.412 +06:00 [INF] HTTP OPTIONS /api/Courses responded 204 in 0.0395 ms
2026-03-04 15:11:31.412 +06:00 [INF] HTTP OPTIONS /api/Courses responded 204 in 0.0076 ms
2026-03-04 15:11:31.448 +06:00 [INF] HTTP GET /api/Courses responded 200 in 31.0518 ms
2026-03-04 15:11:31.452 +06:00 [INF] HTTP GET /api/Courses responded 200 in 32.9933 ms
2026-03-04 15:11:45.679 +06:00 [INF] HTTP OPTIONS /api/Courses/ac80d30d-540f-4a38-aa5e-22420bf183c7 responded 204 in 0.3912 ms
2026-03-04 15:11:45.722 +06:00 [INF] HTTP GET /api/Courses/ac80d30d-540f-4a38-aa5e-22420bf183c7 responded 200 in 36.1495 ms
2026-03-04 15:11:45.742 +06:00 [INF] HTTP OPTIONS /api/Announcements/courses/ac80d30d-540f-4a38-aa5e-22420bf183c7/announcements responded 204 in 0.0165 ms
2026-03-04 15:11:45.758 +06:00 [INF] HTTP GET /api/Announcements/courses/ac80d30d-540f-4a38-aa5e-22420bf183c7/announcements responded 200 in 7.6534 ms
2026-03-04 15:11:49.096 +06:00 [INF] HTTP OPTIONS /api/Attendance/courses/ac80d30d-540f-4a38-aa5e-22420bf183c7/sessions responded 204 in 0.0424 ms
2026-03-04 15:11:49.096 +06:00 [INF] HTTP OPTIONS /api/Attendance/courses/ac80d30d-540f-4a38-aa5e-22420bf183c7/sessions responded 204 in 0.0321 ms
2026-03-04 15:11:49.099 +06:00 [INF] HTTP OPTIONS /api/Courses/ac80d30d-540f-4a38-aa5e-22420bf183c7/members responded 204 in 0.0463 ms
2026-03-04 15:11:49.325 +06:00 [INF] HTTP GET /api/Courses/ac80d30d-540f-4a38-aa5e-22420bf183c7/members responded 200 in 216.2196 ms
2026-03-04 15:11:49.348 +06:00 [INF] HTTP GET /api/Attendance/courses/ac80d30d-540f-4a38-aa5e-22420bf183c7/sessions responded 200 in 243.5267 ms
2026-03-04 15:11:49.378 +06:00 [INF] HTTP GET /api/Attendance/courses/ac80d30d-540f-4a38-aa5e-22420bf183c7/sessions responded 200 in 28.5533 ms
2026-03-04 15:11:49.547 +06:00 [INF] HTTP OPTIONS /api/Notifications responded 204 in 0.0388 ms
2026-03-04 15:11:49.559 +06:00 [INF] HTTP GET /api/Notifications responded 200 in 3.4657 ms
2026-03-04 15:11:50.566 +06:00 [INF] HTTP OPTIONS /api/Materials/courses/ac80d30d-540f-4a38-aa5e-22420bf183c7/materials responded 204 in 0.0183 ms
2026-03-04 15:11:50.720 +06:00 [INF] HTTP GET /api/Materials/courses/ac80d30d-540f-4a38-aa5e-22420bf183c7/materials responded 200 in 145.4350 ms
2026-03-04 15:11:52.140 +06:00 [INF] HTTP OPTIONS /api/Assignments/courses/ac80d30d-540f-4a38-aa5e-22420bf183c7/assignments responded 204 in 0.0243 ms
2026-03-04 15:11:52.192 +06:00 [INF] HTTP GET /api/Assignments/courses/ac80d30d-540f-4a38-aa5e-22420bf183c7/assignments responded 200 in 45.0181 ms
2026-03-04 15:11:53.987 +06:00 [INF] HTTP OPTIONS /api/ct/courses/ac80d30d-540f-4a38-aa5e-22420bf183c7/events responded 204 in 0.0506 ms
2026-03-04 15:11:54.166 +06:00 [INF] HTTP GET /api/ct/courses/ac80d30d-540f-4a38-aa5e-22420bf183c7/events responded 200 in 172.1449 ms
2026-03-04 15:11:54.810 +06:00 [INF] HTTP OPTIONS /api/courses/ac80d30d-540f-4a38-aa5e-22420bf183c7/presentations responded 204 in 0.0283 ms
2026-03-04 15:11:55.007 +06:00 [INF] HTTP GET /api/courses/ac80d30d-540f-4a38-aa5e-22420bf183c7/presentations responded 200 in 188.9669 ms
2026-03-04 15:11:55.540 +06:00 [INF] HTTP OPTIONS /api/courses/ac80d30d-540f-4a38-aa5e-22420bf183c7/grading-formula responded 204 in 0.0612 ms
2026-03-04 15:11:55.540 +06:00 [INF] HTTP OPTIONS /api/courses/ac80d30d-540f-4a38-aa5e-22420bf183c7/marks responded 204 in 0.0293 ms
2026-03-04 15:11:55.721 +06:00 [INF] HTTP GET /api/courses/ac80d30d-540f-4a38-aa5e-22420bf183c7/grading-formula responded 200 in 173.0524 ms
2026-03-04 15:11:55.721 +06:00 [INF] HTTP GET /api/courses/ac80d30d-540f-4a38-aa5e-22420bf183c7/marks responded 200 in 170.4633 ms
2026-03-04 15:11:55.926 +06:00 [INF] HTTP OPTIONS /api/Courses/ac80d30d-540f-4a38-aa5e-22420bf183c7/members responded 204 in 0.0310 ms
2026-03-04 15:11:55.928 +06:00 [INF] HTTP OPTIONS /api/Courses/ac80d30d-540f-4a38-aa5e-22420bf183c7/join-requests responded 204 in 0.0416 ms
2026-03-04 15:11:55.974 +06:00 [INF] HTTP GET /api/Courses/ac80d30d-540f-4a38-aa5e-22420bf183c7/members responded 200 in 42.0613 ms
2026-03-04 15:11:56.048 +06:00 [INF] HTTP GET /api/Courses/ac80d30d-540f-4a38-aa5e-22420bf183c7/join-requests responded 200 in 107.2354 ms
2026-03-04 15:14:35.958 +06:00 [INF] HTTP OPTIONS /api/Courses responded 204 in 0.1957 ms
2026-03-04 15:14:35.960 +06:00 [INF] HTTP OPTIONS /api/Courses responded 204 in 0.0473 ms
2026-03-04 15:14:36.005 +06:00 [INF] HTTP GET /api/Courses responded 200 in 36.9851 ms
2026-03-04 15:14:36.016 +06:00 [INF] HTTP GET /api/Courses responded 200 in 46.1728 ms
2026-03-04 15:14:49.570 +06:00 [INF] HTTP OPTIONS /api/Notifications responded 204 in 0.0454 ms
2026-03-04 15:14:49.585 +06:00 [INF] HTTP GET /api/Notifications responded 200 in 3.8032 ms
2026-03-04 15:17:19.600 +06:00 [INF] HTTP OPTIONS /api/Notifications responded 204 in 0.0986 ms
2026-03-04 15:17:19.617 +06:00 [INF] HTTP GET /api/Notifications responded 200 in 5.5418 ms
2026-03-04 15:17:37.018 +06:00 [INF] HTTP OPTIONS /api/profile/photo responded 204 in 0.0633 ms
2026-03-04 15:17:39.161 +06:00 [INF] HTTP POST /api/profile/photo responded 200 in 2131.7999 ms
2026-03-04 15:17:39.174 +06:00 [INF] HTTP OPTIONS /api/profile responded 204 in 0.0429 ms
2026-03-04 15:17:39.174 +06:00 [INF] HTTP OPTIONS /api/profile/cb1e1fdb-d34e-4816-8908-436bc28ffdf2 responded 204 in 0.0168 ms
2026-03-04 15:17:39.183 +06:00 [INF] HTTP GET /api/profile responded 200 in 2.2916 ms
2026-03-04 15:17:39.190 +06:00 [INF] HTTP GET /api/profile/cb1e1fdb-d34e-4816-8908-436bc28ffdf2 responded 200 in 7.2834 ms
2026-03-04 15:17:44.253 +06:00 [INF] HTTP OPTIONS /api/Courses responded 204 in 0.0436 ms
2026-03-04 15:17:44.254 +06:00 [INF] HTTP OPTIONS /api/Courses responded 204 in 0.0432 ms
2026-03-04 15:17:44.295 +06:00 [INF] HTTP GET /api/Courses responded 200 in 34.0485 ms
2026-03-04 15:17:44.304 +06:00 [INF] HTTP GET /api/Courses responded 200 in 41.5939 ms
2026-03-04 15:17:48.090 +06:00 [INF] HTTP OPTIONS /api/profile responded 204 in 0.0335 ms
2026-03-04 15:17:48.123 +06:00 [INF] HTTP PUT /api/profile responded 200 in 20.2087 ms
2026-03-04 15:17:48.144 +06:00 [INF] HTTP OPTIONS /api/profile/cb1e1fdb-d34e-4816-8908-436bc28ffdf2 responded 204 in 0.0425 ms
2026-03-04 15:17:48.148 +06:00 [INF] HTTP GET /api/profile responded 200 in 3.4254 ms
2026-03-04 15:17:48.156 +06:00 [INF] HTTP GET /api/profile/cb1e1fdb-d34e-4816-8908-436bc28ffdf2 responded 200 in 5.2503 ms
2026-03-04 15:17:49.630 +06:00 [INF] HTTP OPTIONS /api/Notifications responded 204 in 0.0203 ms
2026-03-04 15:17:49.641 +06:00 [INF] HTTP GET /api/Notifications responded 200 in 2.4299 ms
2026-03-04 15:18:56.010 +06:00 [INF] HTTP OPTIONS /api/profile/photo responded 204 in 0.0417 ms
2026-03-04 15:18:57.730 +06:00 [INF] HTTP POST /api/profile/photo responded 200 in 1714.4708 ms
2026-03-04 15:18:57.739 +06:00 [INF] HTTP OPTIONS /api/profile responded 204 in 0.0597 ms
2026-03-04 15:18:57.740 +06:00 [INF] HTTP OPTIONS /api/profile/cb1e1fdb-d34e-4816-8908-436bc28ffdf2 responded 204 in 0.0262 ms
2026-03-04 15:18:57.749 +06:00 [INF] HTTP GET /api/profile responded 200 in 1.9713 ms
2026-03-04 15:18:57.756 +06:00 [INF] HTTP GET /api/profile/cb1e1fdb-d34e-4816-8908-436bc28ffdf2 responded 200 in 6.6588 ms
2026-03-04 15:19:00.498 +06:00 [INF] HTTP OPTIONS /api/profile responded 204 in 0.1109 ms
2026-03-04 15:19:00.559 +06:00 [INF] HTTP PUT /api/profile responded 200 in 46.8631 ms
2026-03-04 15:19:00.610 +06:00 [INF] HTTP GET /api/profile responded 200 in 3.6851 ms
2026-03-04 15:19:00.618 +06:00 [INF] HTTP GET /api/profile/cb1e1fdb-d34e-4816-8908-436bc28ffdf2 responded 200 in 9.5012 ms
2026-03-04 15:19:49.652 +06:00 [INF] HTTP OPTIONS /api/Notifications responded 204 in 0.0693 ms
2026-03-04 15:19:49.665 +06:00 [INF] HTTP GET /api/Notifications responded 200 in 5.2096 ms
2026-03-04 15:19:53.092 +06:00 [INF] HTTP OPTIONS /api/profile/cover responded 204 in 0.0204 ms
2026-03-04 15:19:55.649 +06:00 [INF] HTTP POST /api/profile/cover responded 200 in 2551.1413 ms
2026-03-04 15:19:55.659 +06:00 [INF] HTTP OPTIONS /api/profile/cb1e1fdb-d34e-4816-8908-436bc28ffdf2 responded 204 in 0.0217 ms
2026-03-04 15:19:55.659 +06:00 [INF] HTTP OPTIONS /api/profile responded 204 in 0.0212 ms
2026-03-04 15:19:55.675 +06:00 [INF] HTTP GET /api/profile responded 200 in 2.6570 ms
2026-03-04 15:19:55.676 +06:00 [INF] HTTP GET /api/profile/cb1e1fdb-d34e-4816-8908-436bc28ffdf2 responded 200 in 6.7072 ms
2026-03-04 15:20:26.816 +06:00 [INF] HTTP OPTIONS /api/profile/cover responded 204 in 0.0434 ms
2026-03-04 15:20:28.443 +06:00 [INF] HTTP POST /api/profile/cover responded 200 in 1621.1066 ms
2026-03-04 15:20:28.455 +06:00 [INF] HTTP OPTIONS /api/profile responded 204 in 0.0413 ms
2026-03-04 15:20:28.455 +06:00 [INF] HTTP OPTIONS /api/profile/cb1e1fdb-d34e-4816-8908-436bc28ffdf2 responded 204 in 0.0156 ms
2026-03-04 15:20:28.464 +06:00 [INF] HTTP GET /api/profile responded 200 in 2.0077 ms
2026-03-04 15:20:28.470 +06:00 [INF] HTTP GET /api/profile/cb1e1fdb-d34e-4816-8908-436bc28ffdf2 responded 200 in 5.5527 ms
2026-03-04 15:20:31.563 +06:00 [INF] HTTP OPTIONS /api/profile responded 204 in 0.0421 ms
2026-03-04 15:20:31.596 +06:00 [INF] HTTP PUT /api/profile responded 200 in 17.1756 ms
2026-03-04 15:20:31.629 +06:00 [INF] HTTP GET /api/profile responded 200 in 10.2358 ms
2026-03-04 15:20:31.634 +06:00 [INF] HTTP GET /api/profile/cb1e1fdb-d34e-4816-8908-436bc28ffdf2 responded 200 in 14.6017 ms
2026-03-04 15:20:49.685 +06:00 [INF] HTTP OPTIONS /api/Notifications responded 204 in 0.0376 ms
2026-03-04 15:20:49.694 +06:00 [INF] HTTP GET /api/Notifications responded 200 in 1.6646 ms
2026-03-04 15:20:54.304 +06:00 [INF] HTTP OPTIONS /api/Courses responded 204 in 0.0416 ms
2026-03-04 15:20:54.305 +06:00 [INF] HTTP OPTIONS /api/Courses responded 204 in 0.0467 ms
2026-03-04 15:20:54.364 +06:00 [INF] HTTP GET /api/Courses responded 200 in 36.8782 ms
2026-03-04 15:20:54.385 +06:00 [INF] HTTP GET /api/Courses responded 200 in 56.2045 ms
2026-03-04 15:21:19.717 +06:00 [INF] HTTP OPTIONS /api/Notifications responded 204 in 0.0333 ms
2026-03-04 15:21:19.733 +06:00 [INF] HTTP GET /api/Notifications responded 200 in 2.0222 ms
2026-03-04 15:21:49.754 +06:00 [INF] HTTP OPTIONS /api/Notifications responded 204 in 0.0338 ms
2026-03-04 15:21:49.772 +06:00 [INF] HTTP GET /api/Notifications responded 200 in 2.3117 ms
2026-03-04 15:22:19.793 +06:00 [INF] HTTP OPTIONS /api/Notifications responded 204 in 0.0402 ms
2026-03-04 15:22:19.811 +06:00 [INF] HTTP GET /api/Notifications responded 200 in 4.1119 ms
2026-03-04 15:22:49.836 +06:00 [INF] HTTP OPTIONS /api/Notifications responded 204 in 0.0340 ms
2026-03-04 15:22:49.855 +06:00 [INF] HTTP GET /api/Notifications responded 200 in 3.1534 ms
2026-03-04 15:23:19.876 +06:00 [INF] HTTP OPTIONS /api/Notifications responded 204 in 0.0425 ms
2026-03-04 15:23:19.893 +06:00 [INF] HTTP GET /api/Notifications responded 200 in 3.0320 ms
2026-03-04 15:23:49.918 +06:00 [INF] HTTP OPTIONS /api/Notifications responded 204 in 0.0349 ms
2026-03-04 15:23:49.936 +06:00 [INF] HTTP GET /api/Notifications responded 200 in 3.4416 ms
2026-03-04 15:24:19.959 +06:00 [INF] HTTP OPTIONS /api/Notifications responded 204 in 0.0440 ms
2026-03-04 15:24:19.975 +06:00 [INF] HTTP GET /api/Notifications responded 200 in 3.1485 ms
2026-03-04 15:24:49.995 +06:00 [INF] HTTP OPTIONS /api/Notifications responded 204 in 0.0329 ms
2026-03-04 15:24:50.007 +06:00 [INF] HTTP GET /api/Notifications responded 200 in 3.6108 ms
2026-03-04 15:25:20.021 +06:00 [INF] HTTP OPTIONS /api/Notifications responded 204 in 0.0284 ms
2026-03-04 15:25:20.039 +06:00 [INF] HTTP GET /api/Notifications responded 200 in 2.8724 ms
2026-03-04 15:25:50.061 +06:00 [INF] HTTP OPTIONS /api/Notifications responded 204 in 0.0265 ms
2026-03-04 15:25:50.072 +06:00 [INF] HTTP GET /api/Notifications responded 200 in 2.5363 ms
2026-03-04 15:26:20.086 +06:00 [INF] HTTP OPTIONS /api/Notifications responded 204 in 0.0413 ms
2026-03-04 15:26:20.106 +06:00 [INF] HTTP GET /api/Notifications responded 200 in 3.5019 ms
2026-03-04 15:26:50.125 +06:00 [INF] HTTP OPTIONS /api/Notifications responded 204 in 0.0319 ms
2026-03-04 15:26:50.142 +06:00 [INF] HTTP GET /api/Notifications responded 200 in 2.8987 ms
2026-03-04 15:27:20.166 +06:00 [INF] HTTP OPTIONS /api/Notifications responded 204 in 0.0586 ms
2026-03-04 15:27:20.184 +06:00 [INF] HTTP GET /api/Notifications responded 200 in 3.0893 ms
2026-03-04 15:27:50.207 +06:00 [INF] HTTP OPTIONS /api/Notifications responded 204 in 0.0304 ms
2026-03-04 15:27:50.224 +06:00 [INF] HTTP GET /api/Notifications responded 200 in 3.1287 ms
2026-03-04 15:28:20.248 +06:00 [INF] HTTP OPTIONS /api/Notifications responded 204 in 0.0362 ms
2026-03-04 15:28:20.267 +06:00 [INF] HTTP GET /api/Notifications responded 200 in 3.7956 ms
2026-03-04 15:28:50.282 +06:00 [INF] HTTP OPTIONS /api/Notifications responded 204 in 0.0343 ms
2026-03-04 15:28:50.289 +06:00 [INF] HTTP GET /api/Notifications responded 200 in 2.3356 ms
2026-03-04 15:28:56.246 +06:00 [INF] HTTP OPTIONS /api/Courses responded 204 in 0.0579 ms
2026-03-04 15:28:56.250 +06:00 [INF] HTTP OPTIONS /api/Courses responded 204 in 0.0409 ms
2026-03-04 15:28:56.358 +06:00 [INF] HTTP GET /api/Courses responded 200 in 102.7980 ms
2026-03-04 15:28:56.364 +06:00 [INF] HTTP GET /api/Courses responded 200 in 108.6208 ms
2026-03-04 15:28:58.408 +06:00 [INF] HTTP OPTIONS /api/Courses/90d7ab00-c743-4253-8d9f-e69759d0be36 responded 204 in 0.0197 ms
2026-03-04 15:28:58.457 +06:00 [INF] HTTP GET /api/Courses/90d7ab00-c743-4253-8d9f-e69759d0be36 responded 200 in 42.1727 ms
2026-03-04 15:28:58.475 +06:00 [INF] HTTP OPTIONS /api/Announcements/courses/90d7ab00-c743-4253-8d9f-e69759d0be36/announcements responded 204 in 0.0273 ms
2026-03-04 15:28:58.490 +06:00 [INF] HTTP GET /api/Announcements/courses/90d7ab00-c743-4253-8d9f-e69759d0be36/announcements responded 200 in 6.1750 ms
2026-03-04 15:28:59.828 +06:00 [INF] HTTP OPTIONS /api/Materials/courses/90d7ab00-c743-4253-8d9f-e69759d0be36/materials responded 204 in 0.0239 ms
2026-03-04 15:28:59.839 +06:00 [INF] HTTP GET /api/Materials/courses/90d7ab00-c743-4253-8d9f-e69759d0be36/materials responded 200 in 3.7137 ms
2026-03-04 15:29:00.693 +06:00 [INF] HTTP OPTIONS /api/Assignments/courses/90d7ab00-c743-4253-8d9f-e69759d0be36/assignments responded 204 in 0.0215 ms
2026-03-04 15:29:00.702 +06:00 [INF] HTTP GET /api/Assignments/courses/90d7ab00-c743-4253-8d9f-e69759d0be36/assignments responded 200 in 2.1972 ms
2026-03-04 15:29:01.271 +06:00 [INF] HTTP OPTIONS /api/Attendance/courses/90d7ab00-c743-4253-8d9f-e69759d0be36/sessions responded 204 in 0.0235 ms
2026-03-04 15:29:01.271 +06:00 [INF] HTTP OPTIONS /api/Attendance/courses/90d7ab00-c743-4253-8d9f-e69759d0be36/sessions responded 204 in 0.0235 ms
2026-03-04 15:29:01.273 +06:00 [INF] HTTP OPTIONS /api/Courses/90d7ab00-c743-4253-8d9f-e69759d0be36/members responded 204 in 0.0308 ms
2026-03-04 15:29:01.283 +06:00 [INF] HTTP GET /api/Attendance/courses/90d7ab00-c743-4253-8d9f-e69759d0be36/sessions responded 200 in 3.7020 ms
2026-03-04 15:29:01.285 +06:00 [INF] HTTP GET /api/Attendance/courses/90d7ab00-c743-4253-8d9f-e69759d0be36/sessions responded 200 in 1.7068 ms
2026-03-04 15:29:01.346 +06:00 [INF] HTTP GET /api/Courses/90d7ab00-c743-4253-8d9f-e69759d0be36/members responded 200 in 63.7227 ms
2026-03-04 15:29:20.301 +06:00 [INF] HTTP OPTIONS /api/Notifications responded 204 in 0.0328 ms
2026-03-04 15:29:20.318 +06:00 [INF] HTTP GET /api/Notifications responded 200 in 4.9787 ms
2026-03-04 15:29:24.187 +06:00 [INF] HTTP OPTIONS /api/profile responded 204 in 0.0301 ms
2026-03-04 15:29:24.188 +06:00 [INF] HTTP OPTIONS /api/profile/cb1e1fdb-d34e-4816-8908-436bc28ffdf2 responded 204 in 0.0312 ms
2026-03-04 15:29:24.194 +06:00 [INF] HTTP GET /api/profile responded 200 in 2.1376 ms
2026-03-04 15:29:24.199 +06:00 [INF] HTTP GET /api/profile/cb1e1fdb-d34e-4816-8908-436bc28ffdf2 responded 200 in 5.1747 ms
2026-03-04 15:29:50.337 +06:00 [INF] HTTP OPTIONS /api/Notifications responded 204 in 0.0370 ms
2026-03-04 15:29:50.355 +06:00 [INF] HTTP GET /api/Notifications responded 200 in 3.6727 ms
2026-03-04 15:30:20.375 +06:00 [INF] HTTP OPTIONS /api/Notifications responded 204 in 0.0318 ms
2026-03-04 15:30:20.393 +06:00 [INF] HTTP GET /api/Notifications responded 200 in 3.5807 ms
2026-03-04 15:34:06.772 +06:00 [INF] HTTP OPTIONS /api/Notifications responded 204 in 0.3135 ms
2026-03-04 15:34:06.801 +06:00 [INF] HTTP GET /api/Notifications responded 200 in 17.7231 ms
2026-03-04 15:36:36.820 +06:00 [INF] HTTP OPTIONS /api/Notifications responded 204 in 0.1192 ms
2026-03-04 15:36:36.838 +06:00 [INF] HTTP GET /api/Notifications responded 200 in 5.9111 ms
2026-03-04 15:41:53.519 +06:00 [INF] HTTP OPTIONS /api/Notifications responded 204 in 0.0806 ms
2026-03-04 15:41:53.559 +06:00 [INF] HTTP GET /api/Notifications responded 200 in 23.7869 ms
2026-03-04 15:42:27.538 +06:00 [INF] HTTP OPTIONS /api/Courses responded 204 in 0.0371 ms
2026-03-04 15:42:27.538 +06:00 [INF] HTTP OPTIONS /api/Courses responded 204 in 0.0216 ms
2026-03-04 15:42:27.654 +06:00 [INF] HTTP GET /api/Courses responded 200 in 106.8415 ms
2026-03-04 15:42:27.662 +06:00 [INF] HTTP GET /api/Courses responded 200 in 113.9409 ms
2026-03-04 15:42:29.661 +06:00 [INF] HTTP OPTIONS /api/Courses/ac80d30d-540f-4a38-aa5e-22420bf183c7 responded 204 in 0.0585 ms
2026-03-04 15:42:29.719 +06:00 [INF] HTTP GET /api/Courses/ac80d30d-540f-4a38-aa5e-22420bf183c7 responded 200 in 50.5854 ms
2026-03-04 15:42:29.752 +06:00 [INF] HTTP OPTIONS /api/Announcements/courses/ac80d30d-540f-4a38-aa5e-22420bf183c7/announcements responded 204 in 0.0360 ms
2026-03-04 15:42:29.787 +06:00 [INF] HTTP GET /api/Announcements/courses/ac80d30d-540f-4a38-aa5e-22420bf183c7/announcements responded 200 in 28.6924 ms
2026-03-04 15:42:31.083 +06:00 [INF] HTTP OPTIONS /api/Attendance/courses/ac80d30d-540f-4a38-aa5e-22420bf183c7/sessions responded 204 in 0.0543 ms
2026-03-04 15:42:31.084 +06:00 [INF] HTTP OPTIONS /api/Attendance/courses/ac80d30d-540f-4a38-aa5e-22420bf183c7/sessions responded 204 in 0.0382 ms
2026-03-04 15:42:31.087 +06:00 [INF] HTTP OPTIONS /api/Courses/ac80d30d-540f-4a38-aa5e-22420bf183c7/members responded 204 in 0.0343 ms
2026-03-04 15:42:31.147 +06:00 [INF] HTTP GET /api/Attendance/courses/ac80d30d-540f-4a38-aa5e-22420bf183c7/sessions responded 200 in 55.9660 ms
2026-03-04 15:42:31.186 +06:00 [INF] HTTP GET /api/Courses/ac80d30d-540f-4a38-aa5e-22420bf183c7/members responded 200 in 90.3871 ms
2026-03-04 15:42:31.189 +06:00 [INF] HTTP GET /api/Attendance/courses/ac80d30d-540f-4a38-aa5e-22420bf183c7/sessions responded 200 in 38.9320 ms
2026-03-04 15:42:31.724 +06:00 [INF] HTTP OPTIONS /api/Materials/courses/ac80d30d-540f-4a38-aa5e-22420bf183c7/materials responded 204 in 0.0405 ms
2026-03-04 15:42:31.772 +06:00 [INF] HTTP GET /api/Materials/courses/ac80d30d-540f-4a38-aa5e-22420bf183c7/materials responded 200 in 43.4512 ms
2026-03-04 15:42:32.191 +06:00 [INF] HTTP OPTIONS /api/Assignments/courses/ac80d30d-540f-4a38-aa5e-22420bf183c7/assignments responded 204 in 0.0340 ms
2026-03-04 15:42:32.205 +06:00 [INF] HTTP GET /api/Assignments/courses/ac80d30d-540f-4a38-aa5e-22420bf183c7/assignments responded 200 in 7.5320 ms
2026-03-04 15:42:32.654 +06:00 [INF] HTTP OPTIONS /api/ct/courses/ac80d30d-540f-4a38-aa5e-22420bf183c7/events responded 204 in 0.0201 ms
2026-03-04 15:42:32.750 +06:00 [INF] HTTP GET /api/ct/courses/ac80d30d-540f-4a38-aa5e-22420bf183c7/events responded 200 in 89.5159 ms
2026-03-04 15:42:33.081 +06:00 [INF] HTTP OPTIONS /api/courses/ac80d30d-540f-4a38-aa5e-22420bf183c7/presentations responded 204 in 0.5446 ms
2026-03-04 15:42:33.148 +06:00 [INF] HTTP GET /api/courses/ac80d30d-540f-4a38-aa5e-22420bf183c7/presentations responded 200 in 57.4436 ms
2026-03-04 15:42:33.643 +06:00 [INF] HTTP OPTIONS /api/courses/ac80d30d-540f-4a38-aa5e-22420bf183c7/grading-formula responded 204 in 0.0391 ms
2026-03-04 15:42:33.644 +06:00 [INF] HTTP OPTIONS /api/courses/ac80d30d-540f-4a38-aa5e-22420bf183c7/marks responded 204 in 0.0497 ms
2026-03-04 15:42:33.670 +06:00 [INF] HTTP GET /api/courses/ac80d30d-540f-4a38-aa5e-22420bf183c7/grading-formula responded 200 in 16.0244 ms
2026-03-04 15:42:33.687 +06:00 [INF] HTTP GET /api/courses/ac80d30d-540f-4a38-aa5e-22420bf183c7/marks responded 200 in 28.9852 ms
2026-03-04 15:42:34.396 +06:00 [INF] HTTP OPTIONS /api/Courses/ac80d30d-540f-4a38-aa5e-22420bf183c7/join-requests responded 204 in 0.0308 ms
2026-03-04 15:42:34.473 +06:00 [INF] HTTP GET /api/Courses/ac80d30d-540f-4a38-aa5e-22420bf183c7/join-requests responded 200 in 68.1555 ms
2026-03-04 15:42:34.485 +06:00 [INF] HTTP GET /api/Courses/ac80d30d-540f-4a38-aa5e-22420bf183c7/members responded 200 in 89.0804 ms
2026-03-04 15:42:37.665 +06:00 [INF] HTTP OPTIONS /api/Notifications responded 204 in 0.0187 ms
2026-03-04 15:42:37.675 +06:00 [INF] HTTP GET /api/Notifications responded 200 in 2.8163 ms
2026-03-04 15:45:07.701 +06:00 [INF] HTTP OPTIONS /api/Notifications responded 204 in 0.3108 ms
2026-03-04 15:45:07.730 +06:00 [INF] HTTP GET /api/Notifications responded 200 in 17.8299 ms
2026-03-04 15:46:25.104 +06:00 [INF] HTTP OPTIONS /api/Courses responded 204 in 0.0591 ms
2026-03-04 15:46:25.105 +06:00 [INF] HTTP OPTIONS /api/Courses responded 204 in 0.0341 ms
2026-03-04 15:46:25.194 +06:00 [INF] HTTP GET /api/Courses responded 200 in 80.1069 ms
2026-03-04 15:46:25.214 +06:00 [INF] HTTP GET /api/Courses responded 200 in 74.9667 ms
2026-03-04 15:46:27.000 +06:00 [INF] HTTP OPTIONS /api/Notifications responded 204 in 0.0357 ms
2026-03-04 15:46:27.010 +06:00 [INF] HTTP GET /api/Notifications responded 200 in 2.7340 ms
2026-03-04 15:46:28.324 +06:00 [INF] HTTP OPTIONS /api/profile responded 204 in 0.0266 ms
2026-03-04 15:46:28.324 +06:00 [INF] HTTP OPTIONS /api/profile/cb1e1fdb-d34e-4816-8908-436bc28ffdf2 responded 204 in 0.0120 ms
2026-03-04 15:46:28.338 +06:00 [INF] HTTP GET /api/profile responded 200 in 4.6259 ms
2026-03-04 15:46:28.345 +06:00 [INF] HTTP GET /api/profile/cb1e1fdb-d34e-4816-8908-436bc28ffdf2 responded 200 in 10.6088 ms
2026-03-04 15:46:57.035 +06:00 [INF] HTTP OPTIONS /api/Notifications responded 204 in 0.0884 ms
2026-03-04 15:46:57.049 +06:00 [INF] HTTP GET /api/Notifications responded 200 in 2.8861 ms
2026-03-04 15:47:27.067 +06:00 [INF] HTTP OPTIONS /api/Notifications responded 204 in 0.0424 ms
2026-03-04 15:47:27.082 +06:00 [INF] HTTP GET /api/Notifications responded 200 in 6.0480 ms
2026-03-04 15:47:37.188 +06:00 [INF] HTTP OPTIONS /api/Announcements/courses/ac80d30d-540f-4a38-aa5e-22420bf183c7/announcements/0457283a-4870-412b-abba-1b6cfbda2adc/pin responded 204 in 0.0550 ms
2026-03-04 15:47:37.775 +06:00 [INF] HTTP PATCH /api/Announcements/courses/ac80d30d-540f-4a38-aa5e-22420bf183c7/announcements/0457283a-4870-412b-abba-1b6cfbda2adc/pin responded 200 in 576.4600 ms
2026-03-04 15:47:37.784 +06:00 [INF] HTTP OPTIONS /api/Announcements/courses/ac80d30d-540f-4a38-aa5e-22420bf183c7/announcements responded 204 in 0.0184 ms
2026-03-04 15:47:37.804 +06:00 [INF] HTTP GET /api/Announcements/courses/ac80d30d-540f-4a38-aa5e-22420bf183c7/announcements responded 200 in 13.0431 ms
2026-03-04 15:47:38.983 +06:00 [INF] HTTP OPTIONS /api/Announcements/courses/ac80d30d-540f-4a38-aa5e-22420bf183c7/announcements/8d6fa35a-2f07-4d6c-b973-b737c46a007d/pin responded 204 in 0.0192 ms
2026-03-04 15:47:39.042 +06:00 [INF] HTTP PATCH /api/Announcements/courses/ac80d30d-540f-4a38-aa5e-22420bf183c7/announcements/8d6fa35a-2f07-4d6c-b973-b737c46a007d/pin responded 200 in 52.6788 ms
2026-03-04 15:47:39.058 +06:00 [INF] HTTP GET /api/Announcements/courses/ac80d30d-540f-4a38-aa5e-22420bf183c7/announcements responded 200 in 7.6275 ms
2026-03-04 15:47:47.619 +06:00 [INF] HTTP OPTIONS /api/Announcements/courses/ac80d30d-540f-4a38-aa5e-22420bf183c7/announcements/0457283a-4870-412b-abba-1b6cfbda2adc responded 204 in 0.0225 ms
2026-03-04 15:47:47.702 +06:00 [INF] HTTP DELETE /api/Announcements/courses/ac80d30d-540f-4a38-aa5e-22420bf183c7/announcements/0457283a-4870-412b-abba-1b6cfbda2adc responded 200 in 76.8743 ms
2026-03-04 15:47:47.712 +06:00 [INF] HTTP OPTIONS /api/Announcements/courses/ac80d30d-540f-4a38-aa5e-22420bf183c7/announcements responded 204 in 0.0278 ms
2026-03-04 15:47:47.721 +06:00 [INF] HTTP GET /api/Announcements/courses/ac80d30d-540f-4a38-aa5e-22420bf183c7/announcements responded 200 in 3.4696 ms
2026-03-04 15:47:49.642 +06:00 [INF] HTTP OPTIONS /api/Announcements/courses/ac80d30d-540f-4a38-aa5e-22420bf183c7/announcements/a9955582-58e1-4d0a-a503-34a63dec3e4a responded 204 in 0.0415 ms
2026-03-04 15:47:49.692 +06:00 [INF] HTTP DELETE /api/Announcements/courses/ac80d30d-540f-4a38-aa5e-22420bf183c7/announcements/a9955582-58e1-4d0a-a503-34a63dec3e4a responded 200 in 42.3368 ms
2026-03-04 15:47:49.705 +06:00 [INF] HTTP GET /api/Announcements/courses/ac80d30d-540f-4a38-aa5e-22420bf183c7/announcements responded 200 in 4.7876 ms
2026-03-04 15:47:57.104 +06:00 [INF] HTTP OPTIONS /api/Notifications responded 204 in 0.0266 ms
2026-03-04 15:47:57.118 +06:00 [INF] HTTP GET /api/Notifications responded 200 in 2.1686 ms
2026-03-04 15:48:03.328 +06:00 [INF] HTTP OPTIONS /api/Announcements/courses/ac80d30d-540f-4a38-aa5e-22420bf183c7/announcements responded 204 in 0.0215 ms
2026-03-04 15:48:03.502 +06:00 [INF] HTTP POST /api/Announcements/courses/ac80d30d-540f-4a38-aa5e-22420bf183c7/announcements responded 200 in 160.2024 ms
2026-03-04 15:48:03.521 +06:00 [INF] HTTP GET /api/Announcements/courses/ac80d30d-540f-4a38-aa5e-22420bf183c7/announcements responded 200 in 8.7881 ms
2026-03-04 15:48:08.572 +06:00 [INF] HTTP OPTIONS /api/Announcements/courses/ac80d30d-540f-4a38-aa5e-22420bf183c7/announcements/8d6fa35a-2f07-4d6c-b973-b737c46a007d/pin responded 204 in 0.0406 ms
2026-03-04 15:48:08.620 +06:00 [INF] HTTP PATCH /api/Announcements/courses/ac80d30d-540f-4a38-aa5e-22420bf183c7/announcements/8d6fa35a-2f07-4d6c-b973-b737c46a007d/pin responded 200 in 38.1787 ms
2026-03-04 15:48:08.629 +06:00 [INF] HTTP OPTIONS /api/Announcements/courses/ac80d30d-540f-4a38-aa5e-22420bf183c7/announcements responded 204 in 0.0255 ms
2026-03-04 15:48:08.638 +06:00 [INF] HTTP GET /api/Announcements/courses/ac80d30d-540f-4a38-aa5e-22420bf183c7/announcements responded 200 in 4.5477 ms
2026-03-04 15:48:11.148 +06:00 [INF] HTTP PATCH /api/Announcements/courses/ac80d30d-540f-4a38-aa5e-22420bf183c7/announcements/8d6fa35a-2f07-4d6c-b973-b737c46a007d/pin responded 200 in 50.7806 ms
2026-03-04 15:48:11.162 +06:00 [INF] HTTP GET /api/Announcements/courses/ac80d30d-540f-4a38-aa5e-22420bf183c7/announcements responded 200 in 7.5215 ms
2026-03-04 15:52:16.970 +06:00 [INF] HTTP OPTIONS /api/Notifications responded 204 in 0.0399 ms
2026-03-04 15:52:16.987 +06:00 [INF] HTTP GET /api/Notifications responded 200 in 7.7545 ms
2026-03-04 15:52:20.646 +06:00 [INF] HTTP OPTIONS /api/Courses responded 204 in 0.0428 ms
2026-03-04 15:52:20.648 +06:00 [INF] HTTP OPTIONS /api/Courses responded 204 in 0.0423 ms
2026-03-04 15:52:20.694 +06:00 [INF] HTTP GET /api/Courses responded 200 in 41.0794 ms
2026-03-04 15:52:20.707 +06:00 [INF] HTTP GET /api/Courses responded 200 in 50.0594 ms
2026-03-04 16:05:26.222 +06:00 [INF] HTTP OPTIONS /api/Notifications responded 204 in 1.2841 ms
2026-03-04 16:05:26.278 +06:00 [INF] HTTP GET /api/Notifications responded 200 in 42.3406 ms
2026-03-04 16:06:56.299 +06:00 [INF] HTTP OPTIONS /api/Notifications responded 204 in 0.0803 ms
2026-03-04 16:06:56.423 +06:00 [INF] HTTP GET /api/Notifications responded 401 in 110.0013 ms
2026-03-04 16:06:56.438 +06:00 [INF] HTTP OPTIONS /api/auth/refresh responded 204 in 0.0249 ms
2026-03-04 16:06:56.702 +06:00 [INF] HTTP POST /api/auth/refresh responded 200 in 259.1498 ms
2026-03-04 16:06:56.732 +06:00 [INF] HTTP GET /api/Notifications responded 200 in 2.0436 ms
2026-03-04 16:07:26.754 +06:00 [INF] HTTP OPTIONS /api/Notifications responded 204 in 0.0390 ms
2026-03-04 16:07:26.774 +06:00 [INF] HTTP GET /api/Notifications responded 200 in 4.9987 ms
2026-03-04 16:07:56.792 +06:00 [INF] HTTP OPTIONS /api/Notifications responded 204 in 0.0421 ms
2026-03-04 16:07:56.809 +06:00 [INF] HTTP GET /api/Notifications responded 200 in 3.9024 ms
2026-03-04 16:08:26.822 +06:00 [INF] HTTP OPTIONS /api/Notifications responded 204 in 0.0349 ms
2026-03-04 16:08:26.835 +06:00 [INF] HTTP GET /api/Notifications responded 200 in 4.4069 ms
2026-03-04 16:08:48.580 +06:00 [INF] HTTP OPTIONS /api/Courses responded 204 in 0.0368 ms
2026-03-04 16:08:48.584 +06:00 [INF] HTTP OPTIONS /api/Courses responded 204 in 0.0316 ms
2026-03-04 16:08:48.663 +06:00 [INF] HTTP GET /api/Courses responded 200 in 66.2930 ms
2026-03-04 16:08:48.670 +06:00 [INF] HTTP GET /api/Courses responded 200 in 72.8909 ms
2026-03-04 16:08:56.852 +06:00 [INF] HTTP OPTIONS /api/Notifications responded 204 in 0.0464 ms
2026-03-04 16:08:56.867 +06:00 [INF] HTTP GET /api/Notifications responded 200 in 4.9172 ms
2026-03-04 16:09:26.885 +06:00 [INF] HTTP OPTIONS /api/Notifications responded 204 in 0.0412 ms
2026-03-04 16:09:26.901 +06:00 [INF] HTTP GET /api/Notifications responded 200 in 5.7960 ms
2026-03-04 16:09:37.768 +06:00 [INF] HTTP OPTIONS /api/Courses/ac80d30d-540f-4a38-aa5e-22420bf183c7 responded 204 in 0.0382 ms
2026-03-04 16:09:37.849 +06:00 [INF] HTTP GET /api/Courses/ac80d30d-540f-4a38-aa5e-22420bf183c7 responded 200 in 72.5534 ms
2026-03-04 16:09:37.878 +06:00 [INF] HTTP OPTIONS /api/Announcements/courses/ac80d30d-540f-4a38-aa5e-22420bf183c7/announcements responded 204 in 0.0277 ms
2026-03-04 16:09:37.905 +06:00 [INF] HTTP GET /api/Announcements/courses/ac80d30d-540f-4a38-aa5e-22420bf183c7/announcements responded 200 in 12.3700 ms
2026-03-04 16:09:56.930 +06:00 [INF] HTTP OPTIONS /api/Notifications responded 204 in 0.0333 ms
2026-03-04 16:09:56.952 +06:00 [INF] HTTP GET /api/Notifications responded 200 in 4.8962 ms
2026-03-04 16:10:25.159 +06:00 [INF] HTTP OPTIONS /api/Courses responded 204 in 0.1255 ms
2026-03-04 16:10:25.588 +06:00 [INF] HTTP POST /api/Courses responded 200 in 413.6042 ms
2026-03-04 16:10:25.609 +06:00 [INF] HTTP OPTIONS /api/Courses responded 204 in 0.1292 ms
2026-03-04 16:10:25.706 +06:00 [INF] HTTP GET /api/Courses responded 200 in 80.5512 ms
2026-03-04 16:10:25.725 +06:00 [INF] HTTP GET /api/Courses responded 200 in 111.2483 ms
2026-03-04 16:10:26.969 +06:00 [INF] HTTP OPTIONS /api/Notifications responded 204 in 0.0355 ms
2026-03-04 16:10:26.987 +06:00 [INF] HTTP GET /api/Notifications responded 200 in 3.6846 ms
2026-03-04 16:10:30.825 +06:00 [INF] HTTP OPTIONS /api/Courses/4a04c797-2999-4459-960e-e5d8d5493d9e responded 204 in 0.0443 ms
2026-03-04 16:10:30.898 +06:00 [INF] HTTP GET /api/Courses/4a04c797-2999-4459-960e-e5d8d5493d9e responded 200 in 62.6091 ms
2026-03-04 16:10:30.931 +06:00 [INF] HTTP OPTIONS /api/Announcements/courses/4a04c797-2999-4459-960e-e5d8d5493d9e/announcements responded 204 in 0.0497 ms
2026-03-04 16:10:30.944 +06:00 [INF] HTTP GET /api/Announcements/courses/4a04c797-2999-4459-960e-e5d8d5493d9e/announcements responded 200 in 3.7126 ms
2026-03-04 16:10:38.258 +06:00 [INF] HTTP OPTIONS /api/auth/logout responded 204 in 0.0661 ms
2026-03-04 16:10:38.376 +06:00 [INF] HTTP POST /api/auth/logout responded 200 in 103.3640 ms
2026-03-04 16:10:50.730 +06:00 [INF] HTTP OPTIONS /api/auth/login responded 204 in 0.0705 ms
2026-03-04 16:10:51.434 +06:00 [INF] HTTP POST /api/auth/login responded 200 in 684.6908 ms
2026-03-04 16:10:51.583 +06:00 [INF] HTTP OPTIONS /api/Notifications responded 204 in 0.0301 ms
2026-03-04 16:10:51.584 +06:00 [INF] HTTP OPTIONS /api/Courses responded 204 in 0.0423 ms
2026-03-04 16:10:51.768 +06:00 [INF] HTTP GET /api/Notifications responded 200 in 174.0540 ms
2026-03-04 16:10:51.943 +06:00 [INF] HTTP GET /api/Courses responded 200 in 347.7525 ms
2026-03-04 16:11:20.308 +06:00 [INF] HTTP OPTIONS /api/profile responded 204 in 0.0661 ms
2026-03-04 16:11:20.309 +06:00 [INF] HTTP OPTIONS /api/profile/ce940930-d1d7-483d-aa98-6a81f0507a7a responded 204 in 0.0423 ms
2026-03-04 16:11:20.330 +06:00 [INF] HTTP GET /api/profile responded 200 in 7.2627 ms
2026-03-04 16:11:20.489 +06:00 [INF] HTTP GET /api/profile/ce940930-d1d7-483d-aa98-6a81f0507a7a responded 200 in 166.0130 ms
2026-03-04 16:11:21.800 +06:00 [INF] HTTP OPTIONS /api/Notifications responded 204 in 0.0412 ms
2026-03-04 16:11:21.815 +06:00 [INF] HTTP GET /api/Notifications responded 200 in 6.0181 ms
2026-03-04 16:11:51.841 +06:00 [INF] HTTP OPTIONS /api/Notifications responded 204 in 0.0763 ms
2026-03-04 16:11:51.868 +06:00 [INF] HTTP GET /api/Notifications responded 200 in 6.7472 ms
2026-03-04 16:12:21.890 +06:00 [INF] HTTP OPTIONS /api/Notifications responded 204 in 0.0656 ms
2026-03-04 16:12:21.910 +06:00 [INF] HTTP GET /api/Notifications responded 200 in 6.3281 ms
2026-03-04 16:12:51.939 +06:00 [INF] HTTP OPTIONS /api/Notifications responded 204 in 0.0492 ms
2026-03-04 16:12:51.963 +06:00 [INF] HTTP GET /api/Notifications responded 200 in 4.4839 ms
2026-03-04 16:13:21.981 +06:00 [INF] HTTP OPTIONS /api/Notifications responded 204 in 0.0485 ms
2026-03-04 16:13:22.001 +06:00 [INF] HTTP GET /api/Notifications responded 200 in 5.5979 ms
2026-03-04 16:13:33.592 +06:00 [INF] HTTP OPTIONS /api/Courses/ac80d30d-540f-4a38-aa5e-22420bf183c7/members responded 204 in 0.0391 ms
2026-03-04 16:13:33.719 +06:00 [INF] HTTP GET /api/Courses/ac80d30d-540f-4a38-aa5e-22420bf183c7/members responded 200 in 115.3032 ms
2026-03-04 16:13:36.867 +06:00 [INF] HTTP OPTIONS /api/Courses responded 204 in 0.0696 ms
2026-03-04 16:13:36.870 +06:00 [INF] HTTP OPTIONS /api/Courses responded 204 in 0.0378 ms
2026-03-04 16:13:36.935 +06:00 [INF] HTTP GET /api/Courses responded 200 in 58.6478 ms
2026-03-04 16:13:36.948 +06:00 [INF] HTTP GET /api/Courses responded 200 in 67.2356 ms
2026-03-04 16:13:45.960 +06:00 [INF] HTTP OPTIONS /api/Courses/4a04c797-2999-4459-960e-e5d8d5493d9e/join responded 204 in 0.1107 ms
2026-03-04 16:13:46.443 +06:00 [INF] HTTP POST /api/Courses/4a04c797-2999-4459-960e-e5d8d5493d9e/join responded 200 in 473.6618 ms
2026-03-04 16:13:46.459 +06:00 [INF] HTTP OPTIONS /api/Courses responded 204 in 0.0318 ms
2026-03-04 16:13:46.460 +06:00 [INF] HTTP OPTIONS /api/Courses responded 204 in 0.0265 ms
2026-03-04 16:13:46.533 +06:00 [INF] HTTP GET /api/Courses responded 200 in 53.5053 ms
2026-03-04 16:13:46.550 +06:00 [INF] HTTP GET /api/Courses responded 200 in 76.2490 ms
2026-03-04 16:13:49.162 +06:00 [INF] HTTP OPTIONS /api/auth/logout responded 204 in 0.0366 ms
2026-03-04 16:13:49.256 +06:00 [INF] HTTP POST /api/auth/logout responded 200 in 85.9163 ms
2026-03-04 16:14:03.635 +06:00 [INF] HTTP OPTIONS /api/auth/login responded 204 in 0.0435 ms
2026-03-04 16:14:04.227 +06:00 [INF] HTTP POST /api/auth/login responded 200 in 574.3451 ms
2026-03-04 16:14:04.341 +06:00 [INF] HTTP OPTIONS /api/Notifications responded 204 in 0.1014 ms
2026-03-04 16:14:04.341 +06:00 [INF] HTTP OPTIONS /api/Courses responded 204 in 0.0289 ms
2026-03-04 16:14:04.355 +06:00 [INF] HTTP GET /api/Notifications responded 200 in 5.4053 ms
2026-03-04 16:14:04.425 +06:00 [INF] HTTP GET /api/Courses responded 200 in 68.2828 ms
2026-03-04 16:14:16.123 +06:00 [INF] HTTP OPTIONS /api/Notifications/read-all responded 204 in 0.0581 ms
2026-03-04 16:14:16.257 +06:00 [INF] HTTP PATCH /api/Notifications/read-all responded 200 in 82.3138 ms
2026-03-04 16:14:16.268 +06:00 [INF] HTTP OPTIONS /api/Notifications responded 204 in 0.0330 ms
2026-03-04 16:14:16.286 +06:00 [INF] HTTP GET /api/Notifications responded 200 in 4.1129 ms
2026-03-04 16:14:17.690 +06:00 [INF] HTTP OPTIONS /api/Courses/4a04c797-2999-4459-960e-e5d8d5493d9e/members responded 204 in 0.0228 ms
2026-03-04 16:14:17.691 +06:00 [INF] HTTP OPTIONS /api/Courses/4a04c797-2999-4459-960e-e5d8d5493d9e/join-requests responded 204 in 0.0576 ms
2026-03-04 16:14:17.830 +06:00 [INF] HTTP GET /api/Courses/4a04c797-2999-4459-960e-e5d8d5493d9e/members responded 200 in 130.0597 ms
2026-03-04 16:14:17.835 +06:00 [INF] HTTP GET /api/Courses/4a04c797-2999-4459-960e-e5d8d5493d9e/join-requests responded 200 in 96.1225 ms
2026-03-04 16:14:22.638 +06:00 [INF] HTTP OPTIONS /api/Courses/4a04c797-2999-4459-960e-e5d8d5493d9e/join-requests/0cb8307f-3ddc-4b12-8a6a-5190dc538436/review responded 204 in 0.0574 ms
2026-03-04 16:14:22.870 +06:00 [INF] HTTP POST /api/Courses/4a04c797-2999-4459-960e-e5d8d5493d9e/join-requests/0cb8307f-3ddc-4b12-8a6a-5190dc538436/review responded 200 in 221.1370 ms
2026-03-04 16:14:22.884 +06:00 [INF] HTTP OPTIONS /api/Courses/4a04c797-2999-4459-960e-e5d8d5493d9e/join-requests responded 204 in 0.0396 ms
2026-03-04 16:14:22.885 +06:00 [INF] HTTP OPTIONS /api/Courses/4a04c797-2999-4459-960e-e5d8d5493d9e/members responded 204 in 0.0216 ms
2026-03-04 16:14:22.933 +06:00 [INF] HTTP GET /api/Courses/4a04c797-2999-4459-960e-e5d8d5493d9e/join-requests responded 200 in 36.8217 ms
2026-03-04 16:14:22.978 +06:00 [INF] HTTP GET /api/Courses/4a04c797-2999-4459-960e-e5d8d5493d9e/members responded 200 in 70.2443 ms
2026-03-04 16:14:26.195 +06:00 [INF] HTTP OPTIONS /api/profile/cb1e1fdb-d34e-4816-8908-436bc28ffdf2 responded 204 in 0.0284 ms
2026-03-04 16:14:26.226 +06:00 [INF] HTTP GET /api/profile/cb1e1fdb-d34e-4816-8908-436bc28ffdf2 responded 200 in 17.4190 ms
2026-03-04 16:14:46.304 +06:00 [INF] HTTP OPTIONS /api/Notifications responded 204 in 0.0734 ms
2026-03-04 16:14:46.327 +06:00 [INF] HTTP GET /api/Notifications responded 200 in 4.2985 ms
2026-03-04 16:15:00.114 +06:00 [INF] HTTP OPTIONS /api/Courses responded 204 in 0.0417 ms
2026-03-04 16:15:00.173 +06:00 [INF] HTTP GET /api/Courses responded 200 in 51.2494 ms
2026-03-04 16:15:16.364 +06:00 [INF] HTTP OPTIONS /api/Notifications responded 204 in 0.0446 ms
2026-03-04 16:15:16.382 +06:00 [INF] HTTP GET /api/Notifications responded 200 in 5.4607 ms
2026-03-04 16:15:18.907 +06:00 [INF] HTTP OPTIONS /api/Announcements/courses/4a04c797-2999-4459-960e-e5d8d5493d9e/announcements responded 204 in 0.0221 ms
2026-03-04 16:15:20.703 +06:00 [INF] HTTP POST /api/Announcements/courses/4a04c797-2999-4459-960e-e5d8d5493d9e/announcements responded 200 in 1784.2202 ms
2026-03-04 16:15:20.727 +06:00 [INF] HTTP GET /api/Announcements/courses/4a04c797-2999-4459-960e-e5d8d5493d9e/announcements responded 200 in 9.1169 ms
2026-03-04 16:15:46.405 +06:00 [INF] HTTP OPTIONS /api/Notifications responded 204 in 0.0312 ms
2026-03-04 16:15:46.421 +06:00 [INF] HTTP GET /api/Notifications responded 200 in 4.2608 ms
2026-03-04 16:15:59.988 +06:00 [INF] HTTP OPTIONS /api/Announcements/courses/4a04c797-2999-4459-960e-e5d8d5493d9e/announcements responded 204 in 0.0286 ms
2026-03-04 16:16:00.134 +06:00 [INF] HTTP POST /api/Announcements/courses/4a04c797-2999-4459-960e-e5d8d5493d9e/announcements responded 200 in 139.5555 ms
2026-03-04 16:16:00.161 +06:00 [INF] HTTP GET /api/Announcements/courses/4a04c797-2999-4459-960e-e5d8d5493d9e/announcements responded 200 in 11.3688 ms
2026-03-04 16:16:06.242 +06:00 [INF] HTTP OPTIONS /api/Announcements/courses/4a04c797-2999-4459-960e-e5d8d5493d9e/announcements/9adef936-76eb-4972-8568-6752f7060840/pin responded 204 in 0.0207 ms
2026-03-04 16:16:06.365 +06:00 [INF] HTTP PATCH /api/Announcements/courses/4a04c797-2999-4459-960e-e5d8d5493d9e/announcements/9adef936-76eb-4972-8568-6752f7060840/pin responded 200 in 112.9338 ms
2026-03-04 16:16:06.378 +06:00 [INF] HTTP OPTIONS /api/Announcements/courses/4a04c797-2999-4459-960e-e5d8d5493d9e/announcements responded 204 in 0.0340 ms
2026-03-04 16:16:06.401 +06:00 [INF] HTTP GET /api/Announcements/courses/4a04c797-2999-4459-960e-e5d8d5493d9e/announcements responded 200 in 10.8868 ms
2026-03-04 16:16:09.026 +06:00 [INF] HTTP OPTIONS /api/Attendance/courses/4a04c797-2999-4459-960e-e5d8d5493d9e/sessions responded 204 in 0.0374 ms
2026-03-04 16:16:09.037 +06:00 [INF] HTTP OPTIONS /api/Attendance/courses/4a04c797-2999-4459-960e-e5d8d5493d9e/sessions responded 204 in 0.0819 ms
2026-03-04 16:16:09.038 +06:00 [INF] HTTP OPTIONS /api/Courses/4a04c797-2999-4459-960e-e5d8d5493d9e/members responded 204 in 0.0334 ms
2026-03-04 16:16:09.052 +06:00 [INF] HTTP GET /api/Attendance/courses/4a04c797-2999-4459-960e-e5d8d5493d9e/sessions responded 200 in 10.4949 ms
2026-03-04 16:16:09.059 +06:00 [INF] HTTP GET /api/Attendance/courses/4a04c797-2999-4459-960e-e5d8d5493d9e/sessions responded 200 in 5.0257 ms
2026-03-04 16:16:09.164 +06:00 [INF] HTTP GET /api/Courses/4a04c797-2999-4459-960e-e5d8d5493d9e/members responded 200 in 112.0370 ms
2026-03-04 16:16:16.443 +06:00 [INF] HTTP OPTIONS /api/Notifications responded 204 in 0.0457 ms
2026-03-04 16:16:16.466 +06:00 [INF] HTTP GET /api/Notifications responded 200 in 4.6705 ms
2026-03-04 16:16:17.189 +06:00 [INF] HTTP OPTIONS /api/Attendance/courses/4a04c797-2999-4459-960e-e5d8d5493d9e/sessions responded 204 in 0.1846 ms
2026-03-04 16:16:17.642 +06:00 [INF] HTTP POST /api/Attendance/courses/4a04c797-2999-4459-960e-e5d8d5493d9e/sessions responded 200 in 434.2343 ms
2026-03-04 16:16:17.686 +06:00 [INF] HTTP GET /api/Attendance/courses/4a04c797-2999-4459-960e-e5d8d5493d9e/sessions responded 200 in 15.5154 ms
2026-03-04 16:16:17.709 +06:00 [INF] HTTP GET /api/Attendance/courses/4a04c797-2999-4459-960e-e5d8d5493d9e/sessions responded 200 in 18.4506 ms
2026-03-04 16:16:46.484 +06:00 [INF] HTTP OPTIONS /api/Notifications responded 204 in 0.0558 ms
2026-03-04 16:16:46.499 +06:00 [INF] HTTP GET /api/Notifications responded 200 in 6.2763 ms
2026-03-04 16:16:57.530 +06:00 [INF] HTTP OPTIONS /api/Materials/courses/4a04c797-2999-4459-960e-e5d8d5493d9e/materials responded 204 in 0.0550 ms
2026-03-04 16:16:57.550 +06:00 [INF] HTTP GET /api/Materials/courses/4a04c797-2999-4459-960e-e5d8d5493d9e/materials responded 200 in 10.0411 ms
2026-03-04 16:17:16.520 +06:00 [INF] HTTP OPTIONS /api/Notifications responded 204 in 0.2261 ms
2026-03-04 16:17:16.543 +06:00 [INF] HTTP GET /api/Notifications responded 200 in 4.5199 ms
2026-03-04 16:18:11.929 +06:00 [INF] HTTP OPTIONS /api/Materials/courses/4a04c797-2999-4459-960e-e5d8d5493d9e/materials responded 204 in 0.0996 ms
2026-03-04 16:18:12.216 +06:00 [INF] HTTP POST /api/Materials/courses/4a04c797-2999-4459-960e-e5d8d5493d9e/materials responded 200 in 269.6116 ms
2026-03-04 16:18:12.252 +06:00 [INF] HTTP GET /api/Materials/courses/4a04c797-2999-4459-960e-e5d8d5493d9e/materials responded 200 in 16.4391 ms
2026-03-04 16:18:16.565 +06:00 [INF] HTTP OPTIONS /api/Notifications responded 204 in 0.0564 ms
2026-03-04 16:18:16.581 +06:00 [INF] HTTP GET /api/Notifications responded 200 in 4.2639 ms
2026-03-04 16:18:20.003 +06:00 [INF] HTTP OPTIONS /api/Assignments/courses/4a04c797-2999-4459-960e-e5d8d5493d9e/assignments responded 204 in 0.0352 ms
2026-03-04 16:18:20.020 +06:00 [INF] HTTP GET /api/Assignments/courses/4a04c797-2999-4459-960e-e5d8d5493d9e/assignments responded 200 in 6.8103 ms
2026-03-04 16:18:33.109 +06:00 [INF] HTTP OPTIONS /api/Assignments/courses/4a04c797-2999-4459-960e-e5d8d5493d9e/assignments responded 204 in 0.0540 ms
2026-03-04 16:18:33.550 +06:00 [INF] HTTP POST /api/Assignments/courses/4a04c797-2999-4459-960e-e5d8d5493d9e/assignments responded 200 in 423.5395 ms
2026-03-04 16:18:33.660 +06:00 [INF] HTTP GET /api/Assignments/courses/4a04c797-2999-4459-960e-e5d8d5493d9e/assignments responded 200 in 86.8824 ms
2026-03-04 16:18:40.246 +06:00 [INF] HTTP OPTIONS /api/ct/courses/4a04c797-2999-4459-960e-e5d8d5493d9e/events responded 204 in 0.0241 ms
2026-03-04 16:18:40.354 +06:00 [INF] HTTP GET /api/ct/courses/4a04c797-2999-4459-960e-e5d8d5493d9e/events responded 200 in 101.5104 ms
2026-03-04 16:18:46.504 +06:00 [INF] HTTP OPTIONS /api/ct/courses/4a04c797-2999-4459-960e-e5d8d5493d9e/events responded 204 in 0.0310 ms
2026-03-04 16:18:46.605 +06:00 [INF] HTTP OPTIONS /api/Notifications responded 204 in 0.0347 ms
2026-03-04 16:18:46.636 +06:00 [INF] HTTP GET /api/Notifications responded 200 in 13.0963 ms
2026-03-04 16:18:46.867 +06:00 [INF] HTTP POST /api/ct/courses/4a04c797-2999-4459-960e-e5d8d5493d9e/events responded 200 in 349.9385 ms
2026-03-04 16:18:46.931 +06:00 [INF] HTTP GET /api/ct/courses/4a04c797-2999-4459-960e-e5d8d5493d9e/events responded 200 in 43.7450 ms
2026-03-04 16:18:50.248 +06:00 [INF] HTTP OPTIONS /api/ct/events/8d402b93-8146-4420-b229-19ccbce4934b/marks responded 204 in 0.0498 ms
2026-03-04 16:18:50.478 +06:00 [INF] HTTP GET /api/ct/events/8d402b93-8146-4420-b229-19ccbce4934b/marks responded 200 in 217.6496 ms
2026-03-04 16:19:09.216 +06:00 [INF] HTTP OPTIONS /api/ct/events/8d402b93-8146-4420-b229-19ccbce4934b/upload-khata responded 204 in 0.0515 ms
2026-03-04 16:19:14.599 +06:00 [INF] HTTP POST /api/ct/events/8d402b93-8146-4420-b229-19ccbce4934b/upload-khata responded 200 in 5373.2026 ms
2026-03-04 16:19:14.614 +06:00 [INF] HTTP OPTIONS /api/ct/events/8d402b93-8146-4420-b229-19ccbce4934b/marks responded 204 in 0.0989 ms
2026-03-04 16:19:14.615 +06:00 [INF] HTTP OPTIONS /api/ct/courses/4a04c797-2999-4459-960e-e5d8d5493d9e/events responded 204 in 0.0159 ms
2026-03-04 16:19:14.707 +06:00 [INF] HTTP GET /api/ct/courses/4a04c797-2999-4459-960e-e5d8d5493d9e/events responded 200 in 75.0473 ms
2026-03-04 16:19:14.707 +06:00 [INF] HTTP GET /api/ct/events/8d402b93-8146-4420-b229-19ccbce4934b/marks responded 200 in 80.2979 ms
2026-03-04 16:19:16.665 +06:00 [INF] HTTP OPTIONS /api/Notifications responded 204 in 0.0438 ms
2026-03-04 16:19:16.682 +06:00 [INF] HTTP GET /api/Notifications responded 200 in 4.4701 ms
2026-03-04 16:19:32.887 +06:00 [INF] HTTP OPTIONS /api/Courses/4a04c797-2999-4459-960e-e5d8d5493d9e responded 204 in 0.0355 ms
2026-03-04 16:19:33.012 +06:00 [INF] HTTP GET /api/Courses/4a04c797-2999-4459-960e-e5d8d5493d9e responded 200 in 115.2367 ms
2026-03-04 16:19:35.194 +06:00 [INF] HTTP OPTIONS /api/ct/events/8d402b93-8146-4420-b229-19ccbce4934b/publish responded 204 in 0.0389 ms
2026-03-04 16:19:35.316 +06:00 [INF] HTTP POST /api/ct/events/8d402b93-8146-4420-b229-19ccbce4934b/publish responded 200 in 109.5099 ms
2026-03-04 16:19:35.330 +06:00 [INF] HTTP OPTIONS /api/ct/courses/4a04c797-2999-4459-960e-e5d8d5493d9e/events responded 204 in 0.0315 ms
2026-03-04 16:19:35.380 +06:00 [INF] HTTP GET /api/ct/courses/4a04c797-2999-4459-960e-e5d8d5493d9e/events responded 200 in 32.1414 ms
2026-03-04 16:19:45.142 +06:00 [INF] HTTP OPTIONS /api/ct/events/8d402b93-8146-4420-b229-19ccbce4934b/unpublish responded 204 in 0.0870 ms
2026-03-04 16:19:45.300 +06:00 [INF] HTTP POST /api/ct/events/8d402b93-8146-4420-b229-19ccbce4934b/unpublish responded 200 in 143.1812 ms
2026-03-04 16:19:45.316 +06:00 [INF] HTTP OPTIONS /api/ct/courses/4a04c797-2999-4459-960e-e5d8d5493d9e/events responded 204 in 0.0321 ms
2026-03-04 16:19:45.352 +06:00 [INF] HTTP GET /api/ct/courses/4a04c797-2999-4459-960e-e5d8d5493d9e/events responded 200 in 26.4532 ms
2026-03-04 16:19:46.702 +06:00 [INF] HTTP OPTIONS /api/Notifications responded 204 in 0.0331 ms
2026-03-04 16:19:46.797 +06:00 [INF] HTTP GET /api/Notifications responded 200 in 4.5026 ms
2026-03-04 16:19:53.106 +06:00 [INF] HTTP OPTIONS /api/ct/events/8d402b93-8146-4420-b229-19ccbce4934b/grade responded 204 in 0.0388 ms
2026-03-04 16:19:53.475 +06:00 [INF] HTTP POST /api/ct/events/8d402b93-8146-4420-b229-19ccbce4934b/grade responded 200 in 355.5131 ms
2026-03-04 16:19:53.491 +06:00 [INF] HTTP OPTIONS /api/ct/events/8d402b93-8146-4420-b229-19ccbce4934b/marks responded 204 in 0.0422 ms
2026-03-04 16:19:53.562 +06:00 [INF] HTTP GET /api/ct/events/8d402b93-8146-4420-b229-19ccbce4934b/marks responded 200 in 58.7052 ms
2026-03-04 16:19:56.001 +06:00 [INF] HTTP OPTIONS /api/auth/logout responded 204 in 0.0801 ms
2026-03-04 16:19:56.079 +06:00 [INF] HTTP POST /api/auth/logout responded 200 in 70.3345 ms
2026-03-04 16:20:11.928 +06:00 [INF] HTTP OPTIONS /api/auth/login responded 204 in 0.0891 ms
2026-03-04 16:20:12.449 +06:00 [INF] HTTP POST /api/auth/login responded 200 in 511.7186 ms
2026-03-04 16:20:12.519 +06:00 [INF] HTTP OPTIONS /api/Notifications responded 204 in 0.0417 ms
2026-03-04 16:20:12.520 +06:00 [INF] HTTP OPTIONS /api/Courses responded 204 in 0.0235 ms
2026-03-04 16:20:12.524 +06:00 [INF] HTTP OPTIONS /api/Courses responded 204 in 0.0999 ms
2026-03-04 16:20:12.534 +06:00 [INF] HTTP GET /api/Notifications responded 200 in 5.1025 ms
2026-03-04 16:20:12.583 +06:00 [INF] HTTP GET /api/Courses responded 200 in 52.0678 ms
2026-03-04 16:20:12.594 +06:00 [INF] HTTP GET /api/Courses responded 200 in 56.3556 ms
2026-03-04 16:20:36.559 +06:00 [INF] HTTP OPTIONS /api/Notifications/read-all responded 204 in 0.0874 ms
2026-03-04 16:20:36.633 +06:00 [INF] HTTP PATCH /api/Notifications/read-all responded 200 in 56.9948 ms
2026-03-04 16:20:36.651 +06:00 [INF] HTTP OPTIONS /api/Notifications responded 204 in 0.0313 ms
2026-03-04 16:20:36.676 +06:00 [INF] HTTP GET /api/Notifications responded 200 in 3.8466 ms
2026-03-04 16:20:41.735 +06:00 [INF] HTTP OPTIONS /api/Courses/4a04c797-2999-4459-960e-e5d8d5493d9e/members responded 204 in 0.0277 ms
2026-03-04 16:20:41.875 +06:00 [INF] HTTP GET /api/Courses/4a04c797-2999-4459-960e-e5d8d5493d9e/members responded 200 in 124.3464 ms
2026-03-04 16:21:06.708 +06:00 [INF] HTTP OPTIONS /api/Notifications responded 204 in 0.0648 ms
2026-03-04 16:21:06.724 +06:00 [INF] HTTP GET /api/Notifications responded 200 in 5.8866 ms
2026-03-04 16:21:08.225 +06:00 [INF] HTTP OPTIONS /api/Announcements/courses/4a04c797-2999-4459-960e-e5d8d5493d9e/announcements responded 204 in 0.0436 ms
2026-03-04 16:21:08.266 +06:00 [INF] HTTP GET /api/Announcements/courses/4a04c797-2999-4459-960e-e5d8d5493d9e/announcements responded 200 in 10.6844 ms
2026-03-04 16:21:11.276 +06:00 [INF] HTTP OPTIONS /api/Courses/ac80d30d-540f-4a38-aa5e-22420bf183c7 responded 204 in 0.0623 ms
2026-03-04 16:21:11.356 +06:00 [INF] HTTP GET /api/Courses/ac80d30d-540f-4a38-aa5e-22420bf183c7 responded 200 in 69.7487 ms
2026-03-04 16:21:11.371 +06:00 [INF] HTTP OPTIONS /api/Courses/ac80d30d-540f-4a38-aa5e-22420bf183c7/members responded 204 in 0.0432 ms
2026-03-04 16:21:11.447 +06:00 [INF] HTTP GET /api/Courses/ac80d30d-540f-4a38-aa5e-22420bf183c7/members responded 200 in 57.5848 ms
2026-03-04 16:21:11.481 +06:00 [INF] HTTP OPTIONS /api/Announcements/courses/ac80d30d-540f-4a38-aa5e-22420bf183c7/announcements responded 204 in 0.0829 ms
2026-03-04 16:21:11.504 +06:00 [INF] HTTP GET /api/Announcements/courses/ac80d30d-540f-4a38-aa5e-22420bf183c7/announcements responded 200 in 9.8801 ms
2026-03-04 16:21:13.102 +06:00 [INF] HTTP OPTIONS /api/ct/courses/ac80d30d-540f-4a38-aa5e-22420bf183c7/events responded 204 in 0.0677 ms
2026-03-04 16:21:13.212 +06:00 [INF] HTTP GET /api/ct/courses/ac80d30d-540f-4a38-aa5e-22420bf183c7/events responded 200 in 87.0908 ms
2026-03-04 16:21:14.485 +06:00 [INF] HTTP OPTIONS /api/courses/ac80d30d-540f-4a38-aa5e-22420bf183c7/presentations responded 204 in 0.0304 ms
2026-03-04 16:21:14.486 +06:00 [INF] HTTP OPTIONS /api/Attendance/courses/ac80d30d-540f-4a38-aa5e-22420bf183c7/sessions responded 204 in 0.1485 ms
2026-03-04 16:21:14.555 +06:00 [INF] HTTP GET /api/Attendance/courses/ac80d30d-540f-4a38-aa5e-22420bf183c7/sessions responded 200 in 55.8914 ms
2026-03-04 16:21:14.619 +06:00 [INF] HTTP GET /api/Courses/ac80d30d-540f-4a38-aa5e-22420bf183c7/members responded 200 in 132.1220 ms
2026-03-04 16:21:14.667 +06:00 [INF] HTTP GET /api/courses/ac80d30d-540f-4a38-aa5e-22420bf183c7/presentations responded 200 in 172.0899 ms
2026-03-04 16:21:14.921 +06:00 [INF] HTTP OPTIONS /api/courses/ac80d30d-540f-4a38-aa5e-22420bf183c7/grading-formula responded 204 in 0.0356 ms
2026-03-04 16:21:14.922 +06:00 [INF] HTTP OPTIONS /api/courses/ac80d30d-540f-4a38-aa5e-22420bf183c7/marks responded 204 in 0.0325 ms
2026-03-04 16:21:14.950 +06:00 [INF] HTTP GET /api/courses/ac80d30d-540f-4a38-aa5e-22420bf183c7/grading-formula responded 200 in 20.0580 ms
2026-03-04 16:21:14.979 +06:00 [INF] HTTP GET /api/courses/ac80d30d-540f-4a38-aa5e-22420bf183c7/marks responded 200 in 44.3555 ms
2026-03-04 16:21:34.333 +06:00 [INF] HTTP OPTIONS /api/Courses responded 204 in 0.0320 ms
2026-03-04 16:21:34.333 +06:00 [INF] HTTP OPTIONS /api/Courses responded 204 in 0.0181 ms
2026-03-04 16:21:34.436 +06:00 [INF] HTTP GET /api/Courses responded 200 in 57.3728 ms
2026-03-04 16:21:34.443 +06:00 [INF] HTTP GET /api/Courses responded 200 in 60.5159 ms
2026-03-04 16:21:36.750 +06:00 [INF] HTTP OPTIONS /api/Notifications responded 204 in 0.0439 ms
2026-03-04 16:21:36.767 +06:00 [INF] HTTP GET /api/Notifications responded 200 in 4.8638 ms
2026-03-04 16:21:46.291 +06:00 [INF] HTTP OPTIONS /api/courses/4a04c797-2999-4459-960e-e5d8d5493d9e/grading-formula responded 204 in 0.0369 ms
2026-03-04 16:21:46.291 +06:00 [INF] HTTP OPTIONS /api/courses/4a04c797-2999-4459-960e-e5d8d5493d9e/marks responded 204 in 0.0152 ms
2026-03-04 16:21:46.306 +06:00 [INF] HTTP GET /api/courses/4a04c797-2999-4459-960e-e5d8d5493d9e/grading-formula responded 200 in 4.8841 ms
2026-03-04 16:21:46.378 +06:00 [INF] HTTP GET /api/courses/4a04c797-2999-4459-960e-e5d8d5493d9e/marks responded 200 in 72.5287 ms
2026-03-04 16:22:01.291 +06:00 [INF] HTTP OPTIONS /api/Attendance/courses/ac80d30d-540f-4a38-aa5e-22420bf183c7/summary responded 204 in 0.0292 ms
2026-03-04 16:22:01.292 +06:00 [INF] HTTP OPTIONS /api/Attendance/courses/ac80d30d-540f-4a38-aa5e-22420bf183c7/sessions responded 204 in 0.0266 ms
2026-03-04 16:22:01.349 +06:00 [INF] HTTP GET /api/Attendance/courses/ac80d30d-540f-4a38-aa5e-22420bf183c7/sessions responded 200 in 40.2499 ms
2026-03-04 16:22:01.443 +06:00 [INF] HTTP GET /api/Attendance/courses/ac80d30d-540f-4a38-aa5e-22420bf183c7/summary responded 200 in 142.3372 ms
2026-03-04 16:22:06.789 +06:00 [INF] HTTP OPTIONS /api/Notifications responded 204 in 0.0330 ms
2026-03-04 16:22:06.812 +06:00 [INF] HTTP GET /api/Notifications responded 200 in 4.0305 ms
2026-03-04 16:22:14.246 +06:00 [INF] HTTP OPTIONS /api/auth/logout responded 204 in 0.0238 ms
2026-03-04 16:22:14.276 +06:00 [INF] HTTP POST /api/auth/logout responded 200 in 13.7671 ms
2026-03-04 16:22:30.422 +06:00 [INF] HTTP OPTIONS /api/auth/login responded 204 in 0.0854 ms
2026-03-04 16:22:31.109 +06:00 [INF] HTTP POST /api/auth/login responded 200 in 674.8157 ms
2026-03-04 16:22:31.200 +06:00 [INF] HTTP OPTIONS /api/Notifications responded 204 in 0.0426 ms
2026-03-04 16:22:31.200 +06:00 [INF] HTTP OPTIONS /api/Courses responded 204 in 0.0283 ms
2026-03-04 16:22:31.214 +06:00 [INF] HTTP GET /api/Notifications responded 200 in 4.1055 ms
2026-03-04 16:22:31.261 +06:00 [INF] HTTP GET /api/Courses responded 200 in 44.1722 ms
2026-03-04 16:22:39.191 +06:00 [INF] HTTP OPTIONS /api/courses/4a04c797-2999-4459-960e-e5d8d5493d9e/presentations responded 204 in 0.0431 ms
2026-03-04 16:22:39.192 +06:00 [INF] HTTP OPTIONS /api/Attendance/courses/4a04c797-2999-4459-960e-e5d8d5493d9e/sessions responded 204 in 0.0198 ms
2026-03-04 16:22:39.193 +06:00 [INF] HTTP OPTIONS /api/Courses/4a04c797-2999-4459-960e-e5d8d5493d9e/members responded 204 in 0.0359 ms
2026-03-04 16:22:39.215 +06:00 [INF] HTTP GET /api/Attendance/courses/4a04c797-2999-4459-960e-e5d8d5493d9e/sessions responded 200 in 8.4475 ms
2026-03-04 16:22:39.306 +06:00 [INF] HTTP GET /api/courses/4a04c797-2999-4459-960e-e5d8d5493d9e/presentations responded 200 in 102.9619 ms
2026-03-04 16:22:39.342 +06:00 [INF] HTTP GET /api/Courses/4a04c797-2999-4459-960e-e5d8d5493d9e/members responded 200 in 130.6152 ms
2026-03-04 16:22:46.115 +06:00 [INF] HTTP OPTIONS /api/Courses responded 204 in 0.0240 ms
2026-03-04 16:22:46.211 +06:00 [INF] HTTP GET /api/Courses responded 200 in 83.6973 ms
2026-03-04 16:23:01.233 +06:00 [INF] HTTP OPTIONS /api/Notifications responded 204 in 0.0451 ms
2026-03-04 16:23:01.250 +06:00 [INF] HTTP GET /api/Notifications responded 200 in 4.3469 ms
2026-03-04 16:23:06.356 +06:00 [INF] HTTP OPTIONS /api/presentations/f1f17f7c-554d-48d7-b51b-314151da6892/results responded 204 in 0.0324 ms
2026-03-04 16:23:06.623 +06:00 [INF] HTTP GET /api/presentations/f1f17f7c-554d-48d7-b51b-314151da6892/results responded 200 in 253.0592 ms
2026-03-04 16:23:31.274 +06:00 [INF] HTTP OPTIONS /api/Notifications responded 204 in 0.0360 ms
2026-03-04 16:23:31.299 +06:00 [INF] HTTP GET /api/Notifications responded 200 in 4.8029 ms
2026-03-04 16:23:42.031 +06:00 [INF] HTTP OPTIONS /api/Materials/courses/ac80d30d-540f-4a38-aa5e-22420bf183c7/materials responded 204 in 0.0465 ms
2026-03-04 16:23:42.053 +06:00 [INF] HTTP GET /api/Materials/courses/ac80d30d-540f-4a38-aa5e-22420bf183c7/materials responded 200 in 12.7285 ms
2026-03-04 16:23:48.166 +06:00 [INF] HTTP OPTIONS /api/Materials/courses/ac80d30d-540f-4a38-aa5e-22420bf183c7/materials responded 204 in 0.0405 ms
2026-03-04 16:23:48.262 +06:00 [INF] HTTP GET /api/Materials/courses/ac80d30d-540f-4a38-aa5e-22420bf183c7/materials responded 200 in 46.5639 ms
2026-03-04 16:24:01.319 +06:00 [INF] HTTP OPTIONS /api/Notifications responded 204 in 0.0283 ms
2026-03-04 16:24:01.328 +06:00 [INF] HTTP GET /api/Notifications responded 200 in 4.0033 ms
2026-03-04 16:24:31.342 +06:00 [INF] HTTP OPTIONS /api/Notifications responded 204 in 0.0468 ms
2026-03-04 16:24:31.357 +06:00 [INF] HTTP GET /api/Notifications responded 200 in 4.9942 ms
2026-03-04 16:25:01.380 +06:00 [INF] HTTP OPTIONS /api/Notifications responded 204 in 0.0730 ms
2026-03-04 16:25:01.394 +06:00 [INF] HTTP GET /api/Notifications responded 200 in 4.3941 ms
2026-03-04 16:25:12.076 +06:00 [INF] HTTP OPTIONS /api/courses/ac80d30d-540f-4a38-aa5e-22420bf183c7/grading-formula responded 204 in 0.0251 ms
2026-03-04 16:25:12.393 +06:00 [INF] HTTP POST /api/courses/ac80d30d-540f-4a38-aa5e-22420bf183c7/grading-formula responded 200 in 306.3956 ms
2026-03-04 16:25:12.416 +06:00 [INF] HTTP GET /api/courses/ac80d30d-540f-4a38-aa5e-22420bf183c7/grading-formula responded 200 in 5.8293 ms
2026-03-04 16:25:16.524 +06:00 [INF] HTTP OPTIONS /api/courses/ac80d30d-540f-4a38-aa5e-22420bf183c7/grading-formula/calculate responded 204 in 0.0274 ms
2026-03-04 16:25:17.026 +06:00 [INF] HTTP POST /api/courses/ac80d30d-540f-4a38-aa5e-22420bf183c7/grading-formula/calculate responded 200 in 484.4066 ms
2026-03-04 16:25:17.040 +06:00 [INF] HTTP OPTIONS /api/courses/ac80d30d-540f-4a38-aa5e-22420bf183c7/marks responded 204 in 0.0566 ms
2026-03-04 16:25:17.152 +06:00 [INF] HTTP GET /api/courses/ac80d30d-540f-4a38-aa5e-22420bf183c7/marks responded 200 in 96.9767 ms
2026-03-04 16:25:26.143 +06:00 [INF] HTTP OPTIONS /api/courses/ac80d30d-540f-4a38-aa5e-22420bf183c7/grading-formula/publish responded 204 in 0.0397 ms
2026-03-04 16:25:26.317 +06:00 [INF] HTTP POST /api/courses/ac80d30d-540f-4a38-aa5e-22420bf183c7/grading-formula/publish responded 200 in 167.6113 ms
2026-03-04 16:25:26.331 +06:00 [INF] HTTP OPTIONS /api/courses/ac80d30d-540f-4a38-aa5e-22420bf183c7/grading-formula responded 204 in 0.0385 ms
2026-03-04 16:25:26.332 +06:00 [INF] HTTP OPTIONS /api/courses/ac80d30d-540f-4a38-aa5e-22420bf183c7/marks responded 204 in 0.0321 ms
2026-03-04 16:25:26.347 +06:00 [INF] HTTP GET /api/courses/ac80d30d-540f-4a38-aa5e-22420bf183c7/grading-formula responded 200 in 6.3947 ms
2026-03-04 16:25:26.375 +06:00 [INF] HTTP GET /api/courses/ac80d30d-540f-4a38-aa5e-22420bf183c7/marks responded 200 in 28.9403 ms
2026-03-04 16:25:31.413 +06:00 [INF] HTTP OPTIONS /api/Notifications responded 204 in 0.0775 ms
2026-03-04 16:25:31.435 +06:00 [INF] HTTP GET /api/Notifications responded 200 in 4.7898 ms
2026-03-04 16:25:32.177 +06:00 [INF] HTTP OPTIONS /api/Courses/ac80d30d-540f-4a38-aa5e-22420bf183c7/join-requests responded 204 in 0.0441 ms
2026-03-04 16:25:32.278 +06:00 [INF] HTTP GET /api/Courses/ac80d30d-540f-4a38-aa5e-22420bf183c7/join-requests responded 200 in 88.2841 ms
2026-03-04 16:26:01.451 +06:00 [INF] HTTP OPTIONS /api/Notifications responded 204 in 0.0730 ms
2026-03-04 16:26:01.474 +06:00 [INF] HTTP GET /api/Notifications responded 200 in 5.6637 ms
2026-03-04 16:26:08.166 +06:00 [INF] HTTP OPTIONS /api/Materials/courses/ac80d30d-540f-4a38-aa5e-22420bf183c7/materials responded 204 in 0.0348 ms
2026-03-04 16:26:08.192 +06:00 [INF] HTTP GET /api/Materials/courses/ac80d30d-540f-4a38-aa5e-22420bf183c7/materials responded 200 in 10.4669 ms
2026-03-04 16:26:22.581 +06:00 [INF] HTTP OPTIONS /api/Courses responded 204 in 0.2320 ms
2026-03-04 16:26:22.581 +06:00 [INF] HTTP OPTIONS /api/Courses responded 204 in 0.0868 ms
2026-03-04 16:26:22.673 +06:00 [INF] HTTP GET /api/Courses responded 200 in 74.3989 ms
2026-03-04 16:26:22.695 +06:00 [INF] HTTP GET /api/Courses responded 200 in 96.0917 ms
2026-03-04 16:26:31.508 +06:00 [INF] HTTP OPTIONS /api/Notifications responded 204 in 0.0904 ms
2026-03-04 16:26:31.522 +06:00 [INF] HTTP GET /api/Notifications responded 200 in 6.8901 ms
2026-03-04 16:27:01.537 +06:00 [INF] HTTP OPTIONS /api/Notifications responded 204 in 0.0470 ms
2026-03-04 16:27:01.556 +06:00 [INF] HTTP GET /api/Notifications responded 200 in 5.3333 ms
2026-03-04 16:27:31.589 +06:00 [INF] HTTP OPTIONS /api/Notifications responded 204 in 0.1252 ms
2026-03-04 16:27:31.614 +06:00 [INF] HTTP GET /api/Notifications responded 200 in 9.4479 ms
2026-03-04 16:28:01.636 +06:00 [INF] HTTP OPTIONS /api/Notifications responded 204 in 0.0892 ms
2026-03-04 16:28:01.661 +06:00 [INF] HTTP GET /api/Notifications responded 200 in 7.6912 ms
2026-03-04 16:28:31.687 +06:00 [INF] HTTP OPTIONS /api/Notifications responded 204 in 0.0525 ms
2026-03-04 16:28:31.714 +06:00 [INF] HTTP GET /api/Notifications responded 200 in 5.3776 ms
2026-03-04 16:29:01.743 +06:00 [INF] HTTP OPTIONS /api/Notifications responded 204 in 0.0795 ms
2026-03-04 16:29:01.767 +06:00 [INF] HTTP GET /api/Notifications responded 200 in 5.7341 ms
2026-03-04 16:29:16.127 +06:00 [INF] HTTP OPTIONS /api/Courses responded 204 in 0.0564 ms
2026-03-04 16:29:16.132 +06:00 [INF] HTTP OPTIONS /api/Courses responded 204 in 0.0338 ms
2026-03-04 16:29:16.216 +06:00 [INF] HTTP GET /api/Courses responded 200 in 78.0117 ms
2026-03-04 16:29:16.238 +06:00 [INF] HTTP GET /api/Courses responded 200 in 88.9045 ms
2026-03-04 16:29:17.758 +06:00 [INF] HTTP OPTIONS /api/auth/logout responded 204 in 0.0414 ms
2026-03-04 16:29:17.797 +06:00 [INF] HTTP POST /api/auth/logout responded 200 in 27.6830 ms
2026-03-04 16:29:34.456 +06:00 [INF] HTTP OPTIONS /api/auth/login responded 204 in 0.0739 ms
2026-03-04 16:29:35.103 +06:00 [INF] HTTP POST /api/auth/login responded 200 in 629.2884 ms
2026-03-04 16:29:35.229 +06:00 [INF] HTTP OPTIONS /api/Notifications responded 204 in 0.0413 ms
2026-03-04 16:29:35.229 +06:00 [INF] HTTP OPTIONS /api/Courses responded 204 in 0.0284 ms
2026-03-04 16:29:35.243 +06:00 [INF] HTTP GET /api/Notifications responded 200 in 6.1496 ms
2026-03-04 16:29:35.302 +06:00 [INF] HTTP GET /api/Courses responded 200 in 58.7725 ms
2026-03-04 16:29:43.236 +06:00 [INF] HTTP OPTIONS /api/auth/logout responded 204 in 0.0378 ms
2026-03-04 16:29:43.295 +06:00 [INF] HTTP POST /api/auth/logout responded 200 in 49.9792 ms
